month_key,project_id,company_key,client_key,region_key,fx_rate,progress_pct,earned_revenue_pln,invoiced_revenue_pln,cash_received_pln,direct_material_cost_pln,direct_labor_cost_pln,subcontractor_cost_pln,equipment_cost_pln,other_direct_cost_pln,overhead_allocated_pln,fx_gain_loss_pln,total_cost_pln,wip_pln,eac_cost_pln,eac_margin_pct,dso_days,invoice_count,purchase_orders_count,headcount,labor_hours,safety_incidents,claim_risk_score
202410,P001,1,2,1,1.0,2.4984038423860464,5356775.463665671,5064413.739147912,0.0,2288075.2857987867,157547.2698705463,191100.335200906,113240.65567581358,282165.8981572689,859353.4313903259,0.0,3891482.876093647,292361.72451775894,188163440.9274605,0.1224043886132021,27.044662303006024,6,10,18,3096,0,60.18307646276956
202411,P001,1,2,1,1.0,2.4984038423860464,0.0,0.0,5235590.387422635,3487398.1593174096,256458.3370015575,295872.62059095764,212177.3819944072,434350.13234401454,851049.131388722,0.0,5537305.762637069,292361.72451775894,193700746.6900976,0.0965783556057036,35.11346189048131,1,9,9,1572,0,57.2613542394986
202412,P001,1,2,1,1.0,2.4984038423860464,0.0,0.0,0.0,4816596.263808096,368189.5953811561,411103.5977215105,374358.1566260615,589428.0537717895,879469.6250032791,0.0,7439145.292311893,292361.72451775894,201139891.98240945,0.0618821296607362,43.12146229994635,3,10,11,1901,1,61.945759344379326
202501,P001,1,2,1,1.0,4.373943715613629,4021305.8447897336,3724921.783769492,0.0,5573228.658169942,549351.1696754859,659090.5547269104,653250.1420845088,735430.9810755189,874570.8621815896,0.0,9044922.367913956,588745.7855379991,206867009.34517577,0.035170814015746,34.735547609815995,4,11,12,2034,1,32.250679300857
202502,P001,1,2,1,1.0,5.026952267748621,1400101.9892364005,1304290.7483386835,3845549.541405689,7010172.060626085,719106.7759855832,892400.4628920835,964143.3348831928,968173.3670526856,878308.4806045747,0.0,11432304.482044203,684557.0264357142,217142061.9633152,-0.0127521036349994,41.20270869813892,3,20,17,2808,1,16.2662457167469
202503,P001,1,2,1,1.0,9.71565284669779,10052944.92094726,9734893.576959904,1358742.4644893834,8119772.91741918,993027.5432786868,1192551.109846281,1368371.0274632424,1103130.0418137105,848338.9262002598,0.0,13625191.56602136,1002608.3704230712,222426330.7386205,-0.0373979703545821,20.45142279546586,19,15,20,3172,0,46.63792299342457
202504,P001,1,2,1,1.0,15.618250356509805,12655635.96086138,11909965.763532104,10130606.185463434,8681762.128094042,1243095.4877884816,1636529.6377492924,1805392.2740752825,1276511.812454048,842259.0687344297,0.0,15485550.408895576,1748278.5677523464,227332434.398525,-0.0602800723172088,26.38564245423628,12,12,19,3075,0,45.17911852098362
202505,P001,1,2,1,1.0,29.644781281980244,30073991.81316893,30563530.09665547,12665670.753945682,8290082.626038263,1394837.0452338278,1819377.3247715093,2145840.4455858977,1500559.4181577151,862803.1301764062,0.0,16013499.989963615,1258740.2842658088,217852089.6259863,-0.0160636776456149,30.4726646938417,51,16,17,2901,0,26.73990288329453
202506,P001,1,2,1,1.0,42.447685613500425,27450439.60597188,26901530.241480336,28352169.90223337,7832047.455366382,1736039.7927131231,2264425.3245458044,2568845.6166777727,1622454.079787464,841337.8514311322,0.0,16865150.12052168,1807649.6487573527,211012926.62996548,0.0158342266512176,34.329795844603275,34,11,23,3832,0,40.45237555619802
202507,P001,1,2,1,1.0,58.29166080935835,33970736.09006439,33489273.81511005,25205368.065974467,7066165.884053873,1835597.7271356285,2315604.4355188794,2441789.110186791,1751324.7706551133,910461.587339651,0.0,16320943.514889937,2289111.923711688,197424993.1019429,0.0792084441571851,42.90638411091138,43,20,24,3893,0,34.647722361655255
202508,P001,1,2,1,1.0,71.46610751449766,28247055.84428759,24900203.77398374,35483633.33752453,5815094.418844236,1760576.4486487736,2778751.629171898,2573576.332292422,1664050.941551368,881569.1413419817,0.0,15473618.911850682,5635963.994015545,187545489.8488665,0.125286516788329,36.31546838697204,24,8,29,4836,0,47.29530430541944
202509,P001,1,2,1,1.0,82.27461763549697,23174300.6605594,23381860.68168436,26424542.01427736,3887608.067788528,1804825.6449212828,3135366.0217609,2340614.8557976545,1581043.5806057914,837345.4380544928,0.0,13586803.608928649,5428403.972890586,179953351.76099104,0.1606963022074352,39.79518811963971,23,5,34,4897,0,41.94400217184149
202510,P001,1,2,1,1.0,91.48271532074185,19742889.804495744,16687859.51079066,21002648.59382168,3076712.437872045,1673880.3596278925,2977262.2086080816,1968579.887534157,1540071.6935085268,898615.5692388082,0.0,12135122.15638951,8483434.266595691,173783101.58352515,0.1894743924156718,32.52977912504853,17,8,34,5923,0,35.42882594598042
202511,P001,1,2,1,1.0,91.48271532074185,0.0,0.0,15823603.643634632,2048514.221090436,1350887.6493927203,2762198.35426435,1474180.7114011713,1407008.1902190235,862768.9790988833,0.0,9905558.105466584,8483434.266595691,183688659.68899173,0.1432747997697992,19.97025317121637,1,6,31,4735,1,37.85850991531399
202512,P001,1,2,1,1.0,96.9318111736342,11683292.536109462,10550089.80983917,0.0,1337006.7165300052,1205393.747953509,2451171.787158578,1080612.71468102,1323995.5372229912,871374.2495885339,0.0,8269554.753134638,9616636.99286601,181125604.7240629,0.1552289061460313,21.738256665293093,12,5,19,3249,0,20.78284126588584
202601,P001,1,2,1,1.0,97.43809355370598,1085509.4701842647,1048273.4226154032,10540730.901812231,809934.1676799905,994084.582982312,2313904.8962666253,639648.1640072848,1153129.7449450197,895334.1663887793,0.0,6806035.722270011,9653873.040434867,186925168.99152467,0.1281796976281964,29.645618192670884,3,3,23,3853,0,37.55817444349222
202602,P001,1,2,1,1.0,97.85171156077332,886829.7246423558,852973.9890979427,1099820.2513118142,426310.6805725049,701075.7829738148,2073734.7922868603,404524.0013229561,964674.4094310222,880636.5675877689,0.0,5450956.234174928,9687728.77597928,191553867.2651344,0.1065914163375736,35.44488558779741,5,8,30,4897,0,0.0
202603,P001,1,2,1,1.0,100.0,4606100.344904891,10272634.037426936,858058.4312374139,227907.49087053136,530384.5100140591,1556755.6651029433,223181.9278327718,716661.7418935013,856400.6621319992,0.0,4111291.9978458057,4021195.083457232,191394437.8713537,0.1073349961510502,39.90516825482487,19,3,17,2730,0,49.93516379020326
202409,P002,1,7,5,1.0,3.868327583598172,6770771.445913588,6874116.181394004,0.0,894458.3720714839,122079.55155444758,142306.64784561333,259515.4674876493,69649.83119938715,1363174.7157979277,0.0,2851184.5859565088,-103344.73548041657,157780145.05234852,0.0985587209290802,25.48527294028657,6,3,11,1788,0,26.09818950998916
202410,P002,1,7,5,1.0,4.526693028834627,1152343.4510778545,950352.677376208,6812539.657934679,1464491.0090026562,205872.14540138733,247426.85327811667,541561.9058094368,82910.10827981427,1386387.078731851,0.0,3928649.100503262,98646.0382212298,160731913.6397092,0.081694456733931,34.92392577283248,5,6,17,2875,1,54.18476171946703
202411,P002,1,7,5,1.0,8.005184149179193,6088436.88739145,5677686.993554334,895898.4944607263,2144599.3493996686,303949.20647825894,390504.7386761956,771698.3667312778,121137.82923217556,1409889.9426980074,0.0,5141779.433215584,509395.9320583455,160693051.39397967,0.0819164874114055,23.253006607692324,10,8,16,2670,0,66.41981403884185
202412,P002,1,7,5,1.0,9.68194754643708,2934855.3053892776,2765206.837883558,5995548.115618103,2354763.286347009,421299.2882560028,621125.6680362446,1447074.421733678,154126.01999616498,1388797.4177106402,0.0,6387186.10207974,679044.399564065,164571399.32029784,0.0597584211083079,15.0,14,10,32,4785,0,59.13272778251473
202501,P002,1,7,5,1.0,14.052887366631234,7650498.538918831,7691674.87466495,2354883.117391102,3441937.060314652,576575.7533942298,804244.560377933,2623674.3337912103,201213.8715323773,1336621.7637914948,0.0,8984267.343201896,637868.0638179444,166980303.05342236,0.0459956928409075,29.786141520748,12,11,15,2257,0,48.02087681633019
202502,P002,1,7,5,1.0,18.91788385585533,8515250.738684598,9088120.246989563,7313082.701247469,2932508.6040020552,879654.4622530509,1151676.314522907,2994708.0811523222,196460.4451724905,1421650.233793549,0.0,9576658.140896374,64998.55551297963,169178206.42522675,0.0334384675569766,16.865414339824966,12,12,12,2038,0,26.663457365432063
202503,P002,1,7,5,1.0,26.93028635271219,14024186.128627645,13977704.487086948,9430033.389890566,3591184.866379827,817573.0900955395,1115451.9738700455,4078640.201097218,249573.63092803053,1365920.3939856798,0.0,11218344.156356338,111480.19705367088,168105962.01627055,0.0395644941946466,36.43769572168244,11,5,12,1821,0,50.62322333151972
202504,P002,1,7,5,1.0,36.44488986160233,16653503.190973392,17061615.36847135,14138425.471787626,3286180.897361078,1093249.7957331792,2079414.410925988,5748068.083298451,309619.0570476671,1404497.3133042215,0.0,13921029.557670584,-296631.98044428974,167208818.2265628,0.044690122929722,35.99525825593892,23,3,16,2280,0,27.52702930729894
202505,P002,1,7,5,1.0,46.133306621025326,16957730.216269605,16944261.02510478,17135898.39817511,3526554.58269433,1148679.07567472,2070470.0919789013,6088536.582686544,367648.8500292155,1393131.384292494,0.0,14595020.567356205,-283162.7892794609,166465854.77781445,0.0489348770546498,26.15935956961165,27,8,28,4648,0,56.38353153761659
202506,P002,1,7,5,1.0,55.820009609365314,16954730.586051397,17442320.28486069,15941834.863493914,2864412.082223732,1376293.3470025947,2272186.9655277496,6057128.402427623,340860.92114213406,1464976.651523158,0.0,14375858.369846992,-770752.4880887568,165255142.60286087,0.0558520080486338,43.54382749822197,20,8,38,6488,1,22.161642887752723
202507,P002,1,7,5,1.0,63.75614655665356,13890697.794414278,13438236.761340622,17632032.368560333,1872120.2777153377,1442237.0399614228,2829826.2162214657,7180732.741474545,324884.8325600472,1379347.4852041902,0.0,15029148.593137007,-318291.4550150931,167327236.69818538,0.0440135656956691,21.072752840864588,24,6,22,3613,0,28.87529557407683
202508,P002,1,7,5,1.0,72.30548623091708,14963992.499848371,14727379.711953135,13608658.902690662,1954564.0652553283,1374635.1691526417,2653542.9323616894,5769329.008380492,391527.0491966359,1395828.626826543,0.0,13539426.851173332,-81678.66711986065,166719739.67568377,0.047484362942141,27.683709340677087,22,7,36,5494,0,35.49734617352304
202509,P002,1,7,5,1.0,80.00494394320667,13476435.824211916,14125681.08191275,16200117.68314845,1437252.134310238,1382369.355861603,2499606.574632498,4481775.387202646,310393.76044980227,1377441.9935557016,0.0,11488839.20601249,-730923.9248206913,165300340.6089655,0.0555937794329807,18.09853277300388,28,7,28,4693,0,64.65234701134982
202510,P002,1,7,5,1.0,84.65193878704174,8133680.335490046,8436892.477454972,13911709.044135235,925665.9027652976,1227072.810884864,2926958.697065852,3144858.425307534,300228.7800812818,1388761.096517959,0.0,9913545.712622788,-1034136.0667856038,167250930.62725118,0.0444495232248055,28.81931219281765,15,5,20,3471,0,18.01451643852473
202511,P002,1,7,5,1.0,89.06171639697385,7718476.700565513,8142471.124679607,8100073.090234429,617504.8352711777,876109.4922498643,2389185.647182791,2470683.2707071262,274421.4186703356,1375152.3223520443,0.0,8003056.986433339,-1458130.490899682,167697520.49680057,0.0418980327118949,27.4032409866602,10,3,40,5943,0,22.738594216566568
202512,P002,1,7,5,1.0,93.3611560487986,7525351.097831823,7229024.231642103,8956718.23714757,320759.5598813218,766155.0768306513,2116694.9767004694,1515653.6754503008,195685.21035049408,1399699.0304705466,0.0,6314647.529683784,-1161803.6247099638,166644772.8370156,0.0479126690697245,30.426855045958376,7,5,33,5709,0,39.03434943181185
202601,P002,1,7,5,1.0,94.38000527279029,1783301.720036216,1678526.3504351515,7023277.906515108,175541.99422996506,577533.4472421063,1835033.420657501,1115238.6560089716,199651.0103988871,1480000.8132115048,0.0,5382999.341748936,-1057028.255108893,170281901.67481536,0.0271327536335704,17.265555379225678,8,1,29,4470,0,56.59220357016799
202602,P002,1,7,5,1.0,100.0,9836731.508085508,12293187.400555477,1466370.9309223422,92765.37063770008,399287.3478828571,1702411.62535474,594354.3384588165,159265.86218059584,1375186.381377489,0.0,4323270.925892198,-3513484.1475788653,164974912.50378734,0.057453039527336,41.329166475326616,22,1,49,7923,0,89.97748864063408
202311,P003,1,7,1,1.0,1.3811704718771038,5367276.501879858,0.0,0.0,6682882.650743156,214393.0786798724,184840.63342301824,198044.44577251413,997210.4433529192,264211.0349508281,0.0,8541582.286922308,5367276.501879858,322015832.2272855,0.1713511334966923,25.82704001959676,2,16,14,2260,0,12.045419568903643
202312,P003,1,7,1,1.0,1.3811704718771038,0.0,0.0,0.0,10334148.332802445,372102.08996018127,318792.90322735626,417519.2806569072,1530980.940812991,271982.45676765946,0.0,13245526.004227538,5367276.501879858,335261358.231513,0.1372661941515479,51.64159999638971,2,26,20,3183,0,51.08060134992817
202401,P003,1,7,1,1.0,2.902193318723328,5910747.696194995,4864332.613595413,0.0,13385144.974651927,625106.4601460476,491002.9344597854,871994.1843473125,2230321.7941407934,273251.4528172529,0.0,17876821.80056312,6413691.58447944,348512425.0854607,0.1031669964427437,22.697639160706085,5,33,14,2343,1,48.23244445793708
202402,P003,1,7,1,1.0,2.9324734833893342,117669.77327862132,0.0,0.0,16546227.466676949,958771.7640830396,767102.6272505459,1497845.1815263042,2649438.9023704263,277430.41766870435,0.0,22696816.35957597,6531361.357758062,371117086.5185053,0.04499803330629,39.53105922729415,3,35,19,2855,0,23.699384924500684
202403,P003,1,7,1,1.0,11.703088722089056,34082915.929794855,5970697.973265021,5225174.212662674,20092208.053701784,1155443.1755852408,1173770.0839874984,2500354.984727511,3191158.968797361,268089.6939431715,0.0,28381024.960742567,34643579.3142879,372696288.6263008,0.0409342454249515,44.38603599774541,12,24,15,2138,1,45.17681205234656
202404,P003,1,7,1,1.0,19.107874797434864,28775256.28652962,107772.82384167012,0.0,21863630.837941144,1647568.5399431088,1280589.991899242,3149847.051638645,4324952.0116906585,268467.69295804703,0.0,32535056.12607084,63311062.77697585,382433783.0819745,0.0158765838576128,47.887377100407946,0,33,16,2588,0,53.45559470449008
202405,P003,1,7,1,1.0,31.75657136703281,49153274.89237851,30395741.477415808,6018641.694984531,23505175.12865838,2119341.3723395853,1951328.7678103049,4145268.913249994,5487047.478462066,271997.0967047946,0.0,37480158.757225126,82068596.19193855,380612621.1743864,0.0205630110435182,37.93897256795314,32,30,29,4928,0,51.93768327017561
202406,P003,1,7,1,1.0,48.763482422600376,66089447.99844424,28585116.549708147,102858.52305400904,20142632.82132923,2158292.795944136,2017442.7137348864,4374288.882687853,5042911.912149465,284676.3837154865,0.0,34020245.509561054,119572927.64067464,361076091.8540458,0.0708366971686226,41.085986306530174,41,52,16,2290,0,12.2395727198341
202407,P003,1,7,1,1.0,67.63552742526375,73337423.40114786,45980880.01406283,29181411.340150915,14830852.927148804,2360709.738949415,2392520.3126322445,4716780.994840048,5172785.840828482,272138.1280127501,0.0,29745787.942411743,146929471.02775964,330433200.91334003,0.1496905742242016,45.84775007707126,33,24,22,3132,0,33.31488398585758
202408,P003,1,7,1,1.0,77.44598814651947,38123791.649157375,52597000.37076327,26551562.11316112,12882204.443733584,2511289.18048797,3025446.644814041,4360510.120435204,5434546.090931185,281002.50426727126,0.0,28494998.984669257,132456262.30615371,327137419.3427857,0.1581716654916481,44.823699884137696,69,14,10,1672,0,39.60895830576308
202409,P003,1,7,1,1.0,90.83976006848452,52048663.63136222,67507035.60702346,46649573.19684174,7657728.625426082,2317697.1192978006,2721803.454951119,3232539.6365499515,4985260.3847629605,265174.0909573655,0.0,21180203.31194528,116997890.33049244,304334693.7057333,0.2168503106428361,38.19210379803232,121,10,23,3295,0,44.67491642834253
202410,P003,1,7,1,1.0,93.17634827329286,9080063.04912767,36336859.992662735,53548147.869045496,5186342.961749146,1931075.535366932,2731493.224230222,2111451.766500954,4765979.801846204,276054.79963920807,0.0,17002398.089332666,89741093.3869574,313649899.67499053,0.1928793312835927,45.41676153696196,60,9,22,3373,0,56.7659733416896
202411,P003,1,7,1,1.0,98.62493926700051,21173414.14715929,52727766.02649552,67087753.109127976,2829441.520731064,1538672.8092043428,2517129.7018071967,1549078.3123602553,4045220.293846622,274819.5049257618,0.0,12754362.14287524,58186741.50762117,308478824.3504714,0.2061861481460679,56.72836463267844,59,4,24,3916,0,29.243144456388507
202412,P003,1,7,1,1.0,100.0,5343533.844055776,8768023.489751542,37701181.02932643,1506580.8645261845,1154962.6893212085,2180953.920546908,777599.0267259378,3037246.594096638,275493.862457675,0.0,8932836.957674552,54762251.86192542,312887819.2337973,0.1948404059593664,44.725934834965,17,5,32,4986,0,46.69468145971052
202501,P003,1,7,1,1.0,100.0,0.0,32284371.06413029,53962529.67617066,641352.4582693023,780026.0426855751,1562545.2871750433,458302.7791533352,2822664.360887436,291055.7815122023,0.0,6555946.709682895,22477880.79779512,319443765.9434802,0.1779698757985996,47.95993818886021,47,2,28,4128,0,11.5363222183832
202405,P004,1,8,6,1.0,0.5619777765328751,500206.2609641516,0.0,0.0,304883.1086588057,71928.56406480185,30969.863514899047,21528.44621417796,129049.66223773731,838993.6162960777,0.0,1397353.2609864995,500206.2609641516,72389811.70518675,0.1867061930152475,23.70612358983601,1,2,18,2737,0,60.24545906009792
202406,P004,1,8,6,1.0,2.035069981487005,1311172.7450176815,488849.0578555415,0.0,380519.4300476293,93090.90520868923,44236.41823364252,40007.2972046322,184553.8863940644,825899.4884723235,0.0,1568307.425560981,1322529.948126292,72971387.18391061,0.1801722385263672,32.183548053191124,1,4,13,2275,0,15.968990789599577
202407,P004,1,8,6,1.0,2.035069981487005,0.0,1165154.5216673233,448883.16320444655,527386.8020318951,137540.43533502126,57895.88745795866,66916.6237354386,241135.19991337528,857165.6113635238,0.0,1888040.5598372128,157375.42645896832,74859427.74374782,0.1589602522194377,25.192735719252013,2,2,24,3667,0,22.34005601274816
202408,P004,1,8,6,1.0,2.035069981487005,0.0,0.0,1160822.958607908,625277.7493134085,155274.696616546,78474.6793803373,99416.55012449156,258641.6925367598,888989.5345607195,0.0,2106074.9025322627,157375.42645896832,76965502.64628008,0.1352986673233303,25.51411714005197,2,3,8,1337,0,45.875978934801225
202409,P004,1,8,6,1.0,3.821183981799771,1589787.7870974988,0.0,0.0,791506.0851254102,244529.81837802764,95096.8255072815,118160.01064800224,352497.1681338966,896798.0387025176,0.0,2498587.946495136,1747163.213556467,78265064.50262386,0.1206981926893802,26.42531892001872,3,6,15,2141,0,31.0428300748073
202410,P004,1,8,6,1.0,7.317336988241912,3111862.5969521743,1613924.1296651878,0.0,935282.7764487962,212993.6342710041,131763.19777675046,164181.69731313136,405220.4984646415,880433.7498487451,0.0,2729875.554123068,3245101.680843454,78639644.03282239,0.116489821304545,33.160854934418566,6,3,17,2628,0,35.127886628434844
202411,P004,1,8,6,1.0,7.415693328040198,87545.20023220449,2827703.650398925,1639451.212009415,1080076.2845751373,349455.3895168489,142848.75301058838,262531.1036079665,446530.8374643458,854022.4391932606,0.0,3135464.807368147,504943.23067673296,81708688.77590454,0.0820093464405803,23.046671542990545,5,4,21,3333,0,56.41303607239421
202412,P004,1,8,6,1.0,12.298581472266056,4346170.477413035,90614.50011642608,2897173.9310707115,1127221.4104012512,385865.5274930336,225792.95146607203,289806.0613848331,556032.098577466,860670.1791149498,0.0,3445388.228437606,4760499.207973341,81845712.15418309,0.0804698996269883,31.23405308065898,3,4,25,3767,0,43.968364019976455
202501,P004,1,8,6,1.0,17.210394314321626,4371915.8281281125,4220713.018257536,94267.97800617268,1342309.3827905538,500386.6055337105,218541.63933981687,403509.6288553486,627437.0929570462,850070.0375827781,0.0,3942254.387059255,4911702.017843919,82438347.06024161,0.0738116933470312,15.0,9,6,24,3534,0,61.48007432608845
202502,P004,1,8,6,1.0,21.61002152423188,3916028.65487442,4488911.984575668,4332834.786917695,1229402.726754845,523103.69633514737,267347.5111829774,473516.6218463596,704379.5213156387,874972.6243660296,0.0,4072722.701800997,4338818.68814267,83492294.67764147,0.061970675254478,31.86069479403547,8,5,16,2500,0,52.58556251729275
202503,P004,1,8,6,1.0,34.15560999765967,11166601.53468038,4174267.349160672,4443797.734753562,1068927.4915236563,708553.6101355789,332075.96018002863,524257.7555020172,751078.060298152,837644.0864448616,0.0,4222536.964084295,11331152.873662377,79011061.40981671,0.1123169764607675,39.95232623397573,6,3,22,3126,0,45.08082742775692
202504,P004,1,8,6,1.0,44.36421767684745,9086497.17140146,11985210.56827507,4338517.35966054,1012667.1849032176,672577.8378572358,397890.5264484501,531229.3769726824,716818.0476970116,899718.7294272035,0.0,4230901.7033058,8432439.476788767,76054957.00316116,0.1455285755808829,47.03283693535273,10,3,28,4889,0,79.6657640274486
202505,P004,1,8,6,1.0,56.24084610107024,10571172.286549512,9069258.936722038,11771468.616226705,811614.3618363694,797438.3895520554,416913.3599142472,578880.8369652522,840531.9831035814,864638.596741094,0.0,4310017.5281126,9934352.826616235,71885582.67684087,0.1923711662538264,27.542726346787,18,5,37,5223,0,26.591549504752034
202506,P004,1,8,6,1.0,66.53760856640305,9164962.153123232,11389250.872520303,8274841.44632306,778296.3979335494,780008.5172644628,496066.1856707765,535574.9855332033,775986.0765549727,830133.1940493612,0.0,4196065.357006326,7710064.10721916,68627434.07830773,0.2289762079717784,16.71336809807113,11,6,34,5736,1,50.59970200504235
202507,P004,1,8,6,1.0,76.61905191424752,8973310.49860866,9077436.464468712,9614879.649680614,637874.9837739224,719772.0095974763,444845.1573330037,476959.3429286344,676727.7042256424,850354.8608065508,0.0,3806534.05866523,7605938.141359113,65043150.850602016,0.2692453464445272,29.419682519645427,11,3,47,7132,0,0.0
202508,P004,1,8,6,1.0,80.82531612265225,3743919.742332358,8628967.739775993,9262811.316284604,541871.0969596121,723792.8181607138,483384.42468511336,485494.6010573418,767146.4395413377,872678.3440943204,0.0,3874367.72449844,2720890.1439154744,65799682.641536176,0.2607457716306069,34.8875346863144,10,5,26,4336,0,59.6109817855104
202509,P004,1,8,6,1.0,86.21896222596888,4800786.904686526,3658165.265253318,9387907.304208294,373502.6536057644,681951.2223263136,501268.92842944496,395811.1364628439,780334.9557128164,861090.2505627059,0.0,3593959.147099889,3863511.78334868,65350045.268461615,0.2657974119415353,22.67531965628727,9,7,8,1365,0,33.403473615632414
202510,P004,1,8,6,1.0,90.6966860905342,3985541.075560921,4922408.002904397,3756501.595570958,318852.0756814385,523351.4630371437,469271.3447670928,351236.34633529745,712748.8491647724,859266.1822265838,0.0,3234726.2612123284,2926644.8560052067,65227838.521791816,0.2671703950713033,16.6244303383534,8,4,10,1625,0,67.95633482707193
202511,P004,1,8,6,1.0,94.22460744900076,3140139.032865989,3756658.510783762,5056363.903556671,209454.70709031585,455426.9017540492,444251.0137730437,249908.2049089012,691507.2029177066,857643.2878643076,0.0,2908191.318308324,2310125.378087431,65491160.25553982,0.2642119962268096,44.93775241190672,7,8,9,1456,0,9.202359648267516
202512,P004,1,8,6,1.0,96.6587669031953,2166601.3319691643,2918126.590819392,3919603.5739513263,147275.404245298,434867.4793204378,440491.1315472951,213933.52069587627,644685.3673071101,869054.6791116396,0.0,2750307.5822276566,1558600.1192371994,66416587.50450305,0.2538148943050373,32.42922923335792,5,2,40,5698,1,50.4722179110796
202601,P004,1,8,6,1.0,100.0,2973971.18561072,1996337.8374173453,3062599.646289969,93382.52935079728,408760.5560780599,444218.0610602343,133636.17994543308,458370.0181508883,875668.4361875724,0.0,2414035.7807729854,2536233.4674305767,66325713.19949504,0.2548358599317756,33.39014516259285,6,6,28,4029,0,41.5709592964631
202602,P004,1,8,6,1.0,100.0,0.0,3006564.2172969487,2057332.0651411747,67208.31448592135,308609.42455902364,326422.84238899575,104551.67574139616,469575.21824663103,869083.3214321219,0.0,2145450.79685409,-470330.7498663664,68471163.99634913,0.2307318899784057,35.52507554958396,5,8,37,5566,0,40.0736605726505
202603,P004,1,8,6,1.0,100.0,0.0,0.0,3051586.049586087,40798.31090344582,222863.3822219665,295139.5320907908,62119.95106390935,419061.7694239472,863274.639697059,0.0,1903257.5854011187,-470330.7498663664,70374421.58175024,0.2093489415932453,31.042858954044792,2,3,47,7163,0,58.558329982179394
202604,P004,1,8,6,1.0,100.0,0.0,914854.995978467,0.0,27178.92787283095,176695.62590326587,259711.44304551405,42181.28425909716,345380.39612149564,859235.3087329789,0.0,1710382.9859351823,-1385185.745844826,72084804.56768543,0.190132924072737,38.53122649562678,4,3,20,3435,0,39.88378403572861
202310,P005,1,9,4,4.2398836411420096,0.1244364079728003,475624.33373928047,0.0,0.0,5181260.483534202,133123.77739378286,251283.70702308608,94741.2860479342,348137.7497848375,2167049.814728732,14783.918735618316,8190380.737248193,475624.33373928047,329800578.67631614,0.1371509730129185,99.14468184431684,3,11,13,1928,0,78.72073030585334
202311,P005,1,9,4,4.252083341481663,5.118178317410151,19087220.5911089,451183.7372432429,0.0,6821811.861955417,229970.7063504113,487782.6610430615,157553.1184860504,460227.9321070513,2214877.916801636,26677.863202692035,10398902.05994632,19111661.187604938,324360362.0919375,0.1513840759543088,93.99607825314672,1,16,14,2208,0,14.58439174525865
202312,P005,1,9,4,4.236359366845551,5.878924039472968,2907743.66679103,18287045.41056532,0.0,9976074.443525605,339656.5182497533,760666.3984693314,271423.19160176005,572919.5860691564,2164359.8466169247,26339.16070724134,14111439.145239769,3732359.443830647,336056643.6254268,0.1207833863465348,99.917310956457,26,10,23,3906,0,48.25267839503625
202401,P005,1,9,4,4.218956830084483,6.253912143904032,1433290.065469952,2724457.9914682275,0.0,13624022.00165112,525025.6701566161,1039130.291714554,526005.6681381322,763604.0849135089,2146968.9712262712,16553.591305855996,18641310.27910606,2441191.5178323686,353507253.3456243,0.0751277914478316,89.63526523149469,7,18,8,1395,0,59.94638366307156
202402,P005,1,9,4,4.226127027555769,9.428433987185896,12133746.555764956,1512048.400243651,437640.5625205365,17030477.50463372,677450.183703513,1629719.9149605671,877666.3031065812,947336.7430962576,2241329.9178070235,31247.33397193176,23435227.901279595,13062889.673353672,366856677.1567886,0.040202026937254,95.70574570542932,3,17,24,4130,0,64.34768088066869
202403,P005,1,9,4,4.228952913299585,11.853831317944152,9270421.802492704,10579224.781481223,19113550.957738925,18546700.92752765,1009590.8376379454,2078040.8634637373,1028088.3719510146,1050494.5526200072,2282144.3058822216,38972.14131566136,26034032.00039824,11754086.69436516,385178039.62057614,-0.0077316966432376,75.35668756829425,13,24,20,3380,0,68.69170298371868
202404,P005,1,9,4,4.212853793946471,19.85196662829432,30570697.435861547,9175342.635989536,2440780.5856498685,18172217.05814862,1097499.3108981587,2665548.94187232,1384340.9782572847,1374257.9237334116,2331726.900921944,13846.914342109803,27039438.02817385,33149441.49423717,386741264.5010516,-0.0118215229027726,90.23764062807462,13,18,14,1996,0,33.764248549986064
202405,P005,1,9,4,4.188078326134303,32.401847247024094,47968506.20355089,29139805.555110574,1337767.02272965,19040386.4172986,1138467.704652162,3357277.1568732173,1441400.86886844,1754760.3876416984,2234622.277280019,-27342.90248347713,28939571.91013065,51978142.142677486,375574775.4347668,0.0173930838889335,101.94530340934014,34,47,15,2245,0,48.12243137849997
202406,P005,1,9,4,4.205806456330536,43.23102588309293,41391590.75412823,44517402.07020664,9910921.760203348,15489884.853600506,1307707.9753704534,3888350.318590478,1824153.281444137,1604029.6341372016,2067686.0592205927,2485.053085013015,26184297.17544838,48852330.82659906,367022993.4949663,0.0397668976505053,99.5886280465322,45,34,28,4723,0,29.182328141646583
202407,P005,1,9,4,4.204752668424931,59.261623489918925,61272600.44227338,37424388.18636709,9280920.55262718,16889825.436150108,1421783.0419697452,4930098.340057631,2064022.449563997,1813151.928938444,2199130.408235017,1048.4649985913989,29319060.069913536,72700543.08250535,344702450.6410672,0.0981635771245349,84.46193822302179,56,20,35,5587,0,41.00679819861611
202408,P005,1,9,4,4.154963520284219,65.42446004080641,23555766.967338488,52899134.43950906,22943691.3253547,13368319.717562916,1442575.0619701722,4829295.399485799,2020166.7213444435,1902571.671131498,2206381.9373624786,-68071.49781071224,25701239.011046592,43357175.610334784,350481604.6458209,0.0830437206651432,99.18246546367752,61,27,28,4517,0,65.84396389862252
202409,P005,1,9,4,4.125745625408009,77.99505416872711,48047677.96018408,22590510.11002505,44622672.147416085,8823512.621021098,1584283.8610315616,5402345.047837957,1712573.154059086,1806537.2046268696,2288938.0035410235,-84843.50540508573,21533346.386712503,68814343.46049383,331259129.8420827,0.1333350019820499,87.42471369831988,35,16,45,7575,0,38.025697896347225
202410,P005,1,9,4,4.146175141706791,86.04399549567842,30764889.61956031,44635381.25780089,36210535.27458023,6385556.482932339,1275663.9460041411,4934596.510097002,1492376.097523044,1614383.1467740587,2249565.9197947755,-49915.5236014456,17902226.579523917,54943851.82225323,322937972.140796,0.1551054393014095,99.6361375713252,52,11,33,5213,0,35.76665240610536
202411,P005,1,9,4,4.163854020103348,95.2988372158758,35374115.97410892,28575044.36014702,49538715.50181492,3911176.871096098,1384406.583226017,5662108.654003289,1337004.8744616087,1760892.2930511609,2108652.130970632,-29334.028645950228,16134907.378162855,61742923.43621516,308894849.88451546,0.1918461097493672,102.76507249486816,34,10,29,4535,0,59.68185427337345
202412,P005,1,9,4,4.177755656154724,95.58753427323222,1103466.001587407,31887881.345033348,19850326.560588703,2726145.944308145,989589.2610908968,4760944.699956219,813388.3777354485,1185334.4238702983,2148690.341105218,-15021.36484738142,12609071.683218844,30958508.09276921,320562543.13948244,0.1613202149415454,105.55019734274931,44,8,31,4554,0,37.22652166301715
202501,P005,1,9,4,4.183763523257014,98.21035743816152,10025028.371183189,1075285.2357956746,43277527.6457593,1640858.237158335,863726.0356673561,4014698.7651379225,500508.4110072604,1177104.3737841907,2161803.3590944163,-8761.19284955419,10349937.988999927,39908251.228156745,322360024.1994348,0.1566175100832566,102.19188678499864,5,7,11,1549,0,45.601900031488455
202502,P005,1,9,4,4.233737899941689,98.21035743816152,0.0,10275665.724584011,27432169.793491527,793075.253541452,602607.8541433478,4166909.4661748544,290717.806878686,920060.6724780188,2172695.151203438,11178.308964745773,8957244.513384543,29632585.503572702,331317268.7128193,0.1331828947048384,97.93220599437862,11,3,27,4680,0,41.35659157575398
202503,P005,1,9,4,4.260947193516588,100.0,6840422.067566773,7826996.377932847,29352175.511737,536540.640043672,416045.078404586,2773940.7575428654,163004.1787994229,947883.101132572,2183837.154899829,14315.19931596096,7035566.110138909,28646011.19320661,332517198.9580726,0.130043547136909,102.14153451204028,15,4,47,7164,0,49.79821255964492
202301,P006,1,8,2,1.0,1.5095912665711693,2559642.267977536,2470588.3311397475,0.0,786016.091885932,205225.23268774129,294973.5244516096,27582.17088032657,174201.77619946096,2268395.492275379,0.0,3756394.2883804496,89053.93683778867,158762578.70390046,0.0636714932079353,52.4371901541961,4,4,16,2605,0,16.99345961427101
202302,P006,1,8,2,1.0,3.2655037937558182,2977301.222510213,2831763.918280377,2343223.7870736085,1128286.3251745077,316777.26005512173,469811.3010260305,58803.55806516642,238354.5588776864,2146133.5470708827,0.0,4358166.550269395,234591.2410676237,160521222.90749252,0.0532995988070577,25.059508029481204,7,6,13,1855,0,87.23159358213819
202303,P006,1,8,2,1.0,3.2655037937558182,0.0,0.0,2504320.185152051,1312353.7580477134,427376.647998311,672942.6786161184,99046.58500749296,346764.6400524504,2236742.6272332803,0.0,5095226.936955366,234591.2410676237,165616449.84444788,0.0232496571357027,39.34944246750647,2,7,10,1569,0,65.45392461395717
202304,P006,1,8,2,1.0,3.2655037937558182,0.0,0.0,0.0,2239149.748316872,649542.6872282253,962318.393929756,150059.77849031353,321272.54743582004,2105115.2605048413,0.0,6427458.415905828,234591.2410676237,172043908.2603537,-0.0146573395266369,47.27057778568936,0,8,16,2583,1,62.22109993128733
202305,P006,1,8,2,1.0,11.070537215083634,13234107.728766551,13189554.297320684,0.0,2352769.4568437305,950320.168521588,1428954.209615999,210835.41800964417,573563.6879267272,2158895.9798874506,0.0,7675338.9208051395,279144.6725134924,168092330.8573177,0.0086477402942105,46.84207677043284,9,5,28,4327,0,58.90254846938473
202306,P006,1,8,2,1.0,12.814893247133066,2957706.187699918,2540702.823198113,10852064.701753853,2437169.294926927,1186002.1746216542,1874961.5780130704,316101.6525681981,607908.2787485,2133954.555577373,0.0,8556097.534455722,696148.0370152965,174033835.29743904,-0.0263932626041668,30.22282373486632,4,10,13,2105,1,57.55400863132198
202307,P006,1,8,2,1.0,22.69060121300265,16745115.115204932,13879053.371038456,2367398.47224373,2480713.772154019,1460594.4248163446,2806692.485890245,485615.655212136,650523.254842917,2221076.0030926177,0.0,10105215.596008278,3562209.781181775,169225700.13302818,0.0019635079629304,38.20411943658475,26,7,26,4077,0,92.96315206270346
202308,P006,1,8,2,1.0,29.33435444945534,11265056.95853874,10479423.19518542,11806074.85694786,2987290.0072759376,1671166.974360314,3335152.057784946,543387.026874813,900012.95725814,2149120.9024698883,0.0,11586129.92602404,4347843.544535093,170673122.6245253,-0.0065729050332856,32.93157996817,20,7,33,5772,0,38.09952365437727
202309,P006,1,8,2,1.0,41.75252462614956,21056079.20440764,19542771.415845823,8883864.88246589,2636591.2225303752,1828219.162333764,3519545.232711634,571265.5389633304,871223.8029892994,2273418.504069541,0.0,11700263.463597946,5861151.333096907,163194115.968629,0.0375357709001272,40.9979158170607,26,8,26,4312,0,30.225360459907144
202310,P006,1,8,2,1.0,56.292015868911626,24652962.138813816,22437408.55296729,18223642.96299806,2132860.096259352,2435513.285518807,4388377.674440809,643121.0010715475,923258.6435451512,2106195.593182203,0.0,12629326.294017868,8076704.918943435,152989532.088713,0.0977189882849768,40.135335665657145,32,6,31,4734,0,20.00202729147068
202311,P006,1,8,2,1.0,68.04987610833116,19936466.721981965,18617572.068394363,19987470.16922762,1990715.353962642,2051418.071168039,4508150.281881282,571089.8319416426,984599.4542907936,2109125.4214214133,0.0,12215098.414665814,9395599.572531044,146440722.7128337,0.1363416722590075,31.67141481727377,18,7,40,6570,2,39.32924774235657
202312,P006,1,8,2,1.0,81.11634097038952,22155318.790320408,21070457.33520402,17134153.405679837,1440586.6112722158,2066411.2045021383,5551577.594268561,696751.8239602955,888481.8849169712,2191069.038658904,0.0,12834878.157579085,10480461.02764742,138089872.76067147,0.1855921879030983,43.17331249117552,20,3,49,7532,0,58.09066061091941
202401,P006,1,8,2,1.0,85.21123236060305,6943241.735211593,6299900.061833289,18242032.5501332,998591.5627049564,1794903.601663457,4838756.655376082,510262.7129568328,904597.2204142412,2186946.6452994137,0.0,11234058.398414984,11123802.70102571,142569042.92170453,0.1591755427289883,32.848790815341786,10,3,32,5151,0,42.14191283321667
202402,P006,1,8,2,1.0,91.08891702398792,9966121.582311094,9843349.159268009,5231603.072590413,663831.4728048341,1614197.5534606266,4764456.568559325,351446.3150912492,895817.6365646798,2100039.3952355725,0.0,10389788.941716287,11246575.124068797,143263067.26008463,0.1550824196659977,40.231068595450026,18,1,56,9582,0,48.19215231317102
202403,P006,1,8,2,1.0,93.0511164255881,3327078.420335586,3257171.654473371,8603705.83477021,485373.3066510313,1475377.67993595,4441823.539172702,258405.59376385383,789456.646641513,2102999.073626963,0.0,9553435.839792011,11316481.889931023,149579680.33848575,0.1178291516732094,40.20716913963728,6,2,35,5905,0,78.18028107406208
202404,P006,1,8,2,1.0,98.7036674002418,9584387.984361146,8873218.25836955,2764128.791495442,261242.82116187003,970906.6069465684,4414545.194679453,155437.20906572166,577565.8895319725,2160367.22525168,0.0,8540064.946637265,12027651.6159226,148795358.76265195,0.1224548175948679,46.53350402199687,17,4,43,6507,0,38.15386323382075
202405,P006,1,8,2,1.0,98.73374129549268,50992.884730799735,49226.05800138504,7300434.574073634,158066.52227450273,793933.1339664562,3574620.727363993,106353.65489959404,482999.75010598527,2246777.1704823496,0.0,7362750.9590928815,12029418.442651987,156108500.1516918,0.0793243594437073,51.28778900440083,1,1,22,3165,0,80.32237529033962
202406,P006,1,8,2,1.0,100.0,2147050.909756043,5083554.163851475,45186.026231320255,70878.86603483866,548112.3161324317,2984183.6756989164,60876.86252812052,440801.79453862703,2172954.9740397986,0.0,6277808.488972733,9092915.188556552,160297502.0732911,0.0546190293450107,29.68818323693935,9,2,22,3135,1,84.4939840159934
202309,P007,1,1,4,1.0,3.4367771161368967,7964422.217823187,0.0,0.0,3178545.0310963583,178730.80285903116,441378.2043164207,36302.42097265334,520814.8566808014,682849.5774420879,0.0,5038620.893367353,7964422.217823187,204547587.41143465,0.1173440478790087,27.401202654469667,3,11,20,3334,0,29.602223228747288
202310,P007,1,1,4,1.0,5.437681412924452,4636915.953102473,0.0,0.0,4572528.978355293,273259.3185062298,761034.0651325597,66086.13062976566,832787.5469859994,654427.4606510316,0.0,7160123.500260879,12601338.17092566,207493607.90976825,0.1046314925229086,22.316794232735088,2,15,18,2705,1,50.88308422749859
202311,P007,1,1,4,1.0,7.636311882940992,5095128.5964874495,7541299.145798283,0.0,7052559.869490212,435438.7732499824,993707.7492389804,148945.56679422656,1080255.9668214528,654593.1099020744,0.0,10365501.035496928,10155167.621614829,213232480.90634465,0.0798673265261435,34.544973949261816,15,15,19,3054,0,49.54347374308557
202312,P007,1,1,4,1.0,12.991612857894532,12410428.906717384,4228097.779904948,6716175.561218914,8086130.840919009,786047.7757869109,1837143.8822564555,275369.7475136277,1233084.382644476,660289.0699397975,0.0,12878065.699060278,18337498.74842726,214858378.0800798,0.0728513170190384,37.753043263873394,8,17,10,1467,0,32.83119969995173
202401,P007,1,1,4,1.0,17.160902660366105,9661954.561858052,4842828.292756488,4584803.253197729,9974090.866454432,1056368.5846878423,2377355.245735181,450610.9088661169,1633799.3816150655,686867.6649873982,0.0,16179092.652346034,23156625.017528825,222294061.2733341,0.040765140341674,33.03248478157927,11,27,17,2397,1,11.691814049209675
202402,P007,1,1,4,1.0,30.471473800850767,30846052.839863427,12117082.23959763,5251395.79714429,10258837.247568876,1421597.4132658096,3061286.976963036,577960.6022269902,2187012.9126682044,684950.2629372899,0.0,18191645.415630206,41885595.61779463,212670558.5027737,0.0822921126623123,31.206309720181057,11,25,17,2742,0,40.30156214735158
202403,P007,1,1,4,1.0,39.19848047405354,20224053.95938944,9303852.81890638,12271210.655330786,11946492.027949452,1667720.3121565196,3851222.169080952,708273.6312262797,2587123.738624216,635794.2247788988,0.0,21396626.10381632,52805796.75827768,215911684.96133152,0.0683061273156919,54.94517987505115,8,28,23,3807,0,73.89846901720935
202404,P007,1,1,4,1.0,49.121726664641805,22996231.5746816,28246139.89955649,8704767.147858424,8076690.562779895,1698125.3586960053,5458213.541021212,878178.9141046073,2842635.9006857714,685578.1367715945,0.0,19639422.414059084,47555888.433402784,214985263.7316964,0.0723037848918916,28.573719727549232,25,12,21,3528,0,29.566055627038352
202405,P007,1,1,4,1.0,61.35811241399022,28356724.697210062,19018443.325389605,28078107.16528292,7017092.953016901,1753497.5607055,5272671.762926475,851809.0533012601,2910971.8696055496,673770.455485755,0.0,18479813.65504144,56894169.80522326,208219977.0179228,0.1014970922356063,25.201324860603933,12,11,28,3994,1,10.64614552779416
202406,P007,1,1,4,1.0,74.46488727798368,30373773.277486484,22623320.252978694,18814896.24684157,5539126.071686537,2002789.0016296704,6220496.266128787,735798.4508792352,2828978.48084247,661872.5415763565,0.0,17989060.812743057,64644622.82973103,199308738.2212757,0.139950530206551,29.2368287229364,40,11,21,3674,1,42.10916704088615
202407,P007,1,1,4,1.0,82.78830123007967,19288764.085675538,28433256.125791103,21728093.15841417,3700920.528025615,1560225.970589863,6340104.8606895255,566732.1427950667,2306319.336059138,656203.1765650101,0.0,15130506.014724215,55500130.78961545,197452056.09038684,0.1479624141635561,35.41399392532324,52,6,18,3147,0,37.860158142872166
202408,P007,1,1,4,1.0,89.43324370908107,15399057.235170351,29216985.31188648,26317515.9986426,2394546.7681505745,1595350.2064296538,6765045.839171125,420173.1228048604,2132582.1822988456,655844.8464156595,0.0,13963542.96527072,41682202.71289933,197901723.1289936,0.1460220280992585,20.45890307255884,56,7,53,9059,1,76.19542543373613
202409,P007,1,1,4,1.0,92.60791398714116,7357013.1674019,19933666.37949068,27627929.21018114,1277357.707952604,1161333.3556184114,5308834.418405419,276737.4433939736,1868344.1760006703,645238.9080663661,0.0,10537846.009437444,29105549.500810564,201983215.2450232,0.1284097289011157,21.441071708276525,21,7,29,4498,0,43.11847149330834
202410,P007,1,1,4,1.0,93.6322474116715,2373800.6885819286,14878124.593594952,21120089.731792487,700549.1673038739,753220.6182826018,4508290.44408367,129096.37148173306,1425083.0967347166,670014.3664702054,0.0,8186254.064356802,16601225.59579754,208086273.72862333,0.102074043573003,33.91307136757311,25,4,28,4773,0,34.87802356408133
202411,P007,1,1,4,1.0,100.0,14756694.565369796,10703407.74514653,16128539.027421825,330777.6581181122,549012.9030015554,4109896.406737353,79550.28627861274,1066454.1280827448,664081.2092361187,0.0,6799772.591454498,20654512.41602078,201935893.8270653,0.1286139284800593,30.25555277146866,12,2,24,3671,0,54.77765798402718
202209,P008,1,8,1,1.0,1.5348887819528203,1978474.030944313,1983754.1931340883,0.0,810798.3409951141,96208.34930604418,136838.83118560928,34610.792989631394,51100.436009420686,451051.15424582886,0.0,1580607.9047316485,-5280.162189775612,105508352.91579178,0.1814722621581577,87.01394163802095,5,3,20,2944,0,32.658785914499
202210,P008,1,8,1,1.0,3.311270986917426,2289759.4293982526,2272722.83713039,0.0,1152844.88489786,149580.0984698485,173352.3802318918,66185.43850538164,61902.4732336707,431421.8905016423,0.0,2035287.165840295,11756.430078087376,105604914.14500023,0.1807231456918025,98.28174517644014,5,7,14,2367,0,58.07715649322379
202211,P008,1,8,1,1.0,3.8326101161610087,672006.9497225988,618320.5951526839,0.0,1409115.1955885205,196647.46727926744,250676.8712817084,91385.98296576458,63854.49063877447,420690.1126668112,0.0,2432370.1204208466,65442.78464800306,107468744.82795018,0.1662636543769031,94.95165326921664,6,5,13,2143,0,20.22512504475542
202212,P008,1,8,1,1.0,4.254591686225776,543934.9011646584,500415.5453825876,0.0,1668344.492939411,275577.914729221,360092.0132634295,121498.7207365022,95373.60499400774,433587.7152336278,0.0,2954474.4618962,108962.1404300742,109963180.76334344,0.1469119637575033,89.8469073808647,2,8,17,2868,0,60.56290887599531
202301,P008,1,8,1,1.0,4.331801930233992,99524.1248025641,85700.62027266416,1900154.340170183,2324953.2145596338,407406.2736725604,371582.2559910688,190461.9379684806,116869.45958170456,437638.0344449328,0.0,3848911.17621838,122785.6449599741,113727932.70490909,0.1177052345734658,91.38284821584142,3,9,21,3618,0,33.4115916623864
202302,P008,1,8,1,1.0,6.375588897589483,2634444.58467582,2324110.0052805548,2462774.45752038,2803203.5338436128,389333.0143207865,512391.86798927473,242124.79062599063,118177.52829607442,429397.0821219467,0.0,4494627.817197686,433120.2243552394,115996440.97027524,0.1001062778329727,85.2821285928071,4,4,22,3658,0,13.266799079726642
202303,P008,1,8,1,1.0,12.888389078529457,8395009.578690914,8212208.442374992,538117.2403885361,3087594.9673841298,594513.5321875908,685225.4799832767,330368.79849645967,132095.80480308694,411955.1788172317,0.0,5241753.761671777,615921.3606711607,114165065.72285114,0.1143139817444345,68.79682404662128,15,11,15,2437,0,26.6954136739217
202304,P008,1,8,1,1.0,15.507300460018522,3375780.8504068414,3096364.976806144,486594.0884261407,2542391.4300694503,716129.483096123,804440.3270189668,459996.4800073892,153560.85913888234,422619.01541412267,0.0,5099137.594744935,895337.2342718579,116428856.45720772,0.0967516233383745,89.22238227162707,8,9,17,2637,0,50.94831537842857
202305,P008,1,8,1,1.0,20.12419448720013,5951183.593106419,5689768.137583975,82174.9365957245,3150578.5901286206,808841.069460852,998723.9075851728,532968.1503404488,197428.7738210747,431947.13166380784,0.0,6120487.622999976,1156752.689794302,117563302.73842733,0.0879506542908254,98.67073197021196,8,11,17,2627,0,60.73356084707336
202306,P008,1,8,1,1.0,28.207059086442293,10418825.059685197,10101875.689449737,2206857.379363384,3348358.064198276,982487.0343446706,1266702.6990521848,609901.0507034513,211351.9763824544,432228.5864484612,0.0,6851029.411129497,1473702.06002976,115723322.42242308,0.1022251158297567,86.37315547433593,18,8,19,3257,0,38.71927051805185
202307,P008,1,8,1,1.0,38.56699164790969,13353969.210146766,12979169.16888928,8351696.279941575,3220242.4593260107,963615.9686784884,1218231.958117244,712433.2967084277,218741.28581933625,410647.2406466986,0.0,6743912.209296205,1848502.1012872527,111398799.04007404,0.1357745196786012,97.76737537615584,11,9,13,2017,0,40.09692445475782
202308,P008,1,8,1,1.0,46.07711929660056,9680566.238230856,9183248.6073307,3105198.7725516185,2589920.562210032,1115580.4406141457,1434742.6602188624,799425.2867157483,238236.1500092908,423293.8323074823,0.0,6601198.93207556,2345819.732187405,110026109.03696284,0.1464237698275584,99.85364941882152,17,9,22,3144,0,41.28375984770029
202309,P008,1,8,1,1.0,56.91808169055134,13974017.413552769,13212015.179871269,5150940.092519677,2794219.7605110467,1222387.4530973113,1669409.7531039603,733105.0834597327,257206.29333672576,405400.3149676762,0.0,7081728.658476453,3107821.965868905,105671321.9295266,0.1802079579162258,81.21456057125467,18,5,16,2643,0,41.80177572320091
202310,P008,1,8,1,1.0,59.56089731188132,3406593.452799147,3119438.11911365,9925165.419921134,2158952.496481308,1101709.6722172638,1725763.6175551724,769551.5945747832,247645.1434905345,417945.1852408684,0.0,6421567.7095599305,3394977.2995543927,109318125.33862244,0.1519162666680122,101.21897159729971,6,7,23,3903,0,44.5277880764754
202311,P008,1,8,1,1.0,71.22368785816333,15033355.182128798,14847350.465395598,12314406.132097406,1841083.6316432096,1183130.8407298934,1504548.935101515,671078.1401184332,250598.86154783284,432588.68789870566,0.0,5883029.097039589,3580982.016287595,103018041.22142416,0.2007919571527207,83.51638266234643,15,6,21,3553,0,16.784164875348505
202312,P008,1,8,1,1.0,78.21738568049277,9014887.387570929,8661430.935622742,9211808.517498435,1497935.584136594,1098486.787891432,1672927.3690030158,613014.8906173207,240475.78065444724,424083.7205622128,0.0,5546924.132865022,3934438.468235791,101307713.55643862,0.2140605808768182,95.17390864622384,14,4,16,2679,0,23.035379923315343
202401,P008,1,8,1,1.0,82.99310812859315,6155913.675089223,5599720.342667816,12795631.161454452,1059467.5265196762,1092956.7650584674,1715989.8714256296,477015.2517778055,215597.9190339508,418432.239722363,0.0,4979459.573537893,4490631.800657198,101371263.2522291,0.2135675659893863,88.57882006120734,10,4,32,4819,1,68.73594165793133
202402,P008,1,8,1,1.0,89.21692795867297,8022513.456266602,7398345.526266535,3059172.273002151,683848.0667171642,764012.0379272476,1832632.3817177587,408841.7489048749,239473.4849208264,394410.1660665085,0.0,4323217.88625438,5114799.730657265,99306761.5753341,0.2295838513417721,97.1806700039669,7,5,26,3884,0,23.06103121595091
202403,P008,1,8,1,1.0,90.8326106045056,2082617.4473438223,2058978.7555664808,14632862.238621492,590011.091190367,964953.9405780778,1771695.4288440214,332341.6633536088,178272.13876508793,420082.872356753,0.0,4257357.135087917,5138438.422434613,101905888.24643162,0.2094199760118651,91.56971318343344,6,3,39,5610,0,16.74888137976305
202404,P008,1,8,1,1.0,95.18599248812978,5611516.029569013,5739577.027811701,8380184.9349475745,376650.7866427099,792166.8480457093,1789001.031821167,249957.0850363141,179828.53585975862,439306.6122836448,0.0,3826910.899689304,5010377.424191922,101264774.14168732,0.2143937023885216,98.49670279095574,10,4,40,5636,0,11.11061782130292
202405,P008,1,8,1,1.0,95.18599248812978,0.0,0.0,5509523.380482082,268781.1783295515,573085.2476589149,1548921.244149421,166889.9651262656,162699.514587348,384753.0353583586,0.0,3105130.18520986,5010377.424191922,104369904.32689716,0.1903042808786174,86.05082079041958,5,7,26,3910,0,27.60849598678944
202406,P008,1,8,1,1.0,97.51748364635216,3005295.734880805,2913972.729911879,7911438.196852389,170960.20776136444,479093.87850731966,1402468.8765507108,144295.70027088418,128234.97084838228,415094.2979551613,0.0,2740147.9318938227,5101700.429160848,104717162.98993573,0.1876102681294109,104.29189783565076,7,5,26,4164,0,36.01919336346688
202407,P008,1,8,1,1.0,97.51748364635216,0.0,0.0,2126350.205653612,132364.69423802686,408487.3275676759,1147004.57041573,80997.94870430473,100364.73675343096,417611.6193530317,0.0,2286830.8970322,5101700.429160848,107003993.88696793,0.1698691654655437,98.19449783259816,1,3,24,3809,0,72.54786767632085
202408,P008,1,8,1,1.0,100.0,3199967.4470471344,6522768.673389422,5642090.262410015,59126.75662743894,310437.49541598203,868445.7796052578,51089.33223061,92105.10570440514,444291.01542162034,0.0,1825495.4850053145,1778899.2028185576,106281597.7698747,0.1754734730223298,88.29928277631477,10,2,36,5458,0,51.59782192159216
202407,P009,1,2,2,1.0,4.457538345293829,6049030.153884583,0.0,0.0,1195047.14916684,215822.2681051672,129106.65094438197,33760.829249349554,223123.24444417687,70590.45278768841,0.0,1867450.594697604,6049030.153884583,108867619.82127587,0.1977530652536618,50.92413908107491,4,3,15,2490,0,70.16666580448155
202408,P009,1,2,2,1.0,4.457538345293829,0.0,5663794.623332638,0.0,1623552.2471907863,410891.42383851553,206567.2801785665,68481.01414381896,268850.6839098108,70604.8325947825,0.0,2648947.481856281,385235.53055194486,111516567.30313216,0.1782329361178182,57.447975195270345,12,4,17,2778,0,44.44038315159437
202409,P009,1,2,2,1.0,6.116362092434819,2251079.876189878,0.0,0.0,2274932.8935127924,586197.9265397722,292758.62563393987,115421.78795375885,444387.2079542437,68602.84641817535,0.0,3782301.288012682,2636315.406741823,113465836.69708072,0.1638687440939885,35.89508711648764,0,7,25,4296,0,92.75276633010664
202410,P009,1,2,2,1.0,11.137677973835917,6814095.320311284,2193193.33772336,5078651.3922733255,2842452.9756267737,856860.5131034714,514258.5490215422,181149.82765013905,577692.1185836246,72737.85695056501,0.0,5045151.840936116,7257217.389329746,112957013.86242422,0.1676182663128288,50.67506785142576,4,11,23,3904,0,39.22260657312626
202411,P009,1,2,2,1.0,12.170651171271382,1401779.5328757458,6354682.617387394,0.0,3345954.533021633,1099326.279202991,719199.6330977147,334973.1489610197,630848.6878096953,70806.05902410297,0.0,6201108.341117158,2304314.304818097,118014578.92131735,0.1303490022980728,49.36516666129619,9,6,20,3227,0,23.40723972290744
202412,P009,1,2,2,1.0,20.967422524227747,11937515.967090026,1323633.4986380965,2119937.380427493,3981740.788570101,1501317.9657634425,1011459.7959735176,421264.7632553853,832467.6286292791,76060.20309335685,0.0,7824311.145285083,12918196.773270026,116086780.19638176,0.1445549766771072,36.56065357899774,2,6,29,4750,0,59.69486484188645
202501,P009,1,2,2,1.0,26.97198127415422,8148389.116478265,10848910.42389443,6064613.367661301,3682657.364461992,1768040.2392236388,1119535.9638943193,595885.3243975695,869146.1913610036,74148.91160363646,0.0,8109413.994942158,10217675.465853862,117525425.54923826,0.1339535799862369,64.7876869731331,22,4,23,3753,1,41.8265649578447
202502,P009,1,2,2,1.0,36.94432015754783,13532800.828082908,8225932.261240785,1283481.095941411,4536233.928385936,2384516.991016323,1324966.193655902,728845.4520830903,1051597.0420178885,73116.61750309648,0.0,10099276.224662237,15524544.032695986,116520632.65413909,0.1413579121602254,60.46658388536604,10,9,28,4243,0,20.79453976032337
202503,P009,1,2,2,1.0,42.39202217843325,7392715.719093097,12201152.106585098,10613057.046617605,4302230.559084831,2631482.4673323547,1663796.586724066,757728.3234747008,1105383.8200554275,76551.27184179408,0.0,10537173.028513176,10716107.645203983,120978525.41030511,0.108507641299769,46.78229974688274,18,9,16,2528,0,49.63560097892158
202504,P009,1,2,2,1.0,55.20433233678877,17386737.810262296,7063750.875320232,8175634.89175971,3186721.39419226,2679623.356316216,1991299.683479092,761103.9119677596,1189184.527873419,69550.10046612241,0.0,9877482.97429487,21039094.580146044,116521166.6470322,0.1413539771595118,35.699130056298856,13,6,23,3299,0,35.74084107979699
202505,P009,1,2,2,1.0,62.58598384408661,10017150.5199175,17213303.87157126,12684203.183475664,2786862.654870597,2619770.297745179,2045635.2209867071,757466.2799718215,1078202.7344001965,76678.51285729583,0.0,9364615.700831795,13842941.22849229,117603280.05704778,0.1333798690853381,54.05486943216849,28,5,26,4128,0,48.440212401275055
202506,P009,1,2,2,1.0,73.22108463487535,14432191.131009169,10040446.991315644,6836241.832573749,1803129.1279747663,2958702.857092205,2085583.2515456143,613335.8521445723,1162635.831618152,76941.75771455519,0.0,8700328.678089865,18234685.368185803,114340191.64287776,0.157425610898852,54.49304476064538,11,10,26,4071,0,58.43567149295327
202507,P009,1,2,2,1.0,79.90214178161126,9066420.299692923,12928143.714045422,16529853.093895083,1413218.7317100477,2551443.7759559182,2280470.2248790786,528401.694993625,1211627.6862677194,73906.06641036947,0.0,8059068.1802167585,14372961.953833312,114865378.24042805,0.1535555038941591,46.86820835392107,19,6,35,5123,0,87.2281362377065
202508,P009,1,2,2,1.0,85.86518512507783,8092051.307114966,8723658.665729323,9963250.342105458,1030237.2542389046,2182630.3427348454,2213645.042736742,417414.3288880602,1041014.7742288804,72476.1057148116,0.0,6957417.848542244,13741354.595218942,115073451.93553554,0.1520222060745193,49.51806708998714,7,4,26,3657,0,27.523128267916054
202509,P009,1,2,2,1.0,88.344378810014,3364349.601912538,7827443.719527421,11755476.956624623,546291.1874253212,1781312.3310224812,2083479.94597322,318572.89325723005,718566.1092262015,73885.04022754582,0.0,5522107.507132,9278260.47760406,117789323.68849468,0.1320089110970733,41.36669852778347,12,2,41,6749,0,47.7224394609088
202510,P009,1,2,2,1.0,91.6834589212049,4531244.537728967,3318528.205033829,7477158.524234084,349065.7693161591,1499383.1705393614,1674558.560225488,166857.33268510952,776703.5616552798,76111.90452483346,0.0,4542680.298946232,10490976.810299205,118552450.15467426,0.1263854220438413,52.86568871892781,5,4,41,5874,0,55.52167071678459
202511,P009,1,2,2,1.0,98.21254584172566,8860191.567675687,4138016.973191874,7744819.758814872,178847.68955163777,1047383.1509992192,1653346.6266533432,122966.2964061328,616043.6701835453,74071.79257173318,0.0,3692659.2263656114,15213151.404783024,114854739.9759406,0.1536338974062986,49.79748619306781,8,5,44,7305,0,44.69261894819647
202512,P009,1,2,2,1.0,100.0,2425635.6904934715,11591439.491251571,2848715.4088734426,94648.72478530055,864580.8885949386,1172471.8049311785,69799.31313663667,515884.87544628367,71305.39880405796,0.0,2788691.005698396,6047347.604024917,115620185.36014026,0.1479933202154129,59.38476051458724,21,2,48,7841,0,60.841276235141954
202308,P010,1,8,4,1.0,2.411530261435734,1242177.0217110063,0.0,0.0,1165669.646731801,107941.49584975722,90032.48124800874,20278.421247279428,130593.4427048758,442426.8637307143,0.0,1956942.3515124368,1242177.0217110063,46000897.80366434,0.106950497651713,59.322120762295,2,7,19,2666,0,66.50333288487768
202309,P010,1,8,4,1.0,5.9958743575726325,1846292.350267244,1194027.7371913772,0.0,2422533.819176719,251304.92160883025,229160.6189108111,61164.50719309576,244276.13240751377,418709.6197506985,0.0,3627149.6190476688,1894441.634786872,48046150.940556206,0.0672444835675257,53.04632634337084,3,7,27,4122,1,23.56140322667237
202310,P010,1,8,4,1.0,10.597683142557797,2370387.4765449422,1902636.698448946,0.0,3903479.648565734,499483.3363536691,482023.9015618305,176644.00915094404,390128.6041058853,393611.13586725126,0.0,5845370.635605313,2362192.412882869,51856579.59696983,-0.0067301903587898,57.89131631058752,4,9,14,1984,0,29.71182109378384
202311,P010,1,8,4,1.0,27.53027206168194,8721960.992889224,2262446.0527375466,1139292.555673061,4318987.481158164,808832.0998708634,881215.7475636938,285371.6304788681,519474.0964807564,409149.28137527936,0.0,7223030.336927625,8821707.353034547,51553193.769145146,-0.0008403365625716,55.68116101290032,6,8,16,2299,0,44.60859314717276
202312,P010,1,8,4,1.0,50.58121164446384,11873517.797588471,8970999.338588094,1749645.876443968,3910743.914081024,968782.7642244844,1164229.5224413525,389422.4956763724,585653.2426273425,410028.3350793067,0.0,7428860.274129882,11724225.812034922,48638143.94958931,0.0557516847885296,64.1961652417642,17,9,22,3821,0,40.47579577949024
202401,P010,1,8,4,1.0,72.7881326504409,11438764.60424475,12790376.22965952,2077073.700658468,2623929.8348872704,1161735.2689652997,1378303.7162462824,439470.880592753,695351.9725449014,407008.7363614627,0.0,6705800.40959797,10372614.186620146,45271990.55473858,0.121101313983375,57.46740395520135,18,10,32,5048,0,36.54872222263565
202402,P010,1,8,4,1.0,84.70298310184698,6137328.518966245,10507814.035582911,9147505.645196425,1597539.4538027877,1137923.8525301483,1335059.120783466,302513.587166178,667404.720789949,399630.8152084326,0.0,5440071.550280961,6002128.670003474,45257236.62420954,0.1213877429651066,48.98348372992972,16,5,16,2489,0,57.37356436406873
202403,P010,1,8,4,1.0,95.85250539842323,5743108.689673248,5860627.683132423,12048993.46930065,706454.9054580521,877417.3834588609,1304834.7842408053,168457.64188795953,494601.2790279253,436842.9952760028,0.0,3988608.989349606,5884609.676544294,44121887.79246415,0.1434291107990441,55.0426392250426,9,5,43,6998,0,33.815674827499514
202404,P010,1,8,4,1.0,100.0,2136370.6581404563,5619184.000396119,9883070.121803183,232174.66978152,488960.46751639695,1081512.1457388124,72444.33049451472,372323.2295458624,435631.9504542321,0.0,2683046.7935313387,2401796.3342886344,44898880.9599828,0.1283447669120585,64.69613929857084,8,5,19,2758,0,59.95498259443605
202208,P011,1,8,7,1.0,0.6293928530689317,2427374.638090363,2420732.7903770264,0.0,2396613.397101093,1101662.2050379245,314266.3897278183,122749.4870324598,242361.6393221541,265568.0051180672,0.0,4443221.123339517,6641.8477133363485,323046434.02025604,0.1623743875741017,25.68490945156133,3,5,8,1153,0,15.87771691434439
202209,P011,1,8,7,1.0,1.1271795389511592,1919810.13225334,1913078.1577543907,0.0,3715627.473924439,1467185.4217039917,554740.7200076787,224097.1426153111,281550.066121508,267139.0620626272,0.0,6510339.886435555,13373.822212286294,327939740.5164491,0.1496865556743559,28.66961531387496,5,10,16,2696,0,26.87781540203953
202210,P011,1,8,7,1.0,2.464273014144549,5156758.254585832,5017441.582348037,2412693.806486004,4825855.749247363,2773889.4303291715,740754.7534613373,402108.3423669385,439786.0764445105,270045.34023493866,0.0,9452439.69208426,152690.49445008114,333049751.6624523,0.1364368312851812,44.5689742650704,11,11,10,1626,0,33.15743598753195
202211,P011,1,8,7,1.0,2.464273014144549,0.0,0.0,1783787.5520166964,6105719.39760644,4064879.561765161,1117109.3354728469,699633.5763987523,518250.8584762694,262371.6324055302,0.0,12767964.362125,152690.49445008114,345817716.02457726,0.1033308352363705,29.52312325380598,4,11,16,2308,0,0.0
202212,P011,1,8,7,1.0,6.931139544682639,17227330.2359462,16413590.233513,4591218.323838337,7816197.742578968,5785095.767991555,1659982.591721059,1026018.2726261785,692975.7719627946,269043.2165086788,0.0,17249313.363389235,966430.4968832844,348571228.14845294,0.0961912663193557,44.25895281887848,17,16,24,3582,0,30.092830508249524
202301,P011,1,8,7,1.0,9.828386274829365,11173789.468305511,10345737.475959696,0.0,7220431.276355189,6736367.906041771,1847781.7099923715,1562278.1328202535,849231.092083316,264253.03637812764,0.0,18480343.153671023,1794482.489229098,357658587.9934947,0.072628692788331,44.98591027504997,12,22,8,1311,0,47.23005008145497
202302,P011,1,8,7,1.0,14.14157749434085,16634651.83061044,15226032.90831837,16717370.903525028,7321864.693478366,9580582.498316364,2336293.0968334093,1972338.5666585483,971385.7582029642,272064.1753391975,0.0,22454528.78882885,3203101.4115211666,366142872.68575406,0.0506298300461909,15.800207789772587,22,25,13,2111,1,28.32193573570857
202303,P011,1,8,7,1.0,27.44745924101093,51316693.11433872,48958910.59382868,11103652.932471884,7448777.671407994,11419506.196083656,2818607.165057352,2769390.363244343,1002604.5677007084,261289.7654441516,0.0,25720175.728938207,5560883.932031214,348866002.2629537,0.0954269478741302,35.32543706581306,68,17,14,2431,0,12.32918946858711
202304,P011,1,8,7,1.0,41.95008302258506,55932159.03470658,53223867.41864521,14854688.015024794,7685004.445059789,12079103.171519756,3690484.361587333,2802856.917487516,1296157.7145822442,261220.04894714724,0.0,27814826.6591838,8269175.548092574,329988865.3877588,0.1443733892236149,38.75042482174474,36,7,28,4124,0,14.181126759640415
202305,P011,1,8,7,1.0,57.96431447135587,61761964.84868251,60641711.74207196,48084444.56735728,6702554.6834500125,14356732.959926754,3800452.599366764,2935245.522689501,1273429.193029059,265692.1809259378,0.0,29334107.13938803,9389428.65470314,307973063.6974682,0.201458060131081,31.87658723736996,99,15,42,6036,0,47.52759019794993
202306,P011,1,8,7,1.0,75.03537522542017,65837830.40697651,60957434.074668206,48004095.47931103,5037999.648925936,12646951.441192564,4440153.80308799,2744800.776712441,1288731.6224279602,268331.7130284392,0.0,26426969.00537533,14269824.987011433,279902643.6891473,0.2742417230179081,27.60956400400036,67,9,40,6292,0,28.19962649822568
202307,P011,1,8,7,1.0,83.83000055725313,33918164.74862376,32522116.2055974,59167524.80418144,4125309.4242648594,13700021.458563408,4933849.229634429,2125207.6463460983,1269578.6530187875,264467.3849308726,0.0,26418433.79675845,15665873.53003776,278368877.0948139,0.2782186193634545,19.67019428466576,43,6,12,1912,0,26.729632296634232
202308,P011,1,8,7,1.0,89.29437346800003,21074405.51944488,19737307.30359311,60391232.24222135,3110468.074810307,11327574.761195568,4972654.71407273,1930525.7851486967,1146508.8542627504,269645.4729800215,0.0,22757377.66247008,17002971.745889544,283791582.27581674,0.2641581120496428,27.921027775200987,29,6,40,6781,0,32.44594213286323
202309,P011,1,8,7,1.0,96.7463242478696,28739881.99763049,27289435.42821071,32163070.421815004,2075309.706468809,10779581.13722608,4713524.477247952,1462753.4306345142,1187124.8645934998,268911.3666427725,0.0,20487204.982813627,18453418.31530929,280638906.1181984,0.2723326715531847,40.70101007994124,31,5,38,5620,0,37.14500348710157
202310,P011,1,8,7,1.0,97.51656564828744,2970584.1613309854,2665100.5030016326,20057460.288122434,1286429.490827424,7642546.890259205,4282281.948277017,998404.1138808082,838952.4997562597,262290.76832072943,0.0,15310905.711321443,18758901.973638654,293506369.07295936,0.2389686860613238,35.52550483101649,5,7,34,5350,0,49.31733039830954
202311,P011,1,8,7,1.0,97.51656564828744,0.0,0.0,27836784.78627388,666121.641061019,7193851.589587231,3580853.7250409657,646466.5247412947,853962.3832589985,265588.2777948105,0.0,13206844.141484318,18758901.973638654,306713213.2144437,0.2047247206519098,49.60764138064161,3,4,35,5581,0,72.4976371084158
202312,P011,1,8,7,1.0,100.0,9577842.41005549,9497367.121505111,2629694.336312011,420958.3671898603,5456634.246563435,3708569.069754151,341821.4340442394,741966.9567687348,248324.8540394887,0.0,10918274.928359907,18839377.26218903,309753270.12596667,0.1968421710734044,28.2683804035346,15,3,17,2875,0,47.641147899917264
202401,P011,1,8,7,1.0,100.0,0.0,12370891.203851726,0.0,218072.9315917055,3594462.1408616654,2716753.00536908,212281.8432171133,501199.29996245215,260177.7219324236,0.0,7502946.942934439,6468486.058337331,317256217.0689011,0.1773878144663279,35.61859059599108,16,3,40,5796,0,59.53819360865416
202305,P012,1,2,2,1.0,1.754785332930406,2166923.966883071,0.0,0.0,862099.195493445,212184.53680661868,77008.35463917116,41891.62513111167,8161.318008010915,305651.0555751103,0.0,1506996.0856534676,2166923.966883071,110740121.7719458,0.103221227776362,80.42548956695671,2,8,21,3092,0,56.1816612723194
202306,P012,1,2,2,1.0,4.085949932514067,2878674.87081826,2001773.1470343496,0.0,1151605.0844871,312281.60301054,98920.76484406716,79908.76025916675,9834.870754594638,297630.30212250707,0.0,1950181.385477976,3043825.690666982,110124747.5667652,0.1082045573533008,60.11664722565435,5,3,22,3232,0,44.43629300513355
202307,P012,1,2,2,1.0,4.085949932514067,0.0,2807618.4683313207,0.0,1595806.9960058075,462952.83113785,137740.0293483102,138916.22278381174,12485.89574225872,283594.1902986444,0.0,2631496.1653166823,236207.22233566083,112756243.73208188,0.0868945762689045,67.06611376976772,5,2,18,2788,0,10.523689012889651
202308,P012,1,2,2,1.0,4.085949932514067,0.0,0.0,1969002.3678751644,1749501.448227052,573180.9050455973,185230.7242894949,230706.10113131668,15244.220557378572,288122.4735963519,0.0,3041985.872847192,236207.22233566083,115798229.60492907,0.0622604300125777,69.09012886543033,4,6,13,1836,1,28.03329271728441
202309,P012,1,2,2,1.0,4.085949932514067,0.0,0.0,2545328.8740119813,2233956.37057433,821388.2385624425,254421.6891011989,309811.38298092963,18914.083118924587,305444.35437640216,0.0,3943936.1187142273,236207.22233566083,119742165.7236433,0.0303222477740513,60.133562009323,1,5,17,2605,0,54.4577256779465
202310,P012,1,2,2,1.0,7.228205929894687,3880263.701221726,0.0,0.0,2215447.6751022134,989600.85396857,328977.5283349779,409402.8978328304,23579.38846536833,299898.27251127333,0.0,4266906.616215234,4116470.923557388,120548847.39673066,0.023789701224605,72.40004165962681,1,9,9,1472,0,38.95917434222733
202311,P012,1,2,2,1.0,7.228205929894687,0.0,3435186.378249985,0.0,2548299.083466009,1342371.326838041,465614.6352254524,458831.8473355245,28083.007900937788,280177.01490707323,0.0,5123376.915673038,681284.5453074025,125672224.31240372,-0.0176996486745943,52.09082953487869,6,11,13,2170,0,67.09664720627033
202312,P012,1,2,2,1.0,14.480116694374862,8955134.82267785,0.0,0.0,2827540.093161736,1577482.220962348,471709.2548500669,737968.0472370068,33208.39485405033,275437.0414276211,0.0,5923345.052492829,9636419.367985252,123600951.8221072,-0.0009263855512801,74.15043867982446,1,7,21,3523,1,38.64203521102896
202401,P012,1,2,2,1.0,18.68943393855417,5197940.881688517,8410091.98882905,3462350.8245163164,2693350.7601038693,1773588.3772929064,602709.0717790439,780202.6304800338,29712.492772252048,288530.30918408884,0.0,6168093.6416121945,6424268.260844719,125122948.37125713,-0.013251585983027,74.06621828922009,11,10,16,2607,0,61.09748872692383
202402,P012,1,2,2,1.0,27.279547367834915,10607635.201206004,4828395.321406869,0.0,3173641.776123415,1818381.1374198548,713221.5020018237,1028140.7982909022,36514.60383272076,298715.0902464743,0.0,7068614.907915191,12203508.140643856,122697148.96197017,0.0063926529893767,68.5201472206478,5,10,20,2848,0,24.21159122540593
202403,P012,1,2,2,1.0,34.139771025870765,8471453.905960869,9567732.403374167,7827644.432747717,2965366.1504705213,1820829.195559483,763345.8463051252,992890.8836002948,38832.39823760837,291166.0505083856,0.0,6872430.524681418,11107229.643230556,121974682.55532372,0.0122432203064279,62.40570572977074,14,5,37,6230,0,43.390565082499066
202404,P012,1,2,2,1.0,46.53066303575948,15301085.758706124,7953690.256468565,4406457.291814751,2551571.526640383,2186580.5543469507,912755.0104656692,1169178.558664651,41112.63505558994,297757.5361317666,0.0,7158955.8213050105,18454625.14546812,115387693.6230486,0.0655849699163947,65.868328916421,10,6,18,2589,0,49.29983445823409
202405,P012,1,2,2,1.0,56.14571045924869,11873290.88845444,14969008.022332592,8652699.876994768,2843890.3983477294,2222597.7678542705,912475.1077040428,1179947.4393337688,37484.77014778691,297232.3703997675,0.0,7493627.853787364,15358908.01158996,112189867.38718171,0.0914811188432576,68.95458325270631,16,10,8,1303,0,31.791812591361825
202406,P012,1,2,2,1.0,63.46374399587348,9036787.55650692,11909213.444541276,7246391.898075842,1971183.334768144,2376835.110625847,1158089.2003719746,1194278.911325642,43610.86209014015,287810.247774192,0.0,7031807.66695594,12486482.1235556,111069793.45883,0.1005515307788296,62.76565017773603,20,7,29,4880,0,37.953092988582
202407,P012,1,2,2,1.0,71.22342632626864,9582164.440053027,8822904.481275283,14187511.77049072,1716726.160333485,2842216.599546784,1072723.0145922166,1202211.7478289197,41046.29949810177,299692.89550503634,0.0,7174616.717304543,13245742.082333356,109586778.57207634,0.1125610558547652,75.99671082047422,9,7,41,6618,0,45.47462689019073
202408,P012,1,2,2,1.0,79.48673365377027,10204073.60242846,8283434.79734005,11219911.85360178,1384317.121811387,2388199.9785574926,1225553.5788168216,1043961.514636842,42566.76899523127,296749.30682974885,0.0,6381348.269647523,15166380.887421772,106732998.9053114,0.1356710993043162,76.54430872095453,14,7,43,7015,0,38.269494169136415
202409,P012,1,2,2,1.0,84.42882352691235,6102816.562022418,9546482.27465374,8764670.988647917,965703.3900484756,2363158.3221080853,1105653.027807942,830452.7464336731,40152.21074343629,294303.9597651174,0.0,5599423.6569067305,11722715.174790442,106793303.21438888,0.1351827521417073,72.64493471569986,15,6,29,4851,0,43.758890439958975
202410,P012,1,2,2,1.0,89.60021571920345,6385974.097990696,6391534.79650822,7822511.631798147,788861.7000405971,2237697.3482062635,1021286.9608746052,735993.6778288126,31557.14411135825,294838.7394215402,0.0,5110235.570483177,11717154.47627291,106106118.82839946,0.1407476039776835,66.30392538832614,10,4,31,4589,0,41.05417322044931
202411,P012,1,2,2,1.0,92.6734826744285,3795071.509280184,6269015.918697791,8922673.837913066,558438.9772497428,1795661.4147932993,1085112.5244762737,501724.6930155399,37237.61094767891,292242.4059739699,0.0,4270417.626456505,9243210.066855311,106931232.2668756,0.1340657961156182,61.85630246936618,10,3,43,6575,0,36.70314742813352
202412,P012,1,2,2,1.0,95.11447625595812,3014298.8977410425,3974612.6006387672,6263738.089618583,374070.7274406365,1582306.1547529243,1016664.9844850072,427796.3867380335,33394.29897828272,276657.7069783947,0.0,3710890.2593732784,8282896.363957599,107905632.1621499,0.126175059427262,62.86246004197093,6,5,34,5800,0,41.72983131043091
202501,P012,1,2,2,1.0,98.35173569317725,3997580.17683793,2640433.793560467,5848182.585061019,293876.4427353924,1243618.7314650274,849596.7256466554,340670.5557031655,26223.272966798108,297295.25725725194,0.0,3051280.9857742907,9640042.747235077,107327764.21321563,0.1308546615575528,65.49452252173317,4,3,17,2923,0,55.75091921011681
202502,P012,1,2,2,1.0,98.35173569317725,0.0,3906843.832213651,3924228.6081433673,174496.35935529546,1161332.3928090376,711835.2688250055,210148.3054584172,27875.92296535071,303025.93010175496,0.0,2588714.1795148617,5733198.91502142,109916478.39273047,0.1098911310286261,73.85975935534387,8,2,28,4118,0,65.13677929704284
202503,P012,1,2,2,1.0,98.35173569317725,0.0,0.0,2576224.1405557725,107344.33373584844,824104.1553390174,649408.4921365051,119868.84254743526,22899.57290080197,303653.0017812964,0.0,2027278.3984409044,5733198.91502142,111943756.7911714,0.0934741341532452,59.318362279464495,0,4,32,5372,0,19.7358039588719
202504,P012,1,2,2,1.0,100.0,2035384.820687803,2957558.349629169,3235611.698444139,75933.09828361368,722731.5587330221,602871.9446186133,94954.49492617094,19488.624758934904,301567.5848544936,0.0,1817547.3061748485,4811025.386080056,111913507.5987244,0.0937190935521451,76.69042683506513,10,1,38,6416,0,13.159538696018313
202408,P013,1,2,2,1.0,1.3586697180062663,1929480.101995577,1814425.6396965384,0.0,1303903.848647263,116467.08372337544,381845.7281108136,91046.75206351196,143824.76422006942,169888.61707178352,0.0,2206976.7938368167,115054.46229903887,120671771.04066125,0.1502732732949026,56.069267342719975,4,5,12,1908,0,36.63730867675284
202409,P013,1,2,2,1.0,1.3586697180062663,0.0,0.0,0.0,1839906.135022124,182738.00765003616,535773.2979395437,201187.7320797395,237438.6384806565,160814.21577266773,0.0,3157858.026944767,115054.46229903887,123829629.067606,0.128036785494197,46.04468211622269,0,7,16,2447,0,29.6341511984349
202410,P013,1,2,2,1.0,1.7902903739794924,612955.0517492119,591457.3163352316,1758617.125942873,2907643.995677796,312837.494373947,951254.6604331248,366628.3154336531,329619.94029743964,161157.44786412836,0.0,5029141.854080088,136552.19771301933,128365394.9661674,0.0960975715682948,51.823575359188375,3,8,22,3347,0,7.059014931999069
202411,P013,1,2,2,1.0,3.3783428377941336,2255232.1504241177,2063539.844866012,0.0,2953186.180284268,500951.4726479051,1306309.7241267746,669032.717626931,418402.4766761951,174653.18102289762,0.0,6022535.752384972,328244.5032711243,132570772.8341776,0.0664848300006062,44.96361122923055,2,6,19,3118,2,10.546745366056232
202412,P013,1,2,2,1.0,11.6674489657731,11771562.378481785,11073776.56691776,593794.0322357607,4227545.838116308,655989.2080370218,2103506.1738963467,1225752.7176435555,572329.9509767833,166884.9087382862,0.0,8952008.7974083,1026030.314835146,131989563.364741,0.0705774957146776,52.98666425111969,9,10,20,3211,0,55.22755288377181
202501,P013,1,2,2,1.0,20.339455100894217,12315328.045033086,11161601.16068756,1841081.2397862084,4350581.716837578,909159.013595394,2992696.459364019,1449849.783505715,746963.7287265821,160640.76740849912,0.0,10609891.46943779,2179757.19918067,132539170.24156952,0.0667073639647694,55.83659163996814,14,10,8,1179,0,38.7575391318086
202502,P013,1,2,2,1.0,35.94493851344005,22161728.73177288,19925379.34834111,9888682.349401534,4560234.747652617,1077745.808422085,3488067.4772522016,1746249.3449400244,713156.260777993,155941.18360019824,0.0,11741394.822645118,4416106.58261244,125953530.06281205,0.1130810470896119,38.09248443378806,33,7,20,2811,1,41.87287798474739
202503,P013,1,2,2,1.0,50.94636910093614,21303898.53872348,19618391.503281623,10300249.231533574,4031964.657893298,1256931.198462269,4597209.408555065,2002784.83467275,753794.7954639967,161439.58622816618,0.0,12804124.481275544,6101613.618054286,120869383.90858324,0.1488817553452937,39.62909250602967,30,11,30,4435,0,49.12782152832287
202504,P013,1,2,2,1.0,65.53429035008624,20716663.81217144,17056407.658164363,18070538.660137,3352394.205248205,1336503.7760637817,4909674.923009905,2101836.0262666945,712093.6196866076,170434.63786291526,0.0,12582937.188138109,9761869.772061365,115802710.45615429,0.1845594271892361,50.33090391871993,27,11,35,5920,1,15.639958258960274
202505,P013,1,2,2,1.0,80.88424873725272,21798851.392639365,21405098.290952027,17443569.503563084,2299761.1295514526,1358909.2394620408,5415462.890491688,1803770.895419132,895197.4394582511,156708.84232508126,0.0,11929810.436707646,10155622.873748705,108880106.9096522,0.2333058838055415,53.92694822733795,31,5,29,4108,0,68.06153081272974
202506,P013,1,2,2,1.0,89.22694673621692,11847669.50541949,12026006.46941242,16311659.920349784,1553162.4276971042,1405110.4159223775,5695208.58110964,1399327.3844895824,755513.1867340546,165325.53654704115,0.0,10973647.5324998,9977285.90975578,109447754.15580028,0.229308718335665,54.23843358529653,15,4,8,1280,0,37.88831219044506
202507,P013,1,2,2,1.0,93.97318495609116,6740248.997391745,6581456.333268262,19206656.41797517,1011513.0796785712,1052978.630537683,4753870.716808019,1136883.697361489,712204.2640339584,162028.38253209178,0.0,8829478.770951813,10136078.573879272,112357162.91088468,0.2088217199533176,60.46886510373471,7,4,29,4846,1,83.69755303135975
202508,P013,1,2,2,1.0,97.80798268361146,5445890.058759763,4952549.3460546825,11621798.6479622,622345.7568894282,889219.3731470361,4904016.580726146,691962.8118170457,586106.7560130926,167167.75662091034,0.0,7860819.035213659,10629419.286584333,115434768.37950017,0.187150341482746,59.09311764229032,11,5,46,7189,0,23.10601101148523
202509,P013,1,2,2,1.0,97.80798268361146,0.0,0.0,5676541.685737089,285831.17435285664,630503.1894963062,3945813.826657157,373536.8513172576,462039.8032654425,156659.46275655815,0.0,5854384.3078455785,10629419.286584333,121289152.68734571,0.1459258962634654,53.970110156942845,1,3,29,4854,0,42.16735994314031
202510,P013,1,2,2,1.0,100.0,3112937.4116086285,7558539.786513519,5076736.70905914,133439.61456775328,372081.6636459949,3080538.1286886847,211179.7448794538,391233.485412306,165564.39233336525,0.0,4354037.029527558,6183816.911679447,122909046.29889756,0.1345191945611208,48.74924690629073,13,6,32,5029,0,47.28917270016204
202305,P014,1,6,3,4.283012399689017,3.585356308239,13434112.687668342,0.0,0.0,1409108.2047172526,712288.2847631482,1419496.5230839378,507370.3830526244,26096.65124713997,1476424.5111087416,-23355.2181891064,5527429.339783738,13434112.687668342,315191170.68812346,0.1588036527598629,28.33518650938981,5,6,14,2441,0,20.475840581340368
202306,P014,1,6,3,4.251581778865149,3.585356308239,0.0,13313031.220331594,0.0,2216869.9630128774,1291617.2397063784,2218815.051208312,1604307.1518395157,41333.14945537859,1425423.9214656723,-50979.20820072278,8747387.26848741,121081.4673367478,323938557.95661086,0.1354582328926695,42.58131223429548,23,8,14,2205,0,19.28658975540708
202307,P014,1,6,3,4.238562264723845,7.435494052915235,14426232.674885912,0.0,13597501.744362716,3289121.6660561217,2283764.1391407205,4011301.617158457,3500430.726420288,59299.816798297084,1455232.5263539476,-93689.9426672122,14505460.549260622,14547314.142222658,325499029.844401,0.1312935754591691,22.85436439000533,5,11,13,2144,0,0.0
202308,P014,1,6,3,4.264490145614602,13.672556989872994,23369896.638341248,14291697.55035706,0.0,4433644.747794564,3463945.063572897,6828786.090298464,5959626.750152976,83036.08356435898,1431779.4423402844,-114470.1697874286,22086348.00793612,23625513.230206847,326717274.70018053,0.1280422688934156,17.706975153693527,12,16,14,2232,1,18.189291068293155
202309,P014,1,6,3,4.321371510284843,23.64465158068716,37364833.770422354,21865951.28217224,15001734.272051465,5094823.134881253,5842707.580216473,8702087.769464413,8838647.91907537,112830.23484039128,1452923.177862848,-59426.72613977202,29984593.090200976,39124395.71845697,323599686.5215499,0.1363626281926234,25.66151624161214,37,11,8,1134,0,19.296796092399628
202310,P014,1,6,3,4.282152162840722,41.54909879527992,67086878.07081264,34194903.57584544,21025469.515148308,4708544.769672428,6459122.6610942455,13635670.999179786,12416569.546724329,109823.2387949901,1474437.9258259735,-153089.2723970348,38651079.86889472,72016370.21342415,303628379.2304828,0.1896629497282132,30.72626867603931,41,12,21,3393,0,51.41404310697804
202311,P014,1,6,3,4.248681607138568,60.139570672623975,69657370.8848022,63019891.48308703,32040499.848499466,3843808.340634344,6539761.391136624,16162161.297462352,12994012.730073234,131734.9943653337,1394047.238578722,-235902.0298137837,40829623.96243683,78653849.61513934,284691981.9485035,0.2402012569679511,15.0,53,11,28,4409,0,38.24184960286623
202312,P014,1,6,3,4.256024326766328,75.37422727279379,57083334.52223478,68405515.08376391,61395199.37145794,2800554.3545274893,7797853.02042362,17349163.974314816,12576725.889757048,132719.10363846077,1490400.1054138737,-222363.3699609108,41925053.0781144,67331669.0536102,278476952.75815165,0.2567882059027862,37.14469539794025,50,7,36,5669,0,55.24734468359497
202401,P014,1,6,3,4.242101513668179,90.8053127339698,57819341.55389389,52335009.75376315,68064197.60324438,1587249.3337354432,6794614.685263925,17669957.675191056,9095107.478916634,112939.40548901857,1466788.3533994327,-240119.7454496552,36486537.18654586,72816000.85374093,267133150.45123023,0.2870630547939011,25.40219286349929,54,9,37,5919,0,47.1239248581908
202402,P014,1,6,3,4.147741963970815,92.54388295847524,6514317.212423114,54662728.15579527,52579139.33877298,921491.824797305,4742433.083175181,17384578.1977611,6027788.727020867,118140.55714742708,1442804.9962578395,-406112.4505346902,30231124.935625035,24667589.91036874,291996242.9506953,0.2207073172712328,24.22200707720696,75,4,37,6424,0,62.31357423975434
202403,P014,1,6,3,4.110604585257383,93.87546644207092,4989362.572014178,6119611.780902944,52122618.611103706,437869.0624833189,3395958.132994555,15594713.653165571,3276148.303322243,79407.35882035203,1450967.7703517915,-416980.7911948711,23818083.489942964,23537340.70147997,311702911.65241486,0.168113275084179,32.684825870892475,12,6,45,6348,0,62.45309912682893
202404,P014,1,6,3,4.041771404291128,100.0,22948255.87837804,15265486.69928623,5962582.886123333,182319.38448033863,2520777.6074328315,11228575.026543103,1418376.2460533178,62978.75435083254,1440386.597979718,-377650.0672913895,16475763.549548753,31220109.880571783,309268484.3267774,0.174610384027545,45.08503783509399,15,4,22,3355,0,29.65382005004155
202311,P015,1,6,1,1.0,1.1192269852083043,4240836.577864856,0.0,0.0,1331266.000851357,471404.27217329625,209447.13762695243,56647.05791567133,137749.27830396366,95087.62423015236,0.0,2301601.371101393,4240836.577864856,331065892.4904793,0.1262622976526685,67.62073109827979,4,6,16,2730,0,69.16477763089605
202312,P015,1,6,1,1.0,2.164489262706061,3960578.6479940894,3978424.472186769,0.0,1772626.110738943,603594.1138486952,261017.54252800063,73554.68885200385,143955.47436416987,88412.05760152098,0.0,2943159.987933333,4222990.753672177,331102593.2366767,0.1261654383071899,61.36548996864372,9,5,16,2398,0,67.53233403872787
202401,P015,1,6,1,1.0,3.58437746263929,5380064.896875974,3933885.643520172,0.0,2055320.4493392536,782227.5963164481,323185.4827158278,111377.28990707349,169594.11806600692,95755.43438534671,0.0,3537460.370729957,5669170.007027978,330672436.8640694,0.1273006921922236,68.4426108572303,8,8,14,2157,0,56.65827982376964
202402,P015,1,6,1,1.0,4.306154873724333,2734869.768562956,5163950.053959541,4143714.8532631975,2439831.6978850863,966772.3471391218,416517.3694264201,145459.3718478456,207668.64261932363,93153.08581338495,0.0,4269402.514731182,3240089.721631393,332916365.77260333,0.1213785922923386,62.25688226076574,7,6,21,3551,0,73.23654372915033
202403,P015,1,6,1,1.0,4.306154873724333,0.0,2558969.040689852,4136029.494065072,2872697.5297724013,1138648.539417908,476166.84405158507,186015.3681591136,244580.5852643868,92370.21720923291,0.0,5010479.083874628,681120.6809415407,337926844.856478,0.1081551084430324,76.8667522525153,4,7,19,2688,1,78.243842802398
202404,P015,1,6,1,1.0,5.894847933771668,6019679.411853047,0.0,5119891.833181409,3297707.6014222694,1366976.0111657372,568183.3884831369,263914.6964229623,265108.4530653577,94592.833632952,0.0,5856482.984192416,6700800.092794588,339304669.8404465,0.1045188001943233,71.8115014127958,1,5,17,2745,0,77.2859051267651
202405,P015,1,6,1,1.0,6.335945015723746,1671350.5519916234,6235089.255971163,2565253.8628516705,3786665.64306718,1744382.0229710534,740669.7652606607,306371.50348141487,318974.478671645,96922.0054036684,0.0,6993985.418855622,2137061.388815049,345050185.1731647,0.0893554339899506,65.2940282529512,8,11,11,1915,0,50.58927586898475
202406,P015,1,6,1,1.0,8.810815901312656,9377474.914210426,1604160.823584776,0.0,3939428.5434340336,2086797.788531789,898411.9840202847,397130.78870987264,360311.6936204647,100177.05914288556,0.0,7782257.85745933,9910375.4794407,345787484.98878235,0.087409577707406,75.12763894496203,2,11,14,2273,0,57.241539992530456
202407,P015,1,6,1,1.0,11.893858389517558,11681883.592770444,9101340.733571753,6174484.049743262,4159584.097654169,2304590.725491377,979995.6253689886,511242.25065529207,364242.1468180198,96573.65426199956,0.0,8416228.500249844,12490918.338639392,345332213.9807776,0.0886111132732929,71.15695258879559,8,6,10,1487,0,41.82172791338569
202408,P015,1,6,1,1.0,16.191680928749008,16284778.039150435,10392882.581004512,1590532.4488457902,4759348.191626632,2596503.407966084,1235752.1505151882,576349.2348812844,421975.3599121324,95012.07220907672,0.0,9684940.417110397,18382813.79678532,342473642.13626534,0.0961553576429866,52.70221243401326,6,12,15,2605,1,34.24269819000436
202409,P015,1,6,1,1.0,16.19474594871072,11613.594862614653,16021038.679855268,9063673.274986204,4739196.870941168,3260097.858559972,1372311.1830863408,689446.5276762992,460085.3937206175,97468.6277875408,0.0,10618606.46177194,2373388.7117926627,353083229.77874243,0.0681548993056568,65.3355576298049,14,7,8,1248,0,77.60278862688054
202410,P015,1,6,1,1.0,19.835220318325035,13794035.590168083,10675.857137574916,10066450.75949012,5124093.50853085,3445332.441568596,1494413.2626344257,797312.2905082348,516705.19858499296,89208.58665368416,0.0,11467065.288480785,16156748.444823176,353764413.5695896,0.0663571425031853,63.58747647290399,3,8,18,2574,0,50.355736183897015
202411,P015,1,6,1,1.0,25.774176383610182,22503158.384182528,13542768.599838331,15702468.02470368,5264384.650593745,4053058.270213758,1642422.0797775164,882102.7299574171,562490.5049516737,98612.8777118394,0.0,12503071.11320595,25117138.22916737,348355249.2517611,0.0806328226921815,41.03649200056627,18,9,23,3667,0,59.13124871319187
202412,P015,1,6,1,1.0,29.529739471464666,14230115.538617184,21600332.112322383,8512.330035132043,5575661.321251656,4417808.846110461,1950014.275887536,1037127.085803523,594558.7089652683,99044.8949144726,0.0,13674215.132932916,17746921.65546216,350499931.10979885,0.0749726521901362,56.591279754180746,42,7,28,4531,0,64.66207913062408
202501,P015,1,6,1,1.0,32.68161586253808,11942700.511000564,13447901.815369057,13316402.873969443,5397348.52284222,4981285.073743225,2050556.995008605,1091682.2881202924,641973.2764930842,95836.88411025736,0.0,14258683.040317684,16241720.351093665,354961278.8380921,0.0631984169037165,55.461034324699945,9,11,19,2726,0,74.51535733930447
202502,P015,1,6,1,1.0,36.91648544635044,16046244.480226012,10979247.123320716,19744685.68425028,4622628.897662303,5326242.483338109,2350478.4050473776,1160096.0176778424,668328.6570427121,92621.77930076788,0.0,14220396.24006911,21308717.70799896,355843929.7743748,0.0608689549490558,65.02634201279812,13,13,8,1321,0,31.76663256385683
202503,P015,1,6,1,1.0,40.7155758068364,14395043.700955864,15265137.671509815,11986194.791508606,5273950.078662014,4963460.806625868,2501171.676630324,1275984.8412270723,659696.4593489222,97124.21622758124,0.0,14771388.07872178,20438623.73744501,358480271.1257778,0.0539112136436921,78.15253292346134,22,17,17,2972,1,48.00098105444397
202504,P015,1,6,1,1.0,46.186588777543655,20730086.238789376,13055837.818665143,10787467.50115529,4522643.761105097,5710409.360723937,2685941.222385232,1310742.9957763513,661760.9789370485,91803.7782760482,0.0,14983302.097203713,28112872.15756926,355705940.019357,0.0612331327584632,62.41810997962343,27,5,13,1822,0,40.80555020368848
202505,P015,1,6,1,1.0,54.47210153816061,31394441.02578603,20059587.63069789,14820723.622320175,4528309.938440269,5905637.729142459,2967781.040058692,1262991.0840006045,725998.8771565834,100106.56270726658,0.0,15490825.231505873,39447725.5526574,343669858.77125674,0.0929983438947428,63.26652708117805,31,11,18,2838,1,52.90862926759627
202506,P015,1,6,1,1.0,57.38810979922904,11048978.141456729,29474772.145415567,12532775.582740333,4176953.0752008017,5719868.601964562,3064645.266618385,1313426.4044230338,691111.7796161528,95857.22282281086,0.0,15061862.350645749,21021931.548698545,348862179.120932,0.0792949508389118,53.90894304848689,45,9,26,3853,0,49.74693810071267
202507,P015,1,6,1,1.0,61.919020345702144,17167966.31108804,9595603.845165864,19333952.667423006,3647657.096114349,5655711.404450296,3253469.307896355,1257763.1501401544,694438.0781198572,94960.94348668832,0.0,14603999.980207702,28594294.01462072,347943126.65627295,0.0817204824536822,67.2991674869526,12,7,35,5380,0,50.47320716249589
202508,P015,1,6,1,1.0,66.3629967145307,16838566.06851523,16598798.082904791,26097147.716613937,3301057.5334952194,6195055.612394327,3509528.0957054016,1291599.7448975018,746354.8510123813,99253.00789400964,0.0,15142848.84539884,28834062.000231177,347638889.2791563,0.0825234152621644,64.30863617199736,16,10,22,3624,0,46.818650871120205
202509,P015,1,6,1,1.0,70.48250228316907,15609121.41065658,17017806.10939541,9816300.54278413,2817968.462314694,5720996.413916385,3411759.244509144,1139476.8582481788,735642.0631330764,92866.43600235834,0.0,13918709.478123836,27425377.301492333,347042114.75644946,0.0840984020310123,74.96967912984275,25,8,27,4447,0,94.2497835042702
202510,P015,1,6,1,1.0,76.76326036887522,23798272.35994118,14688336.09049737,14880725.61580038,2374007.4648323776,5685488.376524318,3335616.3120767497,1052429.264349188,712178.3152773873,95924.06703276077,0.0,13255643.80009278,36535313.57093614,337803508.638729,0.1084806131415127,69.64732318437753,14,7,19,3034,0,60.51515300430549
202511,P015,1,6,1,1.0,78.29131369680326,5789910.832787213,24008573.911048405,15008126.638795502,2118485.6644350453,5418295.976475176,3568904.917248175,972805.9905089564,663429.136769825,99578.28627311556,0.0,12841499.971710294,18316650.492674947,345105976.47337383,0.089208191511757,53.497097474579256,28,2,20,3383,0,56.00370995599947
202512,P015,1,6,1,1.0,85.32588034343371,26654510.60305368,5701837.998879051,13911517.112825887,1641734.301295334,5167602.634592442,3389183.1670633685,874675.9934656649,685860.0183994396,95274.58562992608,0.0,11854330.700446175,39269323.09684956,330690907.3439956,0.1272519455376814,72.7056138414857,11,7,29,4673,0,33.86397497034466
202601,P015,1,6,1,1.0,85.32588034343371,0.0,25978456.81282446,22726022.51481014,1360701.512009148,4482748.827274771,3538521.87075661,758864.3858461721,633731.1740258351,97713.0256084158,0.0,10872280.795520952,13290866.284025071,341563188.13951653,0.0985581964773589,59.552708213556095,40,3,45,6330,0,48.385328676176215
202602,P015,1,6,1,1.0,91.1147002120394,21934280.861611698,0.0,5351896.638182799,1094057.5340643418,4416144.741676859,3186530.9211926856,579073.8489728932,585244.7367181785,94900.02681132706,0.0,9955951.809436284,35225147.1456368,329731964.9778054,0.1297827532068605,74.82046146378202,4,5,33,5191,0,61.03477562342656
202603,P015,1,6,1,1.0,91.1147002120394,0.0,18950082.80374128,26349536.57777684,895464.1440927852,4191846.313521928,3217491.4661880727,508534.8788549226,556319.377195155,100399.6413984916,0.0,9470055.821251355,16275064.34189552,339202020.7990567,0.1047897080093729,59.60611270916333,31,2,45,6434,0,38.331340247722856
202604,P015,1,6,1,1.0,91.1147002120394,0.0,0.0,0.0,650152.9009136123,3729461.022824877,3104488.4045031266,438927.8715269145,522260.34639384254,98918.40238792056,0.0,8544208.948550293,16275064.34189552,347746229.747607,0.0822401259943772,58.43146852274697,2,5,36,5264,1,55.93787147902543
202605,P015,1,6,1,1.0,91.1147002120394,0.0,0.0,20148559.860531643,524815.7373493644,3425541.1123646675,2813543.5596309006,344130.25125780865,500520.039135705,98550.67497378566,0.0,7707101.374712232,16275064.34189552,355453331.1223192,0.0618998094602821,66.84518907651938,0,2,19,3325,1,56.89764776343215
202606,P015,1,6,1,1.0,96.54944855125798,20592676.778749097,0.0,0.0,377920.0029677778,2806660.249301374,2767326.603997948,271077.71887578454,482248.5999194693,98482.32236790447,0.0,6803715.497430258,36867741.12064463,341802478.04129624,0.0979266708091509,58.68956063418031,1,2,50,7682,2,70.53752843309505
202607,P015,1,6,1,1.0,96.54944855125798,0.0,20601241.238449987,0.0,285160.84470433946,2475637.528990922,2506497.162073424,220587.54905942944,434152.6366593329,94642.07089549646,0.0,6016677.792382943,16266499.882194638,347819155.8336792,0.0820476619794145,59.21425929880292,24,6,23,3592,0,71.9923537054996
202608,P015,1,6,1,1.0,96.54944855125798,0.0,0.0,0.0,205007.2392888789,2150825.4634159324,2237381.9340545973,159313.73682780724,378257.1604259749,97030.78162958882,0.0,5227816.31564278,16266499.882194638,353046972.1493219,0.0682505891925979,69.60617060766045,3,1,24,3822,0,42.24889641047902
202609,P015,1,6,1,1.0,96.54944855125798,0.0,0.0,17887428.224243756,143732.3768559528,1760657.1753590312,2008822.5308020727,123506.23198572244,333166.3434718225,94549.6024627032,0.0,4464434.260937306,16266499.882194638,357511406.41025925,0.0564682080355167,73.4837668824961,2,2,44,7348,0,42.39923419883965
202610,P015,1,6,1,1.0,100.0,13074403.129143847,8248849.732557995,0.0,108132.00358081568,1494873.5099711933,1932320.800933271,90665.49094887436,300644.3577203841,97411.17703143891,0.0,4024047.340185977,21092053.27878046,348548736.2731236,0.0801221784086294,57.13113819718081,7,4,35,6017,1,56.96595314757303
202404,P016,1,6,6,1.0,1.20043482375644,814369.0236546835,0.0,0.0,961958.6147525716,14376.790799396902,76506.66921654367,140138.00678561957,225844.7931040694,129578.82825125247,0.0,1548403.7029094533,814369.0236546835,57556957.04279444,0.1515716637458749,27.96842945595206,1,1,28,3936,0,18.828059017212706
202405,P016,1,6,6,1.0,3.5346901959740147,1583547.2537234684,0.0,0.0,1494792.737727792,25933.78364136713,143026.2713013237,279227.1605200092,316488.56120330136,125536.62592306422,0.0,2385005.140316857,2397916.277378152,58554186.037162766,0.1368718363049068,36.2856248623237,2,3,23,3433,0,59.60895155509763
202406,P016,1,6,6,1.0,4.219653442139171,464675.6650005657,741543.056507726,0.0,2095064.1648976728,43409.188337846856,255517.57443039227,676478.2341165441,497173.8475291152,122366.76025161608,0.0,3690009.769563187,2121048.885870992,61837559.62147907,0.0884726969033743,36.11143477946949,3,9,14,2190,0,11.882904711486567
202407,P016,1,6,6,1.0,9.192126677439816,3373301.151918626,1435259.415588266,718373.0020581342,2692605.1805486325,65662.1031662243,445242.6792256127,1255604.7204543385,692360.0571504376,128463.4329470262,0.0,5279938.173492272,4059090.622201352,64173591.92544944,0.0540380064172206,28.77142825684395,5,8,24,3963,0,58.095247802940136
202408,P016,1,6,6,1.0,20.918211449163167,7954917.683042738,422334.9776675223,1373439.82352661,3265892.465094453,111964.65751269816,590660.5017721329,2113316.702074684,812376.0075211003,129432.33846883324,0.0,7023642.672443902,11591673.327576566,64311012.42326243,0.0520123356674622,43.50534874925219,0,11,10,1499,0,69.20676143786605
202409,P016,1,6,6,1.0,39.09320615590495,12329826.160775725,2995676.673273168,401234.81048600574,2873902.4919470176,127640.416491198,758902.4198580801,2742929.533930046,1036326.1021721289,125499.21979639932,0.0,7665200.184194869,20925822.815079123,61458513.95339878,0.0940600855016733,38.54451061148424,7,9,11,1888,0,59.4138328286779
202410,P016,1,6,6,1.0,62.90620547290513,16154620.49275713,6937359.921537006,2932034.59187041,2476350.8691115724,158720.1997274119,991185.4671906664,2776563.1714378623,1123938.1366140386,123192.22041759698,0.0,7649950.064499149,30143083.386299245,55614547.10326691,0.1802040953056516,33.8371695990401,16,6,26,4039,1,40.012394271571495
202411,P016,1,6,6,1.0,81.06753459117765,12320555.493414909,11913157.499367775,6455292.14102941,1807734.8012995785,144361.64563635152,1098729.1360620449,2283873.3254067064,1030030.7057363276,125856.37646913904,0.0,6490585.990610149,30550481.38034638,52037979.92648457,0.2329251058525154,29.46659918432306,10,7,14,2432,0,42.13606719893161
202412,P016,1,6,6,1.0,92.64958617142312,7857206.28114367,14365372.06171028,12223046.65189018,1148837.8549900246,128757.08362093275,1136346.433325994,1796659.2261889677,1069905.9324962466,130267.13058361127,0.0,5410773.661205777,24042315.59977977,51144457.36299629,0.2460962306112867,39.3516436662799,21,4,21,2944,0,52.65332037925855
202501,P016,1,6,6,1.0,94.1410312374988,1011788.9270272196,11722756.424268449,14000112.28817323,558243.7136886765,104879.37106548356,1027173.605045751,1259626.2463735573,750685.6485581797,133805.80676781753,0.0,3834414.391499465,13331348.10253854,54167054.31142405,0.2015411145683268,37.84380250962883,17,4,22,3840,0,13.478946872081076
202502,P016,1,6,6,1.0,98.34309616137028,2850659.9789220374,6809075.934033606,12447055.76166773,269372.86166632536,75134.8480756318,845629.3010331352,697508.9870609991,658981.8251334571,128882.6759667981,0.0,2675510.4989363467,9372932.147426978,54555313.55336671,0.1958179116819794,15.0,6,1,31,5199,1,24.48701573708992
202503,P016,1,6,6,1.0,100.0,1124035.3367392416,3752940.584553648,6415373.845192497,113900.10468682848,49297.71342182472,652185.1569251528,315896.5723422409,519759.2280750081,123440.70042395047,0.0,1774479.4758750056,6744026.899612568,55427913.72554644,0.1829551970713536,26.81160762069945,5,2,36,6167,0,22.64087400481021
202306,P017,1,1,5,5.017853384993055,1.6935742531917346,5874888.951653931,5848612.349743261,0.0,1813684.0376953336,208278.94804484805,1440285.2829177196,144399.71044445678,144463.07032241908,1136019.093743537,1095.777225572558,4888225.920393887,26276.601910670288,301723555.028262,0.130211228531414,80.50857781944397,16,8,19,3000,0,0.0
202307,P017,1,1,5,5.082760753362572,5.491387928721886,13174346.244791614,11543322.836555216,0.0,2533872.641154832,342584.9738082518,2123075.9977354654,295040.0276240249,206710.42734637737,1167463.173498653,21479.59692786619,6690226.838095471,1657300.0101470724,296398489.9683408,0.1455619749987401,98.9771106048609,11,5,17,2930,0,17.150201755377168
202308,P017,1,1,5,5.10987468869922,7.347745224079253,6439571.778009592,6257545.594044319,0.0,4276140.995739173,563487.6495615204,3211398.0643992755,639328.5533644902,304318.99768025347,1139380.1125666078,47908.60213683534,10181962.975448156,1839326.1941123456,300723442.9482509,0.1330942856971772,100.06102754659209,13,6,19,2925,0,51.43751051090973
202309,P017,1,1,5,5.102985045640871,10.673407611573836,11536486.918363076,11549214.194880243,4875272.266504751,5002314.458163839,895249.2937250601,5354746.231171583,1179916.7351475442,390110.2311350472,1181035.9338241164,61568.63322254599,14064941.516389737,1826598.9175951704,304321860.1738532,0.1227210057668288,79.25741605908088,13,14,8,1244,0,41.073941309138974
202310,P017,1,1,5,5.173613325223764,14.739439343305236,14104775.6558677,12884565.844049092,11563732.313102854,5913925.79531043,1281865.2104763165,8076615.163077447,1664286.5631904672,536333.2447785469,1139671.6140014883,148258.9045353703,18760956.49537007,3046808.7294137776,310332074.8218447,0.105395155239682,93.93707620769078,20,14,23,3498,0,41.233803095908
202311,P017,1,1,5,5.155946277091907,24.38639238297205,33464595.79380873,31995835.680949144,5961013.319225915,6593332.8529018415,1764612.685805105,10015527.994921662,2489148.068089545,622268.4286825107,1153593.9428406886,156676.4523931801,22795160.425634533,4515568.8422733545,303077094.22452825,0.1263093349767504,97.71235471799751,56,12,25,4294,0,11.8510670654487
202312,P017,1,1,5,5.096458514493775,37.3785285937163,45068798.92572568,46460420.88621365,10668391.335281933,6593979.910356223,2145078.06432948,14375364.996062014,3109679.424084916,699118.6689809762,1119084.4845526477,115639.321393366,28157944.869759623,3123946.881785378,291213624.34927243,0.1605085637614795,98.98123332586935,45,10,10,1679,0,26.510999083019232
202401,P017,1,1,5,5.052703812916176,49.46151990552056,41915039.76094796,42304781.22432821,11988956.222704483,5273909.221606468,2194663.176427022,14464023.901964989,3418175.434832268,765423.7418545043,1152447.009275109,51958.99110042555,27320601.477060784,2734205.418405116,281775814.19714266,0.1877152606228027,92.51679415317176,34,13,22,3779,0,4.799754849093212
202402,P017,1,1,5,5.072983339391489,64.64594536482025,52673694.820248894,51868700.76585863,29891887.245993663,4591609.505931041,2131826.192172343,18615326.82134542,3277907.0951229613,875688.031830215,1125749.7119350056,92092.338456071,30710199.696793057,3539199.472795397,266924488.19363707,0.2305276840613991,96.92213945280896,47,7,26,4345,1,40.85553982396408
202403,P017,1,1,5,5.1241974302409945,78.48453485049308,48005085.2938004,47904282.051913925,46915100.32070116,3198988.7669310924,2484023.2849296285,20118740.34182776,2812851.16692148,754467.5354705593,1161053.7699166688,171196.9550923345,30701321.82108952,3640002.714681864,256715543.1538129,0.2599573577351937,91.9746780627094,87,7,15,2179,0,20.65398348822124
202404,P017,1,1,5,5.175197014929182,84.88804300113271,22213315.54558045,22755183.119722813,39910264.29135063,2130905.6492763245,2194049.097226189,18937375.53255172,2113810.078445304,734460.809975471,1157649.8110317828,225460.17950762075,27493711.1580144,3098135.140539468,265589497.0326585,0.234376108562828,90.30802873664852,33,5,23,3609,1,34.078610457730974
202405,P017,1,1,5,5.211371274831431,92.67111234053915,26998915.45107165,26374884.99277635,51974145.73023044,1464793.042620917,1718879.6531291783,18298889.78166985,1779363.111594065,722050.8683747674,1160415.7385623057,258593.9632794666,25402986.15923056,3722165.598834753,268421804.32028303,0.2262113198512083,92.44941718829028,34,3,34,5549,0,31.600991378890985
202406,P017,1,1,5,5.259039086358034,95.337747274462,9250367.429637596,8298195.174045996,47677997.32494225,745459.9307643663,1277196.616653214,16716283.10117793,1112084.537237145,525608.0880333083,1134647.0453527076,283304.7100413589,21794584.029260032,4674337.854426384,282483223.1756647,0.1856759886597738,95.18359696162469,16,6,27,3859,0,35.1933105600049
202407,P017,1,1,5,5.188776527648128,95.337747274462,0.0,0.0,23540220.07198759,417799.45029758377,981195.0755514904,14932899.337218272,629270.5977555022,429419.5725638931,1089772.1431383314,178005.5209901839,18658361.697515257,4674337.854426384,301141584.87318,0.1318888937245501,64.95262357205252,1,3,32,5486,0,7.152461927984273
202408,P017,1,1,5,5.247138887191439,100.0,16173023.99080619,19058136.040895,24278660.99089956,204423.4210623037,732381.1829228597,10850146.502998106,307945.685118199,385169.5434238931,1138682.5021807523,170687.09496598612,13789435.932672102,1789225.8043375611,301410621.01272714,0.1311133340793131,93.61186803530516,22,4,46,6877,0,6.9408782834197424
202412,P018,1,8,3,1.0,1.1411790998964595,2687190.560071649,0.0,0.0,664831.748584028,351894.40137382824,195635.93243158192,73247.88992562705,79068.94033369981,97931.36203239068,0.0,1462610.2746811556,2687190.560071649,202026510.1119564,0.1420465880222573,62.86536547973681,2,3,18,2796,0,46.3626886549353
202501,P018,1,8,3,1.0,2.5558834076837345,3331273.821544387,2727029.9503644737,0.0,759101.6770307103,497497.0571684909,241916.90356499088,123440.57949852943,103047.22135614674,100158.29121000798,0.0,1825161.7298288764,3291434.4312515627,201076034.7441443,0.1460830067296994,88.80020003246545,3,4,9,1349,0,22.99069189822783
202502,P018,1,8,3,1.0,2.5558834076837345,0.0,3237353.578672178,0.0,1049427.9162942169,722291.221257637,317490.4522029699,184253.70087368763,110726.47151440728,94382.99779311738,0.0,2478572.759936036,54080.85257938411,203554607.5040804,0.1355571606165146,74.41560625798175,6,3,8,1173,0,50.31377599304909
202503,P018,1,8,3,1.0,3.0304115968388543,1117394.8686067136,0.0,2643161.466177124,1163192.4866368813,957683.6779717854,369017.77169973287,231461.82629275144,147999.5626579659,93083.01344511748,0.0,2962438.3387042345,1171475.7211860977,205585411.2467184,0.1269328716601398,83.05584689435973,2,7,9,1419,1,49.094606272642416
202504,P018,1,8,3,1.0,4.609560857985193,3718500.4421142815,1045897.1458130402,2971731.7206433606,1322648.1974952666,1040444.8710527344,537521.1160055798,332466.1973749035,186761.88570398203,98918.16500806926,0.0,3518760.432640536,3844079.01748734,206001626.69750884,0.1251653141949059,67.1336956965223,3,1,11,1849,1,49.47913404337458
202505,P018,1,8,3,1.0,5.091527333830616,1134910.1681588185,3390618.708139368,0.0,1601984.3049150102,1355561.0521592945,666468.6476744587,433986.4576170785,189980.26799394112,103274.31765642422,0.0,4351255.048016206,1588370.4775067903,209405284.1412224,0.1107108769261575,80.41686340117899,3,6,17,2743,1,72.58269383724353
202506,P018,1,8,3,1.0,5.585408448021127,1162966.15314005,937384.9629519013,1064749.1211862145,1625486.600037512,1524895.6579344696,761967.7355262198,546589.07353152,239722.82045770664,96269.8156641198,0.0,4794931.703151547,1813951.6676949395,213228862.3981281,0.0944731464933627,75.158146770251,2,5,20,3156,0,12.865833805786991
202507,P018,1,8,3,1.0,6.941967507776944,3194356.34589369,1145373.776288539,3557848.4099665266,1928590.1429277868,1927596.2502013603,1056619.955759428,723240.598353398,233099.1317276114,97646.044225532,0.0,5966792.123195116,3862934.2373000905,216525886.1081521,0.0804715546239638,81.2601473773331,4,9,16,2694,0,34.78755820575254
202508,P018,1,8,3,1.0,10.526746818408393,8441256.17472577,2697721.689218943,926234.9301841968,2165710.8147464693,2504509.362445959,1105575.0414516774,942196.3310145376,289448.2189269201,95048.43441726506,0.0,7102488.203002828,9606468.722806916,216561226.50939745,0.0803214732420092,73.2418576557064,5,6,20,3164,0,53.20177194710431
202509,P018,1,8,3,1.0,14.335526516775948,8968720.906100072,7663277.387540327,1011170.9901811028,2272500.432407625,2664745.284202162,1314985.5994380414,1073220.1026973145,298728.75537562446,95560.43889010431,0.0,7719740.613010873,10911912.241366662,216752913.221772,0.0795074302294292,76.87746596699176,10,5,17,2958,0,52.24630816453503
202510,P018,1,8,3,1.0,18.488397935608315,9778970.605832344,7946354.369366659,2795446.391093328,2281435.284300552,3068017.9968118435,1373794.041753725,1247106.5010112429,354057.29113865964,99444.06458328175,0.0,8423855.179599304,12744528.477832347,216945951.21434128,0.07868764868554,68.25567787205898,14,4,21,3526,0,55.126012655973405
202511,P018,1,8,3,1.0,28.71571578633205,24082768.415414058,9104621.743760357,7959671.789880946,2278154.911850732,3050890.508082388,1685546.9812628906,1434553.297051744,339243.04600288614,90150.06322864308,0.0,8878538.807479283,27722675.14948605,205453554.1177699,0.1274928341799708,79.37988752105736,20,8,21,2953,1,54.90958420511966
202512,P018,1,8,3,1.0,32.011394943619074,7760497.823076242,22693049.049574014,7747815.944452248,1951801.6454075023,3327175.6417976525,1932045.7301975703,1586610.641817785,400408.3172852952,95523.61517913916,0.0,9293565.591684945,12790123.92298828,208152181.0435424,0.1160324759461013,77.29251953856368,30,8,28,3932,0,28.835779045584065
202601,P018,1,8,3,1.0,39.94423164809376,18679840.79693397,6914021.923211569,8474395.356721312,2138074.72157126,3899674.7853648025,2311655.059454801,1623752.901372705,429446.8829419773,101727.15519209029,0.0,10504331.505897636,24555942.796710685,202721158.8484808,0.1390965976804112,88.54049741475343,6,6,27,4087,0,38.96312664698954
202602,P018,1,8,3,1.0,48.29760903691053,19670108.632361945,17460894.118891146,23608038.26199064,1937124.7384787763,3908180.139239794,2242476.958974309,1800917.74452876,447131.0755090524,98695.89702180254,0.0,10434526.553752491,26765157.310181484,196282294.5331276,0.1664407596201369,63.92912223696186,29,8,20,3289,0,27.68253055128304
202603,P018,1,8,3,1.0,54.70901069665352,15097242.859120209,19271813.86798618,6658592.231058286,1835739.067725669,4195866.850398814,2556983.357069266,1839249.0471825488,464516.7699364788,94752.78514427088,0.0,10987107.877457049,22590586.30131552,194253808.6231476,0.1750552053513019,80.1129002145261,30,8,30,4987,0,39.65773825301998
202604,P018,1,8,3,1.0,61.81746254862689,16738621.23401998,14304846.007757053,17390084.504036363,1674565.131914884,4518867.343265291,2412149.784781217,1846649.5600798088,450438.084346251,97908.83114857056,0.0,11000578.735536024,25024361.52757843,190757850.61321625,0.1899016188298566,77.53179872375064,24,5,15,2148,1,27.89241083075432
202605,P018,1,8,3,1.0,69.1526154556431,17272445.359544788,15237419.873700222,19917489.61596147,1388473.103412323,4201098.026932916,2631090.8756328723,1728375.1829649692,450105.5034027661,94716.7191607481,0.0,10493859.411506595,27059387.013423,186220224.7564445,0.2091717214710313,72.27663369932414,23,4,43,6295,0,40.517288366767005
202606,P018,1,8,3,1.0,76.0589443958183,16262672.471369524,16999027.648188543,13668232.372801747,1187198.663514804,4393521.583667891,2892148.4918793538,1631888.9555268718,410127.80857107736,98778.12716080778,0.0,10613663.630320806,26323031.836604,182613740.62448385,0.2244875102976788,75.56475044579349,21,2,40,6416,0,53.38148263992728
202607,P018,1,8,3,1.0,79.55830517411596,8240116.954980735,14898801.432765411,13300033.063873706,1055884.870384658,4331737.632942304,2710124.43509011,1427267.073217379,424214.0390496979,102096.75565441996,0.0,10051324.80633857,19664347.358819302,185434911.12272328,0.2125067417668846,80.22845339233994,25,4,24,4095,0,37.308267318489776
202608,P018,1,8,3,1.0,84.19614209783992,10920942.73520565,7656652.370300886,17478389.167316154,833330.5957849617,3533791.5295270137,2719471.836776377,1331066.600514876,410757.6410314741,97177.3873119472,0.0,8925595.590946648,22928637.723724067,184706774.6361733,0.2155989457686011,80.30692199938126,11,5,51,8563,0,84.20285328106779
202609,P018,1,8,3,1.0,88.25708246429873,9562496.034804812,10228796.5029062,15938143.30273869,639722.1302563297,3883632.3818182265,2975852.186756284,1139930.866326249,351961.1716087469,93735.8329525054,0.0,9084834.56971834,22262337.255622685,185333276.92002788,0.2129383554740552,59.86776338373474,13,5,33,4918,0,69.5985592837562
202610,P018,1,8,3,1.0,90.43612782135394,5131105.287485516,8659086.256376192,7402919.0784869855,467987.4845906005,3329656.50054016,2773823.9755290467,917010.1437086744,379649.41217351536,97330.4143526367,0.0,7965457.930894634,18734356.28673199,188760108.81046832,0.1983855024299264,67.11581115594912,9,7,25,3561,0,50.83899644737668
202611,P018,1,8,3,1.0,94.54883758175218,9684399.973202685,4857505.8826211775,10082848.652711583,392365.8632950938,2996700.221096009,2890795.349718935,745846.9929719801,357552.4676184226,93399.95670102056,0.0,7476660.851401461,23561250.37731349,187670609.46013844,0.203012319397883,86.38752120484392,7,6,27,4404,0,12.66845052690294
202612,P018,1,8,3,1.0,94.62726463614568,184676.04273466923,9313979.183056166,7934355.856921875,260767.4476427032,2519076.8651304804,2418134.595577082,616514.3044621078,327655.8409275073,96006.0894733366,0.0,6238155.143213218,14431947.236992002,193745412.76205385,0.1772142287557998,84.6310036372821,14,1,35,5325,0,55.38405222553229
202701,P018,1,8,3,1.0,95.97236069474906,3167363.853225635,187413.98810168653,4430533.773813048,210866.68718202543,2171314.9270527344,2223194.9328764733,468121.2777229496,276802.39893414866,95879.0822953182,0.0,5446179.306063649,17411897.10211596,196389957.8668268,0.1659835417805527,85.8636989066024,3,3,19,2689,0,59.37897860250019
202702,P018,1,8,3,1.0,98.6449053676478,6293172.401277665,2864187.446350437,8851210.195403473,146020.59505797582,1915653.055077212,2087263.7697016944,343445.7673878895,260582.1878508661,99678.3576358594,0.0,4852643.732711498,20840882.057043195,195676090.1878219,0.1690151499123938,72.83849136018158,5,5,38,6042,0,30.48243696920364
202703,P018,1,8,3,1.0,98.6449053676478,0.0,6138503.315349627,193924.04776675915,110482.96242742248,1669452.4893537422,1920316.2971022169,249378.9374143131,225696.4099644302,99429.52401852676,0.0,4274756.620280651,14702378.741693556,199950846.8081025,0.1508613837273927,61.22402925472329,7,6,51,7581,0,59.21107695154264
202704,P018,1,8,3,1.0,98.9335900685128,679780.0652604614,0.0,2857746.165189652,69206.18333681584,1429671.626966164,1832147.023469109,164776.01381681513,195616.5731424525,97425.0575374961,0.0,3788842.478268853,15382158.806954026,203138402.1692472,0.1373246751219404,82.59428680352097,4,1,23,3923,0,41.55017038465989
202705,P018,1,8,3,1.0,100.0,2511127.921392086,9750271.963550264,6350247.051607826,43637.90808393955,1176498.2091218126,1570402.0247012768,120349.14478320544,181170.84552028868,92475.67386150877,0.0,3184533.806072032,8143014.76479584,204101763.3553111,0.1332335337361271,86.56819913456503,19,4,48,7777,0,81.07021039367835
202411,P019,1,3,5,4.187382122977061,0.2121845338683893,303294.6205656573,0.0,0.0,528169.498725214,79215.21984210255,52124.54183434639,65528.69058277053,59859.17550897794,1329889.0194158622,-593.0424024971759,2114193.1035067765,303294.6205656573,129451369.57884024,0.0943598517678086,32.90583499324853,1,3,14,2157,0,31.84122150830501
202412,P019,1,3,5,4.211234155170135,1.1864944811583586,1392669.67478387,276886.7196754719,0.0,631134.2496657192,131907.8557686283,68198.1108913694,101341.46654074804,65254.40372724064,1346515.347412742,549.3100350337235,2344900.744041481,1419077.5756740551,130550051.4125683,0.0866734875215693,36.24531808506754,1,7,13,2167,0,43.51480863371929
202501,P019,1,3,5,4.216718132100726,1.1864944811583586,0.0,1333064.6587076788,0.0,760053.0402037709,143396.67972101778,84075.21915215209,136418.6378416414,92406.577729111,1409459.4154168705,1013.8315246964976,2626823.4015892604,86012.91696637636,133176874.81415756,0.0682962641477662,25.808004039075023,4,4,9,1459,0,50.81250268463285
202502,P019,1,3,5,4.217606777894591,1.1864944811583586,0.0,0.0,279092.68149542704,914009.4948682674,196863.0881313786,113454.97858281308,199524.84417801947,114297.31044375878,1308394.6655245875,1303.2143570277,2847847.596085853,86012.91696637636,136024722.41024342,0.0483727582980184,30.994981061997784,1,5,8,1187,0,12.707673599684734
202503,P019,1,3,5,4.21725243006374,1.940862822140708,1078287.166240401,0.0,1348508.3444419135,1133121.610299986,234332.2719697415,129094.6359916648,313790.78388879355,113769.08420066228,1343865.1354845343,1567.0760730367938,3269540.59790842,1164300.083206778,138329406.25834966,0.0322492191758148,20.124342474510108,1,5,15,2464,0,63.83284206603592
202504,P019,1,3,5,4.187333590867852,3.0353881461934407,1564504.428319842,967638.1551415116,0.0,1215541.4448802175,307050.40904270555,147734.80563557582,353184.22356177977,170331.7772397725,1306417.3875127265,-1398.2394293138886,3498861.8084434643,1761166.356385108,140428403.09918272,0.0175646637612563,27.191513161424822,4,5,8,1273,1,20.689137608844973
202505,P019,1,3,5,4.205750749860097,3.0353881461934407,0.0,1613362.483332093,0.0,1333339.716191013,350550.7248680789,187133.6189034206,484376.49545685976,162047.95118473994,1360404.433996742,562.5131318373578,3878415.453732692,147803.8730530152,144306818.5529154,-0.0095686818174883,37.60928073451146,4,2,17,2780,0,8.937335716154154
202506,P019,1,3,5,4.184962678680639,4.02788279966223,1418662.7264924557,0.0,894895.0170596371,1579459.5368826604,370329.9761329907,244093.1881386641,666026.0444153935,186258.6816546464,1327734.591593759,-2197.942974972555,4371704.075843141,1566466.5995454704,147409214.68777633,-0.0312730060327625,39.55540762735205,2,8,13,2063,0,27.49932715603246
202507,P019,1,3,5,4.18978420582227,7.433412649412816,4867833.035586763,1480339.691915021,1552309.0060496388,1681936.653656996,470463.0645046104,315328.0177583895,680170.0380899255,205563.5737537832,1383422.4928555756,-1677.5925607740571,4735206.248058506,4953959.943217212,147789520.99575645,-0.0339336241649097,25.05126362248322,3,3,8,1368,0,59.61855126209371
202508,P019,1,3,5,4.190101808276858,10.00666204119127,3678179.006130304,4351716.359166506,0.0,1661781.7599410678,502797.6709574423,327763.80211330974,964577.844760676,249584.0125826501,1309594.676592843,-1623.226322143793,5014476.540625845,4280422.59018101,149513862.40001577,-0.0459970948723806,21.072535160197404,7,5,16,2647,0,50.253249049861935
202509,P019,1,3,5,4.2038081855061264,16.434291218469564,9187594.010355882,3569768.5716153462,1510030.2854016211,1643313.7524187171,665509.6970980935,460179.346234027,1112982.9598117962,264716.7008517476,1335063.641385897,468.5670032748851,5482234.664803553,9898248.028921545,146779540.13345838,-0.0268678107956179,24.27369791103973,6,3,15,2360,1,44.80517698689988
202510,P019,1,3,5,4.226725190326309,20.950097980432247,6454852.639103415,8127873.523352001,4577690.704901664,1698491.9405384427,787855.9450828473,449890.1884104247,1275421.0124902057,250615.21133274765,1326325.8946075595,4209.43079178071,5792809.623254008,8225227.14467296,146801210.58444124,-0.0270194169972691,26.19107525628828,11,5,26,4540,0,55.94158441998771
202511,P019,1,3,5,4.256702635683753,27.30996264838144,9090732.044169703,6088953.449679968,3798954.033701425,1478894.1774237533,744939.7469180553,460241.2154074661,1470822.7789073354,274440.27499320504,1342860.805274299,8204.412177714277,5780403.411101829,11227005.739162698,144455893.4016145,-0.0106116075780482,17.459378693525515,10,3,17,2850,0,56.48160896115324
202512,P019,1,3,5,4.273546110703856,35.74991129025777,12063984.939257003,8742310.289167333,7948117.168347902,1646219.7327290997,884522.17701455,492731.15912259807,1350790.9045980717,308071.39025013364,1332078.0268216934,11779.88690940326,6026193.277445549,14548680.389252365,139702525.0197269,0.0226428976464259,20.93918464710244,7,5,18,3112,1,38.99425238289472
202601,P019,1,3,5,4.268863029181299,43.49501198307578,11070775.673631713,12217880.771380125,5583826.597586723,1515950.4399168172,979522.284019908,661121.7625142873,1679232.7682791057,311743.2623646062,1317773.1284889183,11217.251075278427,6476560.896658921,13401575.291503953,136290793.59056365,0.0465113276776279,34.01681965544611,15,6,16,2510,0,38.415961709602335
202602,P019,1,3,5,4.237193988964736,52.959608487789225,13528607.167403718,10690049.520110304,8955665.726462718,1455478.7488953883,837483.6488265109,619389.4387330272,1580366.7000867173,316195.45170035755,1309173.4825527703,5711.382259981871,6123798.8530547535,16240132.938797357,130335936.33931984,0.0881714338724371,39.60858938943088,19,7,17,2841,2,53.685396953983485
202603,P019,1,3,5,4.235978229807143,62.35506349052755,13429776.940597989,12218964.617002962,12863078.460419362,1342863.6117149992,850067.5358635591,682124.3312627159,1607750.1370512135,342892.0593386923,1304888.623145037,5387.523125434389,6135973.821501652,17450945.262392387,124486870.16265836,0.1290914270442782,19.1903188477219,16,3,14,2219,0,24.541164616796028
202604,P019,1,3,5,4.236959080593142,73.7877624158307,16341794.660406156,12782610.828806408,10498562.014058232,1058397.4898937065,932605.6179039064,831869.5083742257,1576651.3009648204,342356.43220181315,1345594.9942285116,5169.591929619966,6092644.935496604,21010129.09399213,116002951.16718917,0.188444817291472,28.677752662542744,13,3,30,4788,0,44.43607722012596
202605,P019,1,3,5,4.209846160247423,77.08122894922322,4707650.76219246,14875516.414583778,11227023.19923515,962720.9997763712,983642.5296807326,810650.357190277,1248451.352840142,361110.204798445,1371543.0870674977,1206.4228451397714,5739324.954198606,10842263.441600814,117544614.9654372,0.1776593568107374,32.26199633817606,16,8,41,7104,0,39.49707884768818
202606,P019,1,3,5,4.218674416618893,88.13043969088261,15793640.178884026,4916164.168325738,12177193.47521069,737882.4354441402,979978.296919878,722901.5453624137,1280033.3219066798,317739.845281242,1320057.58263396,1971.00946406097,5360564.037012374,21719739.452159107,108830235.65791276,0.2386250444932569,41.314168243033954,6,6,22,3444,0,28.153493663849247
202607,P019,1,3,5,4.217699779462076,89.68007801821403,2215038.7680635927,15924692.185012547,13967959.603856163,559916.8352408751,866376.0251296272,763249.4910197825,1155200.0467428232,307758.5716549215,1328506.8949831475,1687.6012892306278,4982695.466060408,8010086.0352101475,111839222.24081704,0.2175742123248847,43.44784326826569,26,1,42,6210,0,33.919323653647744
202608,P019,1,3,5,4.189955694665372,90.49650149174954,1166988.2017906008,2159967.2916026684,4823114.218436908,497600.2363267349,774274.5662378564,762061.0876928228,989050.0406863544,302357.70035756944,1321974.376229168,-1041.6769987472003,4646276.330531758,7017106.945398077,115445654.4775923,0.1923436579002493,34.55780366439769,1,4,29,4630,0,61.0219827150326
202609,P019,1,3,5,4.171047377982244,94.1072170932838,5161123.661430884,1048779.088474295,16836746.435383275,360825.6593607628,793769.1188748007,642375.2558962295,823712.3214898487,280137.4527576061,1315603.0941640218,-2267.0077442143893,4214155.894799055,11129451.518354684,115060994.42185214,0.1950347347967927,28.2432710997526,5,1,36,5630,0,51.915033564189976
202610,P019,1,3,5,4.147131812803183,96.05811811025777,2788599.964930911,4897707.694585023,2230913.3101087194,296695.8162310934,710152.926044527,670478.9270871482,670440.4675748375,233176.199859339,1353134.952520687,-3938.369745071584,3930140.9195725606,9020343.78870058,116506355.11919652,0.1849230095948841,26.51032839954474,5,4,25,3981,0,23.80191116736096
202611,P019,1,3,5,4.154024050958193,99.06698490593593,4300846.51548566,2561745.9533757893,1101667.4007692817,215110.5979782719,581878.1275173782,644594.8282641815,464990.6165204977,263735.92844494863,1347628.4420485615,-3051.7470748815017,3514886.793698958,10759444.350810468,116188975.36519702,0.1871433943493532,15.814063985111869,3,4,34,5912,0,23.290978319404
202612,P019,1,3,5,4.165747218125383,100.0,1333643.1915048151,4483665.406555897,5194132.436855645,160060.19760390645,454566.9366395384,580029.6083910574,386958.46416572406,223723.077316338,1286913.9552550486,-1969.680254605549,3090282.559117007,7609422.135759383,118090916.008143,0.1738374416088734,31.224054196956747,9,4,23,3682,0,22.86079713184158
202701,P019,1,3,5,4.16138444431315,100.0,0.0,1275405.5851324736,2398598.362254225,120938.00146619225,408329.5233498339,581915.184778815,303864.5076407698,176459.08332286697,1266357.1081885048,-2102.9416783603133,2855760.467068623,6334016.550626904,120946676.47521164,0.1538585774135701,37.39542212305162,5,2,33,5340,0,58.72857521843287
202702,P019,1,3,5,4.156937986860196,100.0,0.0,0.0,4144301.509173288,73247.44491594116,334000.4823940401,488236.5455855012,221958.3432610647,181493.3001859485,1284752.929986603,-1869.1511863197709,2581819.895142779,6334016.550626904,123528496.3703544,0.1357961980030388,26.90888404922987,2,0,8,1226,0,46.76530142727277
202703,P019,1,3,5,4.153582666625342,100.0,0.0,0.0,1034179.9716485848,56959.74771752239,295992.96435300744,455922.63620032585,156573.48276378145,142889.00284728743,1271063.0854698354,-1837.7632289864669,2377563.1561227734,6334016.550626904,125906059.5264772,0.1191627961614998,29.68207847019445,5,5,39,5959,1,29.781964935213725
202704,P019,1,3,5,4.152868135102524,100.0,0.0,3619447.878881004,0.0,36165.7130728924,215330.8319953025,364799.8179183568,97781.21474450376,127046.36269908698,1313681.5997558113,-1458.4525260943662,2153347.08765986,2714568.6717458963,128059406.61413704,0.1040980071059006,23.066617833350705,8,3,40,5732,0,14.981822003366997
202406,P020,1,6,6,4.880687721982488,1.854042041291076,4574433.946386396,0.0,0.0,806897.7496329787,108798.10225303164,63623.38027836817,61133.39146388307,318448.89988893835,1628067.2185761633,-1484.7790709622698,2985483.963022401,4574433.946386396,232669901.47286093,0.0569767010965194,58.577739061622,3,5,19,2989,0,72.4924824413471
202407,P020,1,6,6,4.878048025838412,1.854042041291076,0.0,4509878.001416125,0.0,935020.6562192066,137564.3271559642,75478.36456014143,94735.38341971334,352163.00639693084,1667889.512517499,-1937.282849068181,3260913.967420387,64555.94497027062,235930815.4402813,0.0437600459660926,49.15390643496533,7,8,14,2391,0,44.121470403602274
202408,P020,1,6,6,4.912343419433735,1.854042041291076,0.0,0.0,0.0,1272048.97375201,186239.89705094256,83045.87524043187,128397.47109908376,464879.6971992292,1581598.5763256217,1126.256820879344,3717336.7474881983,64555.94497027062,239648152.1877695,0.0286934853986943,64.06892845551477,0,6,16,2610,0,34.28397783404485
202409,P020,1,6,6,4.929273449825628,2.453225274014255,1478350.5761097989,0.0,3849258.0123124416,1267161.0205945002,240676.84211759263,141001.27322831034,189967.0201632461,560061.6161341445,1563274.6777355603,3080.814039844372,3965223.264013199,1542906.5210800692,242269016.6551077,0.0180709844206015,53.26649305376552,6,6,20,3163,0,56.99150303329565
202410,P020,1,6,6,4.946289770684763,2.453225274014255,0.0,1565345.3239376948,0.0,1578643.009226358,277989.3856627634,170958.7569314325,265333.37666267704,459569.7236733704,1651128.2332424491,6213.604325998731,4409836.089725049,-22438.8028576253,246678852.7448328,0.0001976877430714,54.31790394835417,4,6,17,2875,0,54.3319633345517
202411,P020,1,6,6,4.9600525140909,2.453225274014255,0.0,0.0,0.0,1704761.2342165932,334256.82779415685,184032.9064279913,316093.3666109018,746719.7405143788,1616932.5026474602,8791.061880484434,4911587.640091967,-22438.8028576253,251590440.3849248,-0.0197092342519651,53.55525751221252,3,5,21,3286,0,37.15419052065174
202412,P020,1,6,6,4.949880264279304,2.453225274014255,0.0,0.0,1521253.5288293592,1969606.7621045825,385216.3836204241,221271.9220070352,339956.27516315255,729125.6908039104,1629764.5229897825,8411.146098638987,5283352.702787526,-22438.8028576253,256873793.0877123,-0.0411229395207339,57.51202939038858,2,5,25,3611,0,70.27295146236726
202501,P020,1,6,6,4.9540271294482325,4.161892325913199,4215753.683684344,0.0,0.0,2297065.7558756657,431890.8048878707,223465.55131109056,447428.8755688601,893201.3920676426,1685541.612149496,10514.33882316623,5989108.330683793,4193314.880826719,259025342.4759159,-0.0498432818983843,55.44090998434817,1,9,17,2838,2,25.783691003285192
202502,P020,1,6,6,4.940641073340988,5.389870824825892,3029762.219926352,4103452.0392519874,0.0,2648574.244830732,615713.6080602992,292530.3886285676,548948.8826636488,949640.7091887596,1675273.1324022794,9113.828604332102,6739794.794378618,3119625.061501084,263003604.21514776,-0.0659673851256748,35.05126947903838,9,8,16,2488,0,78.94518992404245
202503,P020,1,6,6,4.976214944801232,5.389870824825892,0.0,2992206.659077473,0.0,2669157.9165995005,657561.5143709917,348535.0012395034,754685.1383041628,930981.3085415288,1740050.246838617,17953.798070389148,7118924.923964693,127418.40242361093,270122529.1391125,-0.0948207607619149,65.99086385640692,5,7,9,1508,0,62.57463187417032
202504,P020,1,6,6,4.957057197767709,6.708695321299779,3253904.394635547,0.0,3493140.662339988,2408108.245365249,652273.0418879385,401402.5314510824,862047.2293168765,1003594.876320674,1545230.8256869798,12402.005298715749,6885058.755327516,3381322.797059158,274038430.76367503,-0.110692115177764,60.79859522875118,2,5,22,3695,1,64.5479617937042
202505,P020,1,6,6,4.968576562256935,10.678645365929157,9794963.568876116,3203389.2255740743,2779045.947971819,3035046.5605765167,749138.7477696475,430481.5882047916,797024.1192959796,1299637.2220905677,1567712.2764471858,18496.9267290433,7897537.441113732,9972897.1403612,272977367.88620496,-0.1063915717524145,61.74854146494412,8,5,17,2557,0,37.181401062711686
202506,P020,1,6,6,4.946734104162261,13.184627378638462,6182949.972368749,10052884.119470738,0.0,2918365.910269944,778635.3745171205,479095.71575286577,1105263.1709726814,1141149.409849217,1624543.0616119034,12186.851648097549,8059239.49462183,6102962.993259206,275365533.5259754,-0.1160709321926257,56.24188885562641,17,6,13,1873,0,83.15602416569054
202507,P020,1,6,6,4.94034783648249,16.70930602042184,8696355.999483887,5874657.520880914,3135485.553259985,2945301.376685292,1006448.8638760218,561847.4055095817,1357319.013673147,1394512.4929270758,1611878.5985794752,10785.459939016602,8888093.21118961,8924661.471862182,276256181.8900204,-0.11968077666803,58.11153246057956,9,14,16,2738,0,59.32947348194386
202508,P020,1,6,6,4.9281137727728135,23.17286672652936,15947389.999828773,8308772.916260072,9885253.728031289,2836914.406166425,1119088.8798644452,606364.3089828839,1343365.263996899,1532938.6398698487,1619636.8061068903,7213.305797078759,9065521.610784473,16563278.555430882,270592057.45505124,-0.0967237836222947,51.89041499819725,11,6,19,2997,0,38.28689821888455
202509,P020,1,6,6,4.960787792463583,30.279373284041128,17533715.04686162,14015061.836818302,5222791.378766252,3107327.525134449,932466.608625688,741888.4089085411,1399658.9257817608,1404579.59923261,1642046.3484058485,18142.30556587397,9246109.72165477,20081931.7654742,263547847.1409993,-0.0681732302138985,53.00279397949594,22,5,32,4709,0,77.38733178451669
202510,P020,1,6,6,4.972590993604894,38.69636036522697,20767032.555346187,18137320.945367284,7497489.639959144,2768841.4037048435,1115926.5879673357,900785.0922664108,1623642.2688512865,1752890.9179470465,1618506.9754026355,20766.797054393097,9801360.043193951,22711643.375453115,253925491.58666503,-0.0291733190924811,65.64881432568785,27,12,13,2275,0,45.73377158841073
202511,P020,1,6,6,4.972120080732809,47.23022027767973,21055390.11944185,20621776.2037006,12153810.745697653,2712989.7947534453,1083683.6721133818,783014.8490668916,1651340.9999414978,1585350.0966156595,1687382.2928016924,19652.3246374293,9523414.02993,23145257.291194364,243612261.14097005,0.0126267441545715,54.369847379034695,27,7,49,7782,0,23.099705771505995
202512,P020,1,6,6,4.966149471687896,53.60863620669774,15737314.31114346,19380614.05976203,15666570.134894691,2335895.388487773,1306648.2336986454,971261.8663918864,1482666.7175838975,1666486.6887073251,1601971.853640187,17008.407031394236,9381939.155541109,19501957.54257579,238073631.4961184,0.0350751002420127,50.69156119624531,34,3,20,2960,0,77.27857682434166
202601,P020,1,6,6,4.954690921078251,62.63569035812688,22272236.565580025,15580187.838233847,17910975.19333718,2331807.605067976,1302753.4995843929,950352.2461616565,1675331.793413031,1832923.368348228,1648006.6254293893,13866.043979886044,9755041.18198456,26194006.269921973,226574646.3688547,0.0816810893283109,48.595354799415496,14,8,21,3515,0,61.715241693614175
202602,P020,1,6,6,4.970469917738313,69.07528520966592,15888259.615376526,20847200.95985127,17810475.239084475,1713720.161444288,1247015.9656499207,965984.1929116033,1379406.2277590302,1786842.118466698,1685886.229432889,14709.245669267912,8793564.141333696,21235064.925447226,220107694.91650453,0.107891982330968,57.74070992267448,17,6,11,1670,0,26.26798043008177
202603,P020,1,6,6,4.945421021161396,76.78989924054726,19034084.190214954,15784784.35667914,13595581.152988654,1786810.8111839255,1281002.3121070354,941813.1126567866,1485565.6526387294,1800148.3560873102,1662555.2272915146,9500.581291008284,8967396.05325631,24484364.75898305,210684929.1113689,0.1460829457435277,54.970751705803,23,8,38,6390,0,81.82279260146531
202604,P020,1,6,6,4.927739189384902,84.69653362611275,19507851.456167985,18363807.729197435,19753645.22931421,1319633.393918783,1222316.2084543176,1208791.6351606993,1476094.514719804,1753648.4586644245,1683039.4926137538,5220.886883016753,8668744.5904148,25628408.4859536,200312322.09511983,0.188123665341432,48.32066596829207,33,7,12,1809,0,38.76317815482712
202605,P020,1,6,6,4.914226544554655,87.3787723524792,6617823.98076517,20310796.15919748,13621020.449790332,1242060.0148214907,1286318.6822025226,906972.3062270992,1508793.427222785,1546070.671798158,1663428.0711385498,2110.4207578383293,8155753.594168444,11935436.307521284,201983481.33409587,0.1813503694034698,41.827152072295846,24,4,38,6032,0,35.86261625510749
202606,P020,1,6,6,4.935393476070408,88.0184683529752,1578306.7669807612,6067360.208793721,17787589.98810413,932968.5694177704,1174608.1481940397,964480.5930984851,1062000.8691872202,1589754.547707908,1684937.2249136583,5081.8584105107375,7413831.810929594,7446382.865708321,207850780.7528565,0.1575698975052619,47.35376438703511,5,4,35,5158,0,68.10086722141402
202607,P020,1,6,6,4.944642701939441,92.16691750666128,10235370.186247151,1579479.8249162438,18232166.562819,849642.7608851771,1093030.562554357,1073559.2172085978,916672.792240941,1455696.5743121535,1722426.113425514,6576.29369415641,7117604.314320897,16102273.227039218,204939072.72433552,0.169371202672445,49.78739936647901,6,5,28,4753,0,20.225221367987302
202608,P020,1,6,6,4.9284036109434135,93.35592645659136,2933613.5761678247,10395271.75339938,5208345.424571016,678475.6019278705,1066021.5612285798,846169.7907794755,950280.5942048344,1555045.133779473,1702370.2102263558,3229.3832765845395,6801592.275423173,8640615.049807668,208866110.75177243,0.1534547118323742,65.4201896490836,14,4,19,2945,1,12.908573873841856
202609,P020,1,6,6,4.913824105405285,94.73878982365233,3411905.9808874764,2710239.98848194,1482042.9786544978,739226.0580064957,924679.9498823266,1038788.9576408522,751850.418101718,1371261.600215057,1549465.0549835928,1688.7290405335916,6376960.767870575,9342281.042213202,211899853.8202276,0.1411587922556265,42.760828196102345,7,7,26,4007,0,86.51525832743742
202610,P020,1,6,6,4.915351937467332,96.86702273299778,5250938.570706385,3113496.8966324083,9149771.59829384,459937.9944850758,715914.109625941,908573.6868613822,629623.7422005784,1064080.7044114296,1601865.5187915033,1467.341617808776,5381463.097993719,11479722.716287196,212136089.92003688,0.1402013149680527,51.22355605672976,6,2,8,1374,0,31.124414042743027
202611,P020,1,6,6,4.947812821457824,97.58160895133368,1763081.6248909864,5119351.524320016,2648925.3334410293,399098.09267821687,730753.0807257848,941864.2771771094,488494.9202705144,1359457.1628780295,1648769.6617377046,4926.011613061554,5573363.207080421,8123452.816858172,215981865.75311923,0.1246141840585585,47.82011171953268,10,1,46,6561,0,18.795074269860528
202612,P020,1,6,6,4.941310384345493,99.44522253663692,4598049.589868848,1813382.014600584,2841384.627630979,252971.281245653,631536.1716545728,786875.2421836902,455002.2769372758,993999.6324155204,1681411.1585500198,3278.0257580132056,4805073.788744746,10908120.39212644,216281457.60368904,0.1233999225943102,62.27521821528276,4,2,40,5958,1,45.8219617661168
202701,P020,1,6,6,4.925937841414623,99.44522253663692,0.0,4368621.729351617,4714289.647867745,226481.6842580273,675185.040673671,731752.5501128479,348025.5993836513,977544.7846521008,1661849.7633820192,1840.31276388932,4622679.735226207,6539498.662774831,220904137.3389153,0.1046639594719131,49.14794454519184,5,3,24,4127,0,64.60330784979301
202702,P020,1,6,6,4.93979768843687,100.0,1368789.274773365,0.0,1745100.1114707573,142970.5766442769,465636.3081889045,604006.6954829728,243208.89778779395,895540.912950459,1665785.193791004,2264.2317171313,4019412.816562542,7908287.93754819,223582317.26224253,0.0938091559482706,54.52163804726627,2,3,29,4233,0,65.84130594784318
202703,P020,1,6,6,4.911452182156082,100.0,0.0,1338835.0244183608,3876270.596715389,106660.20207470495,518702.9782068414,672992.2818126542,197824.0677629877,920756.0780608028,1635143.2295220718,592.3080926755547,4052671.1455327375,6569452.913129836,227634988.40777525,0.0773834674993631,50.4874135468668,3,6,43,6614,0,56.23743777251846
202704,P020,1,6,6,4.911040955439279,100.0,0.0,0.0,0.0,88999.8439768084,344079.8518862252,649185.1580081857,156741.68531810842,719450.062682176,1639155.4166691315,536.4788447934797,3598148.497385429,6569452.913129836,231233136.9051607,0.0627999831532162,56.83969585603987,1,2,52,7910,1,38.892741376330896
202705,P020,1,6,6,4.903913324939129,100.0,0.0,3215861.20685156,1278683.523475057,51813.2692796838,322154.1341266786,648824.9050583318,99981.95215492208,775953.8125646838,1748552.3730712223,109.00311973089931,3647389.449375253,3353591.7062782645,234880526.354536,0.0480169226492051,48.64932174041476,7,5,50,8168,0,55.03368621814699
202208,P021,1,6,4,4.412166744653003,2.4156879835853737,3189673.718226663,3239766.742186625,0.0,715643.624810342,168665.04031063142,206219.10313718143,5901.69757913675,105006.75927558316,362238.1414223606,-2287.132478390362,1561387.234056845,-50093.02395996172,121335978.18735547,0.0810663084162426,81.92811112633493,7,9,15,2340,0,35.0927565435422
202209,P021,1,6,4,4.4106112587839466,2.4156879835853737,0.0,0.0,0.0,935563.5521663134,225118.5427478641,275283.0828056996,9832.138063198368,131858.45226785087,346885.67590120307,-3138.953309117674,1921402.490643012,-50093.02395996172,123257380.6779985,0.0665146353665683,85.21360203595603,2,4,17,2422,0,26.48605267941593
202210,P021,1,6,4,4.446684650382858,3.65151355418872,1631783.7277210793,1691195.890672166,3120721.0098445565,1225653.2555773854,353598.8784106549,399114.672596206,16173.271248126375,168910.60176371704,370807.9376237325,-15.472594695697056,2534243.144625127,-109505.18691104835,124335350.58878356,0.0583506687976059,81.95062481201231,6,7,9,1498,0,57.62394220145031
202211,P021,1,6,4,4.472709681253378,7.397406530585247,4946076.007866018,4586725.735192565,0.0,1551387.5803803294,433767.610271365,518092.91045715526,25161.10437625608,207979.2873401521,370241.5138510712,3836.523292700816,3110466.5299690296,249845.08576240577,123022235.07827754,0.0682955021567762,77.77741490343755,9,6,23,3431,0,33.32208640167236
202212,P021,1,6,4,4.497753917306557,7.397406530585247,0.0,0.0,1533065.2522908798,1887601.137740534,594200.9740341292,695889.7127620049,35687.62130733667,240829.73392232347,359751.7872435221,9422.029325632817,3823382.996335484,249845.08576240577,126845618.07461302,0.0393392477658814,101.91564472973084,4,11,12,1963,0,23.39410854303992
202301,P021,1,6,4,4.555062648192435,11.042138181088752,4812502.622273799,5034917.5941692935,4178548.69326025,1983021.025941727,736655.6560779343,866671.6740181835,49005.681191251984,298851.3898444986,364340.38816065865,22085.960463677264,4320631.775697932,27430.11386691034,126848427.2595858,0.0393179725039522,74.13858035120737,9,6,24,3934,0,33.552862502127034
202302,P021,1,6,4,4.577554403442315,14.277513950114324,4271989.234193881,4372802.176990056,0.0,2327676.2563457354,910914.288497472,1006330.3085191664,63731.67922715567,333952.75673371385,363259.98634464,31208.62048754346,5037073.896155427,-73382.82892926782,128041308.13023038,0.0302837318899403,78.47152832674455,8,9,10,1438,0,26.09227021858405
202303,P021,1,6,4,4.567160646698326,17.610218092904482,4400501.590898942,4743740.71498906,4663367.037162547,2574216.6439815164,1030978.1062465744,1370753.326652089,82092.46794782624,402995.2431637951,381698.0576962142,33991.861444464914,5876725.707132479,-416621.9530193843,129947061.89539754,0.0158505739030275,91.13388802866172,6,7,8,1308,0,79.79905800182115
202304,P021,1,6,4,4.5777255576568265,23.30753875152677,7522740.557803952,6539882.16629455,4096329.510141829,2684627.113414675,1175257.9014226862,1504113.1789920777,95124.38462595416,437387.4277641802,354366.8984422947,39260.85391195109,6290137.758573819,566236.4384900182,129422575.6894598,0.0198227514270173,86.31264109496733,8,9,21,3000,0,79.23503067267055
202305,P021,1,6,4,4.55785208371989,30.53444031400213,9542398.742997332,9337397.22232615,4386477.141245645,2530527.3335944656,1494109.763299522,1972700.24020928,126878.91313791485,494418.2158448311,374104.7132356673,35800.739723806764,7028539.919045488,771237.9591611996,127759427.99654,0.0324185410018448,91.53761199695565,17,7,12,1882,1,42.9394063717068
202306,P021,1,6,4,4.530965950784883,37.25992789229578,8880331.862604138,8507603.914671052,6370285.39997569,2437000.961364182,1554882.7742475292,2158090.723151625,119601.73327805282,467943.6879932797,369663.2820524196,27685.34570924947,7134868.507796338,1143965.907094285,126757914.85087316,0.0400034649944319,85.21000543159225,17,6,16,2533,0,53.22714167118082
202307,P021,1,6,4,4.557770856723988,47.006888229443724,12869883.623734873,12169675.528273726,8397474.194113083,2474090.5332979383,1788940.4678702026,2375717.48820801,134543.60758528957,549652.4658319827,332459.4349002923,38527.85487732279,7693931.8525710385,1844174.0025554367,122578458.8450952,0.0716564255884538,97.53498109363386,14,6,31,4528,0,65.10888427092343
202308,P021,1,6,4,4.521972422465796,53.07277994903876,8009401.680627777,7222021.397611902,7907178.173139034,2314180.467147085,2038028.6313272405,2691891.5428743004,145805.14972842485,562586.7531735225,361250.9982508972,26937.920929559903,8140681.4634310305,2631554.285571307,123281097.96303365,0.0663350133565324,89.32040067102739,13,9,35,5773,0,66.14430505763758
202309,P021,1,6,4,4.582575435060202,62.78485885819498,12823826.196254391,12481926.445167964,10468975.423289891,1830809.788764935,1912916.4355108787,2619921.8855717084,138028.7340119619,557504.4540419622,351439.48212437576,43261.99888302583,7453882.778908848,2973454.036657736,118748000.31423035,0.1006662662870713,81.23626245189173,13,4,25,3738,0,68.30286337216229
202310,P021,1,6,4,4.642428928451839,71.51584011390852,11528385.13703477,10711798.178735292,7042317.051023291,1465207.8198708016,1895045.9952712583,2931263.61840288,139895.51831435505,585216.3275688947,358834.2635184133,61575.589265617135,7437039.132212221,3790040.994957224,115327045.06231222,0.1265747485472455,88.24673250318267,20,7,35,5486,0,63.13055206653149
202311,P021,1,6,4,4.659781848800547,75.08388515947111,4711245.6511822585,4591833.2937941,9872495.075251246,1144958.702710546,1836064.61232981,2900999.2053493494,110084.11808730732,535038.5377544,334904.4483532124,61693.35529445121,6923742.979879077,3909453.352345392,117791182.80809076,0.1079126894521047,85.19633392611794,6,5,18,2714,0,47.303643500960206
202312,P021,1,6,4,4.664475816196934,80.69854753947266,7413598.590504379,6411480.441914036,10831933.007665165,945931.4821973396,1675393.4260466346,2745018.863887425,102994.58854630086,547859.3641449986,356283.2249973209,57520.62527464114,6431001.575094662,4911571.500935733,117171478.21077828,0.1126060000579702,67.18637079435584,13,7,25,4286,0,70.74609393728875
202401,P021,1,6,4,4.709874191618035,84.39740237941241,4883966.866027329,4787410.858243835,4647251.127815366,751730.0481347652,1718975.9385600304,3004952.189539482,83978.54370152343,508220.6313192294,372106.47565082455,70756.11816814356,6510719.945073998,5008127.508719221,118996247.6721993,0.0987861737993175,83.42911926777771,7,4,12,2099,0,68.72585792011822
202402,P021,1,6,4,4.713170016173903,90.59701238161308,8185963.262492557,7622899.584677077,6156792.407641495,539009.9750716478,1361741.2635347222,2843271.8349795225,65981.63272325162,449849.5754679781,344905.4847546926,64502.534577809616,5669262.301109623,5571191.186534703,116811439.7960794,0.1153327381159954,85.58697069062418,8,9,17,2771,0,54.59999191988297
202403,P021,1,6,4,4.753740789038485,91.0132728500566,549630.202721981,566382.320780021,4228411.357848247,346756.4251220573,1204436.6217842463,2587296.601286042,48779.64617698018,410206.8674042644,344943.39081530843,64477.47496360017,5006897.0275524985,5554439.068476662,121290990.92122813,0.0814070178674232,77.01637559874723,4,3,24,3574,0,38.0974014025451
202404,P021,1,6,4,4.693402621146956,93.00997857840504,2636449.6690060687,2738871.7888171254,7634738.991511323,224517.65232136668,997916.8541721948,2622916.846632082,34354.91614776749,336919.8739929445,378963.52206645976,50272.53403912793,4645862.199371943,5452016.948665604,123407296.11489198,0.0653792561665326,91.19933828668042,7,3,50,8188,0,59.36972976754281
202405,P021,1,6,4,4.697852824533213,97.8513587843846,6392557.030496983,6298082.531514048,559012.3976846454,170805.65798847182,855298.9434731819,2285944.2403051737,27151.27452861994,331453.21288027713,363638.7182439438,44157.65028015101,4078449.697699819,5546491.44764854,121352369.70039833,0.0809421678784062,79.58258105137098,6,3,8,1371,0,43.947651887524856
202406,P021,1,6,4,4.676351168944649,97.8513587843846,0.0,0.0,2537685.6376273367,109148.17163857192,698603.2668312476,1933592.475460396,15791.50148210878,265405.89184517536,348628.808317812,33571.424972138186,3404741.54054745,5546491.44764854,124757111.24094576,0.0551564795814631,92.06500990858348,1,2,18,2757,1,47.42922298560877
202407,P021,1,6,4,4.694521549717556,100.0,2837065.2426623087,3967829.8491219953,6124246.968734515,60916.256900912216,516662.7415577548,1636392.3990123712,9839.992411331128,228426.4526546804,347236.2129767345,30102.606432541103,2829576.6619463256,4415726.841188863,124864649.1154295,0.0543420453348307,80.26521671008561,7,2,31,5348,0,22.65078458113497
202311,P022,1,4,3,4.250468660732722,0.0,0.0,0.0,0.0,269508.0882258092,46504.56098945088,105106.64766065354,39930.31610714312,12388.65550334343,187168.5472876468,-228.83956258838148,660377.9762114587,0.0,47181850.597154334,0.1532069118925342,114.22448041152612,2,1,8,1180,0,60.98013033775122
202312,P022,1,4,3,4.262263464627131,0.0417604569817688,23268.20648225052,0.0,0.0,381298.8992962272,68429.4810923039,189792.13723933708,78643.64909288153,14532.523127060527,192365.37504170617,338.8571677921963,925400.9220573084,23268.20648225052,48089563.797765456,0.1369157903164813,99.94966879436843,3,0,15,2349,0,30.329623234309715
202401,P022,1,4,3,4.278473880129838,1.091305554633381,584788.4292849783,0.0,0.0,581330.2230016916,106094.33384134436,248457.45305235736,160147.60237820138,20730.32532851145,195145.82810958533,1865.685683967752,1313771.4513956597,608056.6357672288,48958321.02061936,0.1213238285293679,73.68317356471033,0,4,9,1440,0,6.947751577821414
202402,P022,1,4,3,4.291648650464019,5.067401817417726,2215412.2708992464,22449.139975623293,0.0,759284.1588195402,157657.6127111917,433567.155437453,253210.9335055468,24370.57352710026,191301.9151282753,4286.507567993394,1823678.8566971004,2801019.766690852,49087779.41504291,0.119000382708403,106.78170730257814,1,3,17,2854,0,1.5000530347280048
202403,P022,1,4,3,4.239450596347921,6.92308346624997,1033953.8139920728,535586.9380373915,0.0,985234.809931532,209701.87285872293,475878.2399233164,392344.1514093502,30175.472224153425,188958.35021684147,-2536.171402643723,2279756.725161272,3299386.642645533,50572316.86055216,0.0923567468191026,96.77383928019437,2,5,20,3487,1,79.3293388730279
202404,P022,1,4,3,4.207158237384872,10.12057539420384,1781587.3623567,1891499.8409432068,0.0,904251.3659006596,320552.9754687447,594160.9898121752,475902.07331231615,38772.97958695039,179278.25250045306,-7541.121587515545,2505377.514993784,3189474.1640590266,51700731.75449373,0.0721045964559104,100.5274298086934,1,7,9,1340,0,27.873945662927017
202405,P022,1,4,3,4.186151433254682,18.13632252854902,4466236.073826402,964152.6516685917,20412.606698078875,977480.855858443,360388.57135298615,913522.2565854402,825697.1529730776,47646.665028921336,180551.72840395017,-13572.633158864071,3291714.5970439543,6691557.586216837,51503095.08094268,0.0756516673529065,109.09578568055451,4,5,19,2980,0,48.79293646051492
202406,P022,1,4,3,4.216732383266448,32.13620858571918,7800495.086737857,1812265.85914894,526683.1492589094,927802.0988897705,427583.670597214,1024285.0329031884,908793.791323449,50679.0224685357,180831.47707541208,-7916.196079465508,3512058.897178104,12679786.813805755,48792369.70829674,0.1243022285382399,83.19415435261227,3,7,8,1286,1,40.70463785967655
202407,P022,1,4,3,4.215551030532743,42.279489576591445,5651661.249926911,4022820.946386243,1788802.7480830722,978140.1048025888,472299.61564442114,1280970.8757833445,1072928.385485649,54659.509856176,187557.86674185927,-9433.73154196599,4037122.6267720726,14308627.11734642,48218852.466484,0.1345953906361839,84.37862786661327,6,4,20,2927,0,48.328686517401046
202408,P022,1,4,3,4.22666106409875,57.113367718746034,8265181.094519145,7049309.627746047,885493.5192830033,806472.1857047952,617989.8469338815,1507166.0115810037,916158.8515335608,60411.04855179045,178244.99622431237,-7037.061008185835,4079405.879521159,15524498.58411952,45401073.62507695,0.1851672867470766,94.71157829535136,9,4,25,3636,0,71.94476508746442
202409,P022,1,4,3,4.218087186541569,72.06984392353289,8333490.620846807,5278728.443531245,1731343.915881448,770030.2420147761,585157.4432867826,1475734.301414268,1238231.3729173343,65076.240793193545,175838.23845471855,-8796.49269173456,4301271.346189339,18579260.761435084,42562446.99807191,0.2361133470868687,96.86034059819768,8,2,26,4072,0,51.87676587791968
202410,P022,1,4,3,4.22097093520183,84.45370098451758,6900071.598054222,7422232.234259899,3858901.763227857,621519.8663137581,559095.1739991338,1831851.7087245644,948047.2702441202,69019.93681649739,182880.49233128023,-8887.345502795875,4203527.102926558,18057100.125229407,40684209.65389158,0.2698228854103433,87.5946751190697,15,2,24,4023,0,44.57257606823276
202411,P022,1,4,3,4.212257303518941,87.7830740881142,1855069.279168989,6905286.81254089,6744022.325859314,354045.0144242588,398131.0604096355,1690298.5534190545,802834.1323534802,55546.35660480989,176733.28817877886,-9224.365622006975,3468364.0397680104,13006882.5918575,42492685.0968335,0.2373653941141526,99.95953545079804,10,5,40,6896,0,25.20407401871596
202412,P022,1,4,3,4.220073140984226,91.40840726866732,2019973.1302962056,6907584.623174694,5058615.810114728,248647.01291825224,403225.7058381269,1549474.536279336,593557.9824190802,49385.237532739615,196674.9612732797,-6678.520403188311,3034286.9158576266,8119271.098979011,43719529.885044135,0.2153466798482037,100.53884297958086,11,2,34,5328,1,64.71098192747135
202501,P022,1,4,3,4.255630235761143,95.3653392753428,2204734.277877897,1736918.6585824138,7753692.226072089,168648.0891353756,407684.6587150384,1356867.5078056145,447282.7339004284,47002.33894053528,183558.7927856916,-127.9661142313744,2610916.1551684523,8587086.718274496,44357682.36611385,0.2038934811438473,98.02028795533548,3,2,38,5681,1,52.36724582094698
202502,P022,1,4,3,4.197722158723293,95.3653392753428,0.0,1854704.0609754005,6442667.787021869,111655.32834225382,280486.3122087675,1364077.4520669796,266421.3569135311,34449.683928942184,191045.3050423332,-8848.698583285352,2239286.739919522,6732382.657299094,46596969.10603337,0.1637040330900883,90.51604615725726,7,1,37,6196,0,31.127079743425657
202503,P022,1,4,3,4.171788824537089,98.14741769533192,1550126.1194143724,2049098.2957897007,6899458.3492470775,53912.18575816664,227609.99444348487,1105210.016862956,190041.9489814643,36061.42519762949,177536.48331215,-10019.29084952649,1780352.7637063249,6233410.480923764,46990291.90910619,0.1566448985537841,82.88050299365887,6,3,33,5595,0,24.416872904588647
202504,P022,1,4,3,4.174992919818357,100.0,1032226.9128711688,2096532.969738707,1814485.4910637173,29288.253671003084,165394.51477656633,919654.1209723236,95237.38983950372,31250.274660611736,188170.4874752537,-7892.098848784428,1421102.9425464775,5169104.4240562245,47487773.45311418,0.1477163820247524,105.04134754790354,3,7,24,3855,0,30.39663880404964
202303,P023,1,8,5,1.0,2.125529831375632,3885843.2346746624,3382471.3882063907,0.0,1639297.399129343,134549.76880399295,322213.92825005064,83782.75745027834,124893.29166848586,323766.120352274,0.0,2628503.2656544247,503371.8464682717,154734423.20088008,0.1536132247452633,72.94679680279759,6,3,14,2248,0,64.53290287726902
202304,P023,1,8,5,1.0,5.172212630763408,5569873.247339257,5222448.533324877,0.0,2244739.2592970068,184869.0472769703,407544.6642448408,150807.31015083194,247832.3931756488,332480.8501596261,0.0,3568273.524304925,850796.560482651,153800505.98855662,0.1587216884041038,56.02259824384439,8,10,19,2977,0,48.42202506976464
202305,P023,1,8,5,1.0,7.159554266049597,3633210.851463873,3579530.2886498543,3509372.321807384,2672526.796218944,339790.4857300417,771402.3943136558,289826.95126380114,211782.0034072632,335344.9806972189,0.0,4620673.611630925,904477.1232966706,155476359.08701625,0.1495548858887742,46.90754782611248,7,6,14,2344,1,39.825963483163214
202306,P023,1,8,5,1.0,7.683838602312639,958484.1911134776,864424.3326510533,4623211.924214015,4093247.4058753015,501421.8621585691,994347.3428922632,367900.8958511602,325878.5106221306,321187.6921595172,0.0,6603983.709558941,998536.9817590956,161302403.84628502,0.117686817140519,56.15837106308999,2,13,15,2591,1,32.23653567550328
202307,P023,1,8,5,1.0,10.743142548345247,5592946.928347964,4830538.918879589,3537312.012454415,4259832.398643936,726135.6824257687,1437949.2976633862,750610.0126460987,353498.1674844366,327849.3865431658,0.0,7855874.945406792,1760944.9912274703,164610021.6663476,0.0995943725339078,73.59243331776521,10,8,17,2808,0,34.44790525427491
202308,P023,1,8,5,1.0,17.689870320261313,12699842.983693313,11235292.372557286,846886.6343545488,5144044.845081451,812097.165328078,2110649.068261882,796151.4445455244,577106.3559805882,327462.9878010973,0.0,9767511.86699862,3225495.6023634933,163993886.47400704,0.1029645901479229,59.59752507552555,16,8,24,4107,1,54.59823665302934
202309,P023,1,8,5,1.0,22.645156428055564,9059136.556736816,8287996.4404157,4997777.4624872105,5933049.658783383,1167464.3673926443,2180211.709054141,1429886.466519788,654267.7074146826,326425.68297887867,0.0,11691305.592143515,3996635.7186846063,168230770.04076993,0.0797891250831988,49.19838796831722,15,19,21,3455,1,34.7756075585524
202310,P023,1,8,5,1.0,32.423564987251794,17876654.6508763,16878963.886462398,12248067.12811197,4637531.940577413,1199289.7074773207,3060784.7297768453,1429649.9421644115,696039.4761113797,315723.917308813,0.0,11339019.713416183,4994326.483098507,164743755.69224063,0.0988628565042103,48.04703110119662,29,15,8,1179,0,25.43406480360081
202311,P023,1,8,5,1.0,42.67024687768987,18732740.8508084,17202949.316047594,7701915.447704825,5088953.98345659,1381122.6506674192,3392629.873738641,1926287.0079726148,809151.5578999837,324899.2351492235,0.0,12923044.308884472,6524118.01785931,161965547.11338204,0.1140594685534404,70.34900159195871,25,14,16,2569,0,48.952887720347285
202312,P023,1,8,5,1.0,55.48468431618794,23427050.65415263,23818172.028493147,16998752.528526444,4012105.3370840624,1464738.9473172314,4427010.963377334,2088744.5536660843,830111.355966753,337522.9721306811,0.0,13160234.129542146,6132996.643518791,155251938.03628767,0.1507824537789446,71.66046728359517,25,10,8,1390,0,42.598429001441694
202401,P023,1,8,5,1.0,63.89994705389649,15384583.784538573,15921887.361039145,16491054.206611533,3307388.173077439,1258656.1715220322,3723162.814224834,1788654.3201351983,845862.4534312628,300118.717474226,0.0,11223842.649864994,5595693.067018211,153280740.09145424,0.161564772524854,61.45006471934855,17,5,37,5250,0,24.72000327943766
202402,P023,1,8,5,1.0,73.63302892569207,17793789.47580978,16326588.998320686,25063390.14163872,2845396.3082422405,1393524.5816622265,5118722.919738589,1587745.8669097184,873440.79711056,319878.2245206095,0.0,12138708.698183944,7062893.544507295,150015849.79715967,0.1794235004703546,61.19348253294681,32,3,28,4370,0,21.56060421877825
202403,P023,1,8,5,1.0,81.74180721634858,14824276.186155263,15586973.529953636,16000298.427700557,1794011.852147425,1230616.558490953,4526772.834537288,1388647.1309692904,828478.5319231352,332479.33940739336,0.0,10101006.247475486,6300196.200708926,147141781.48485315,0.1951444587444997,78.97463730186283,25,8,37,6318,0,2.2942555957058093
202404,P023,1,8,5,1.0,87.17465791921444,9932208.824877186,9308350.967178583,15612599.581056746,1454219.4626720254,1342105.6219655771,4511971.867743031,1157614.8132744825,764490.648456015,317708.6291798253,0.0,9548111.043290958,6924054.058407515,147906073.45848504,0.1909638336092926,52.47658117770962,8,6,45,6807,0,29.856198931639423
202405,P023,1,8,5,1.0,93.31087538763236,11218087.26660509,10871734.587159593,14545321.322642945,867777.9642106834,897739.6164945798,4238637.650048812,828932.552708285,651904.036775197,304433.06245534826,0.0,7789424.882692906,7270406.737852991,145774477.6905954,0.2026235175426379,55.84214903840014,14,3,45,7269,1,42.01225375749125
202406,P023,1,8,5,1.0,94.8938482597666,2893953.467533981,2722813.019394221,9732716.65923442,455063.322976832,724157.4314580217,3438756.316656066,470760.83323422447,504517.3064223873,311843.7493858668,0.0,5905098.960133398,7441547.185992748,149120230.17473024,0.1843224789161449,77.86543615155625,5,4,37,5191,1,33.89410988240512
202407,P023,1,8,5,1.0,98.87134509128784,7271565.388335994,6615478.590758281,10784318.910220386,295893.33019636123,603093.9341688072,4091456.95334858,288783.3000795876,363352.1227603043,332902.4079466521,0.0,5975482.048500292,8097633.983570456,148664905.55670556,0.1868130736213948,58.83308034008845,13,4,22,3715,0,55.07611994409411
202408,P023,1,8,5,1.0,100.0,2063380.140123948,5904109.713067537,2919123.762063003,148574.09768087525,436620.5159414605,2783548.082245265,158470.87476332122,383696.6817759098,313975.3149801708,0.0,4224885.5673870025,4256904.4106268585,151064984.76506996,0.1736848035215588,48.4321832190017,12,4,57,8047,0,38.15792087476449
202309,P024,1,8,2,1.0,3.948862619134719,12224016.424768308,0.0,0.0,635243.3149882389,272870.8509724485,143011.01318968425,36721.10675408781,518785.8049682693,96897.8306927327,0.0,1703529.9215654614,12224016.424768308,249877727.78102067,0.1927916453143215,54.174417725466206,3,4,8,1170,0,44.28131144730028
202310,P024,1,8,2,1.0,4.361484628492247,1277304.0508338958,0.0,0.0,705376.3609493652,416203.5573688004,211261.81638116032,45921.279062366586,756792.8149689588,100451.380721819,0.0,2236007.2094524703,13501320.475602204,251077472.08401,0.1889159752677768,64.6700810492596,3,2,10,1701,0,68.15571168566319
202311,P024,1,8,2,1.0,4.361484628492247,0.0,11431680.05259876,0.0,739800.4837653952,471412.8894323115,215549.06086856424,62320.960573124445,782855.0434972696,98463.21860717663,0.0,2370401.6567438417,2069640.4230034444,253447873.74075383,0.1812585980446206,42.11463735857317,11,5,12,1724,1,38.86865943648076
202312,P024,1,8,2,1.0,5.890335792099095,4732679.644107588,1227834.218185143,0.0,864367.7354224266,773797.7007269273,279435.3955496753,88392.77043567422,904569.9431671592,106402.99701118856,0.0,3016966.542313051,5574485.848925887,252623022.8654413,0.1839232073470772,53.24017295102169,3,3,12,1732,0,66.55159323057254
202401,P024,1,8,2,1.0,5.890335792099095,0.0,0.0,9534420.913871184,996522.2296229076,860655.6393239717,385523.2391687812,108869.35261317756,1184379.2913270097,96205.43373929584,0.0,3632155.185795144,5574485.848925887,256255178.0512365,0.172189844643947,53.05770448808545,1,5,15,2215,0,66.38063923982207
202402,P024,1,8,2,1.0,7.861970229706353,6103350.274117931,4376214.252336817,1185622.4090483936,1146920.5793808205,923458.6071064858,459087.2186947987,132826.21795108772,1178182.0053898655,104673.93440034738,0.0,3945148.562923406,7301621.870707002,255240626.6306449,0.1754672651256854,49.4577761153302,6,5,13,1994,0,45.536310834830935
202403,P024,1,8,2,1.0,9.503094066759354,5080228.580757896,0.0,0.0,1439281.645549487,1125060.4209511238,476045.1489276186,179629.6038038028,1291975.4852356247,98130.37199792892,0.0,4610122.676465586,12381850.4514649,255717971.7367837,0.1739252431088964,64.00927494885605,1,6,27,3849,0,72.94442870148711
202404,P024,1,8,2,1.0,10.254863234290667,2327160.891089905,6095949.454580629,3737436.731086783,1422189.794459074,1296884.2520623377,638407.4789954536,251512.290040644,1772275.5541983938,101844.81172624376,0.0,5483114.181482147,8613061.887974173,259306574.12664607,0.1623325739403963,42.672887730220864,9,4,11,1819,0,42.330255403075576
202405,P024,1,8,2,1.0,11.215113127916394,2972529.460681764,4728832.972994317,0.0,1777934.5909210837,1607788.1759113974,644466.7100855538,292622.4422173951,1450130.9202869618,105385.49438081056,0.0,5878328.333803202,6856758.375661623,262763760.5497954,0.1511644326688476,57.70936157247708,7,2,21,3421,0,11.236299454568645
202406,P024,1,8,2,1.0,17.353117826115582,19000678.79862907,2263741.634791975,5423643.130204372,1634303.851653085,1911522.495396868,778165.1517825153,318599.6236594902,1878257.0495636947,104237.4608050575,0.0,6625085.632860712,23593695.539498724,253879721.5646791,0.1798635510569565,49.8572728153411,6,7,13,2199,0,46.211612948402525
202407,P024,1,8,2,1.0,17.353117826115582,0.0,2833731.4568965854,4150277.4434799342,1922839.0079518915,1979061.9178912707,875371.4165817543,361317.28321513993,2339979.026419308,101961.61020348832,0.0,7580530.262262853,20759964.08260214,261460251.826942,0.1553753046854807,52.18742258494127,5,8,12,1907,0,63.1650723266401
202408,P024,1,8,2,1.0,22.9156600521257,17219289.221338995,16165182.370232206,2053537.7975130416,1847565.8212134107,2359138.458296445,1077555.5991778194,484709.4931765557,2425410.653972872,99140.47790441231,0.0,8293520.503741515,21814070.933708936,255649445.76177844,0.1741466103352932,62.19072565967073,18,8,11,1582,0,67.13828082721636
202409,P024,1,8,2,1.0,22.9156600521257,0.0,0.0,2738843.804093631,2148000.541235431,2670502.0521690897,1126175.613590507,463012.48508270615,2320526.28773895,106147.95613555198,0.0,8834364.935952235,21814070.933708936,264483810.69773063,0.145607959660143,55.7451455979296,3,9,21,3457,0,47.97477568145917
202410,P024,1,8,2,1.0,29.06405038713193,19032828.358427823,15712801.818928026,16364343.780810846,1605929.5617572735,2165002.321887216,1261953.7777860449,693590.4659874276,2635119.772663328,104402.07712063294,0.0,8465997.977201922,25134097.473208733,257305532.3758672,0.1687967659820299,42.13877448366112,22,5,21,3140,0,54.205703738749
202411,P024,1,8,2,1.0,29.500499994507223,1351064.264248405,0.0,0.0,2256184.367185566,2905003.250427537,1550526.4129399508,669940.3864732796,2637912.672797384,100899.5603161686,0.0,10120466.650139883,26485161.737457134,266313300.01724976,0.1396979528874777,48.72532432658434,1,8,19,3112,0,19.332474487593625
202412,P024,1,8,2,1.0,36.67635235907927,22213418.299536087,18567841.15074208,14143029.119747568,2163839.913045079,2986903.2190876035,1666320.0254272406,648789.1279741956,2889581.8893509214,104222.3429015729,0.0,10459656.517786613,30130738.886251137,258437271.980388,0.1651407792231843,53.84775124101781,19,7,19,2908,0,66.27343121791078
202501,P024,1,8,2,1.0,42.18896870888251,17064739.724525284,1220042.2306456715,0.0,1763704.501751289,3120681.718831972,1829442.4545998373,699660.2737517356,2894883.9783532512,103219.9508940745,0.0,10411592.87818216,45975436.38013075,254710145.6360821,0.1771809380272908,58.97500595313663,4,4,30,5055,0,41.57916749835813
202502,P024,1,8,2,1.0,47.61405426520577,16793781.233341616,19920203.43702542,16689622.448399257,1855298.274986881,3152738.958099378,2027210.8402696457,693137.3650176509,2957949.371578346,100412.91811291476,0.0,10786747.728064816,42849014.176446944,251537776.27935505,0.1874290024371891,61.57843078530318,35,3,22,3271,0,29.442953352585626
202503,P024,1,8,2,1.0,51.46190430625148,11911324.00349111,15051964.229314588,1066753.7022805845,1541701.079253706,3042542.00430722,1924738.093977272,709632.5285895535,2905617.84870262,101172.52648423772,0.0,10225404.081314608,39708373.95062345,251835401.5816356,0.1864675496790735,53.84819930305022,26,6,16,2241,0,15.536397938181189
202504,P024,1,8,2,1.0,59.76534790133786,25703966.098145563,14618767.378612766,18428228.46852178,1333270.4228934196,4085270.260609607,1886259.557188077,634394.986922328,2970127.420658217,102137.68415171228,0.0,11011460.33242336,50793572.670156255,241346933.6534959,0.2203496367887603,50.99873300265966,24,3,30,4536,1,74.26488729560285
202505,P024,1,8,2,1.0,59.76534790133786,0.0,10908404.11127319,15237410.354154468,1471487.3886484876,3608247.974528405,1996249.9679747084,796629.751403944,3482571.2878584755,102858.83957716194,0.0,11458045.209991183,39885168.55888307,252804978.8634871,0.1833354142567848,54.40533136416337,19,6,8,1277,0,56.35832408439988
202506,P024,1,8,2,1.0,68.75625017406809,27832048.783561774,23757160.11032364,11796923.499191238,1193074.6373755727,3938853.905402161,2454384.5687025064,778401.8466068383,3541909.420351918,102221.93421349332,0.0,12008846.31265249,43960057.2321212,241416226.92843583,0.2201257908663895,50.7424122225774,39,4,40,6710,0,50.65044614014773
202507,P024,1,8,2,1.0,70.44478707505678,5226999.468529487,0.0,9997737.322215935,926139.5261993108,3432687.071607032,2147805.094282522,655896.5504831214,2978699.330573236,100062.9849020652,0.0,10241290.558047287,49187056.70065069,247249686.42364323,0.2012813052731059,44.590769915338086,2,6,27,4678,0,75.86264340545604
202508,P024,1,8,2,1.0,74.46398242759626,12441736.961353367,27375985.47268,21869281.837943364,853157.4203315022,3497600.446818466,2472542.08767194,556009.726355425,3330700.617136624,104358.80347721768,0.0,10814369.101791175,34252808.18932405,247554813.82989275,0.2002956176179659,60.95906363229302,44,3,15,2108,0,49.59927604216838
202509,P024,1,8,2,1.0,78.61752671829892,12857624.720729688,4177251.819550156,0.0,805893.8865337975,3403883.8757689577,2533197.6491296603,503624.45094437647,2843254.0540697696,106436.65104317052,0.0,10196290.567489732,42933181.09050357,246864888.0670277,0.2025243630321453,67.66490682691875,10,3,44,6199,0,46.82576868321702
202510,P024,1,8,2,1.0,84.0206658244077,16725844.261671027,11048123.1752688,26330867.78008488,530553.3326913071,3062693.203670821,2297389.881435882,509534.18250780687,2603476.220175444,103558.49255498438,0.0,9107205.313036246,48610902.17690581,241723076.4616707,0.2191345400291975,59.31852833653089,9,4,47,7690,0,81.99066228194542
202511,P024,1,8,2,1.0,85.02029204632197,3094421.9978933027,11437369.82693204,3905459.303106072,477206.9601419071,2344748.799658222,2160835.192322957,363645.4650165452,2614115.369356628,103279.5870349645,0.0,8063831.373531223,40267954.34786707,247146581.81618,0.2016143757763877,59.58828663141474,15,7,36,5818,0,69.9720372110637
202512,P024,1,8,2,1.0,88.0017139183128,9229227.10853015,15970561.415740335,9656749.927215597,363000.0549859327,2549039.1580599765,2367379.9611691004,296813.6149336164,2445142.9521899666,98156.17005140393,0.0,8119531.911389996,33526620.04065689,247391244.531738,0.2008240140669535,61.86518172363592,28,6,51,8798,0,18.75177268846269
202601,P024,1,8,2,1.0,91.3266631085449,10292643.08055955,2890234.733858176,9673043.612697717,310999.5207877935,2291018.674891003,2018787.1007195688,294253.8532751732,2108840.001179578,105673.1578775772,0.0,7129572.308730694,40929028.38735828,245738584.3755337,0.2061627895448277,49.08220402527129,9,2,35,5120,0,8.87126780867439
202602,P024,1,8,2,1.0,95.5468725381292,13063991.928517494,8660041.960904483,13967702.220663996,278293.2456569048,2154375.1104842275,1571387.577508415,221752.5599960652,2520592.459370672,106764.98281337734,0.0,6853165.935829661,45332978.35497132,241444855.08355007,0.2200333100911214,61.39775681721248,13,4,22,3462,1,40.68198827034641
202603,P024,1,8,2,1.0,95.5468725381292,0.0,10243595.943081483,2535650.706102312,182157.4093492824,1751987.05218033,1890580.943162516,183191.737662923,2314746.582798169,102764.04881069915,0.0,6425427.77396392,35089382.41188982,247870282.857514,0.1992765222507966,57.91110364581385,9,1,32,5576,0,40.38422674446787
202604,P024,1,8,2,1.0,95.5468725381292,0.0,10917955.639168223,7929213.462805456,126061.6315002564,1771334.9246383067,1304610.6819514248,149029.64258357877,1952598.202343732,102478.07816552855,0.0,5406113.161182827,24171426.77272159,253276396.0186968,0.181812541971981,41.05323839370385,17,3,25,3513,0,63.93133992618042
202605,P024,1,8,2,1.0,95.5468725381292,0.0,0.0,9028375.730071535,95957.72093595508,1560952.2325799044,1435301.4178623448,123040.99913805208,1844736.9012030307,102928.36741161882,0.0,5162917.639130906,24171426.77272159,258439313.6578277,0.1651341837610694,52.32855703156152,1,1,66,10907,0,65.78801800949644
202606,P024,1,8,2,1.0,97.06064025942987,4685987.655989503,0.0,9142271.619285578,70127.95019392429,1175664.7645630222,1379762.0865470564,80621.98779345494,1405412.1647602925,99137.17544522756,0.0,4210726.1293029785,28857414.42871112,258651704.9959005,0.1644480719411897,51.74075299219409,3,1,37,6200,0,45.51695864312043
202607,P024,1,8,2,1.0,97.06064025942987,0.0,0.0,0.0,45254.82647990619,940054.6818074912,1409551.6365948007,51406.1388673859,1292273.8900010595,101738.5452231052,0.0,3840279.718973749,28857414.42871112,262491984.7148743,0.1520423809617912,50.251712564316215,2,4,32,4834,0,52.1096229103546
202608,P024,1,8,2,1.0,100.0,9099020.455390044,14239266.512066225,0.0,42839.84287458199,846827.7717889287,1190106.09358054,49306.06576237336,1364710.5643678375,105017.49458502048,0.0,3598807.832959282,23717168.372034907,258327022.6184784,0.1654969302368119,50.640790845712544,20,3,33,5263,0,25.86712127006978
202406,P025,1,6,2,1.0,0.0,0.0,0.0,0.0,1317523.7532125916,168453.2274159661,355137.5633226496,62901.17810063286,1035055.8881178234,553708.3217779999,0.0,3492779.9319476634,0.0,138350599.70847386,0.1497442102349618,97.49411461789146,1,2,8,1354,0,55.912609177861206
202407,P025,1,6,2,1.0,1.9033365367872528,3097041.554804758,0.0,0.0,2069751.7307837785,359924.2553444141,655051.0231470611,159187.30831317906,1461450.6897422357,558207.2559518813,0.0,5263572.26328255,3097041.554804758,140920204.95920563,0.1339522892281205,77.18269222462898,2,3,12,2059,0,8.971467359857293
202408,P025,1,6,2,1.0,4.750044555771236,4632062.096633197,2640243.1170108244,0.0,3351847.5306095206,482026.4094961132,1136658.8452353247,311727.8553767943,2324469.168556145,543341.2188457908,0.0,8150071.028119688,5088860.534427131,145050278.50071254,0.1085702601785813,91.85019167885706,4,10,20,3096,1,27.632073001081807
202409,P025,1,6,2,1.0,10.466961207132236,9302363.55600383,4085349.1995852096,0.0,4351404.369475686,888816.983207825,1756767.8342202953,570770.6001117975,3324898.9213204854,538151.8680468621,0.0,11430810.57638295,10305874.89084575,148441252.53534967,0.0877304856350053,80.35593114062429,5,12,10,1657,0,52.02348615801864
202410,P025,1,6,2,1.0,22.30808087569948,19267449.00871295,8773777.306649366,0.0,4868968.142193051,1098385.339726605,2564058.2864960968,827442.0238075331,4377724.265424226,565142.9564002209,0.0,14301721.014047733,20799546.59290934,146232129.26252225,0.1013070068570609,91.89922103321965,9,10,13,1829,0,0.0
202411,P025,1,6,2,1.0,36.55940883440629,23189254.262815267,17239485.3048136,2771357.1707332893,4490562.3302425295,1537618.2585396157,3327443.061819936,1225429.752969626,4778894.577000628,551659.6890825044,0.0,15911607.66965484,26749315.55091101,142525450.71927327,0.1240869940695214,99.31276274102876,24,7,18,2571,0,17.301952085001123
202412,P025,1,6,2,1.0,62.19441934114367,41712377.84949664,21419928.36528047,4423675.011418328,3708514.555296025,1655187.3989983147,4346890.199102262,1317632.002292371,4936089.43833703,550805.5922910068,0.0,16515119.18631701,47041765.03512718,124447995.46642669,0.2351848933582788,96.26269025177196,36,11,35,4906,1,35.33511744668178
202501,P025,1,6,2,1.0,79.65192827627322,28406237.97761674,38528916.56089519,9079530.696508054,2524518.0110772247,1654522.5269771004,5084878.399913318,1168584.2784992368,5009824.859510681,527750.1181813867,0.0,15970078.194158947,36919086.45184873,117372823.81408536,0.2786664949824186,93.6445254814866,37,6,39,5612,0,54.369089563366536
202502,P025,1,6,2,1.0,93.0626829908802,21821503.359851766,27352228.38798979,16847776.255844768,1549587.6613216747,1420627.4505306522,5078921.662198751,977152.32846896,4705733.769578264,579941.6697491048,0.0,14311964.541847406,31388361.423710704,114325238.29061818,0.2973959203813123,83.99293693080875,25,7,48,7726,0,36.76181169957237
202503,P025,1,6,2,1.0,97.8674136072017,7818086.865241314,21389259.2233694,20998759.95150436,964607.4738644464,1216197.1170309898,5093679.159284328,601042.5664766075,4069413.72228916,525973.218829467,0.0,12470913.257774998,17817189.065582633,120578396.79330118,0.2589661323469418,98.04254689775344,28,8,39,5997,0,25.882227782642
202504,P025,1,6,2,1.0,100.0,3470068.771367146,7090903.847205035,36612896.61894105,395957.4203764013,962165.097861382,4254469.890348702,304541.9498117081,3218940.6864420096,566386.7343963498,0.0,9702461.779236551,14196353.989744725,127521099.44277032,0.2162986402163192,88.3851784683201,12,4,40,6091,0,42.693850549993016
202505,P025,1,6,2,1.0,100.0,0.0,8559480.45372435,25745191.941504013,158456.79694449983,554617.3681764951,3018935.5033391346,152056.82980095627,2581284.944345275,516465.1539872568,0.0,6981816.596593618,5636873.536020368,134502916.03936395,0.1733907670532096,100.41002983106787,17,1,27,3828,0,56.7719498453985
202409,P026,1,8,6,1.0,0.0,0.0,0.0,0.0,230500.09105166927,41733.18302963971,54583.60258839554,3079.325704196737,59895.925103732014,64644.56897753119,0.0,454436.69645516446,0.0,27989929.82014178,0.1600196264190769,101.9378447352213,2,2,15,2582,1,26.287935925891983
202410,P026,1,8,6,1.0,3.5207526491894856,1173189.5489984106,1097889.2368483597,0.0,370016.0977530052,69159.8322459616,81485.29207025282,6329.442480390186,80213.42002946172,64993.00871253994,0.0,672197.0932916114,75300.31215005112,27645431.7020075,0.1703580466947907,98.89852852483703,2,1,15,2318,0,47.11319276695713
202411,P026,1,8,6,1.0,5.608135819872255,695560.3998945943,696338.4798412909,0.0,483859.6150869219,110701.79004041242,120734.869372085,11455.78882589192,112604.87557236513,66451.7437191359,0.0,905808.6826168122,74522.2322033546,27950090.29564466,0.1612152142210262,91.2618269625082,4,1,8,1310,1,39.75462747014893
202412,P026,1,8,6,1.0,6.379295210260147,256966.68512720865,249291.07002969395,0.0,629526.6693450881,151714.7979663221,174875.0384035708,17190.10314661552,128461.77427621456,66773.05008433953,0.0,1168541.433222151,82197.84730086918,28896850.393748168,0.1328028564192492,85.08078028953874,3,4,16,2396,0,30.0314846792008
202501,P026,1,8,6,1.0,10.209999363023035,1276471.9720826831,1281820.4708522658,0.0,712657.1471493575,190671.88849062228,201288.6742062884,27279.785453026885,197047.3536897456,64477.64093613734,0.0,1393422.489925178,76849.3485312867,29191034.30936712,0.1239743699982049,91.33597993377975,3,3,10,1697,0,26.31868973721441
202502,P026,1,8,6,1.0,14.912412602058078,1566943.951140023,1439373.571589293,1198069.3637518762,814439.6092666405,241066.3826733284,358333.0295350935,37795.17700767418,245803.25103975352,66273.7518636372,0.0,1763711.2013861274,204419.72808201704,29610946.19649766,0.1113727755644395,83.73336142338242,4,6,20,3192,0,22.70627472425054
202503,P026,1,8,6,1.0,23.00580752157463,2696891.057563933,2731079.894923512,641958.2347552181,947522.9317244766,329268.26931632555,405487.0206224726,53557.66626629077,218502.1225211783,64932.3835466097,0.0,2019270.3939973533,170230.8907224387,29331785.269996166,0.1197504206974824,113.13889607302666,7,4,8,1177,0,39.69840056800621
202504,P026,1,8,6,1.0,31.09724444016562,2696238.61007566,2724372.2578066173,257897.5328383193,843757.4417779016,376992.05473525473,480054.8267618922,63152.08696325237,252147.66427716656,64163.12290949922,0.0,2080267.1974249664,142097.24299148098,29132389.35904327,0.1257343103624074,91.72506726176844,5,6,18,2841,0,0.0
202505,P026,1,8,6,1.0,45.25604442912445,4718012.830929581,3970296.573573961,1184945.4779080749,832717.58450492,453133.1149271324,514147.4903213406,59884.24818013202,323968.17772925226,64487.70872021297,0.0,2248338.3243829906,889813.5003471021,27435471.0113993,0.1766589863708692,84.29210634449169,6,3,39,5678,0,42.623358642448494
202506,P026,1,8,6,1.0,55.07648508540861,3272379.372394702,3081888.5411302694,1514891.9368098113,572008.0393845749,514203.65139350574,715177.1775089974,71454.298680808,289965.6650659242,66356.20810716775,0.0,2229165.040140978,1080304.3316115364,26960983.428958222,0.1908984024508466,90.69172417308934,7,6,30,4786,0,81.58928668977518
202507,P026,1,8,6,1.0,66.59487133304832,3838170.900806912,3609806.681652845,2775305.9487507488,515403.9109139537,459748.1453429623,670038.7734325218,63790.52467143152,302533.24916201626,66381.10288939725,0.0,2077895.706412283,1308668.5507656038,25901948.741473548,0.2226801310276861,110.10797487218684,7,4,27,4504,0,60.2123633325681
202508,P026,1,8,6,1.0,78.95686914413118,4119280.188581939,3871792.355957249,2707762.3308283696,420156.438843946,403469.0573434793,810949.5664713708,55814.03578007215,309452.0563262945,62488.98159145234,0.0,2062330.1363566152,1556156.3833902923,24638652.55668551,0.2605917659642626,86.02263894288738,7,5,20,3265,0,50.54499659624059
202509,P026,1,8,6,1.0,87.56992103405136,2870051.7954766303,2914214.536317344,4142321.3454554696,305354.7356184062,403537.3630132544,673035.8702425833,52828.464831085534,293362.01841198484,65242.12863043583,0.0,1793360.5807477504,1511993.642549578,24153138.2713001,0.2751620944158702,96.54378937314338,7,5,29,4831,0,35.403614810393925
202510,P026,1,8,6,1.0,90.80966008829012,1079549.851589235,946035.3085907132,2942112.2389565404,229383.3200395005,343026.97094215883,717535.813192519,38073.71908280756,264411.21164806746,63327.51112370489,0.0,1655758.5460287586,1645508.1855481006,24952862.253409628,0.2511623040065857,100.41668798682332,1,2,40,6306,0,11.130060764050304
202511,P026,1,8,6,1.0,95.49322122441458,1560662.0301091766,1503644.0045250517,3183973.1073599667,112525.87210299108,315935.0235947233,686412.3680408676,27993.11501491688,216221.67026178684,63935.10579462186,0.0,1423023.1548099075,1702526.2111322284,25138350.487156764,0.2455957850164,84.75510490870161,3,2,20,2839,0,41.82052293959919
202512,P026,1,8,6,1.0,95.49322122441458,0.0,0.0,3834101.936541177,71935.58836145925,235609.14436190232,656680.9979595677,17255.241547524693,192990.91589188,67481.30009019432,0.0,1241953.188212528,1702526.2111322284,26380303.67536929,0.2083246553741216,90.64190283346169,1,3,38,5973,0,29.397062472328383
202601,P026,1,8,6,1.0,98.58887414886752,1031537.2933485172,914395.7616355194,2732946.7686798573,39232.577698088266,197953.2747125607,521932.69473979593,10138.304706641047,190812.46007181585,67132.70579503337,0.0,1027202.0177239352,1819667.742845226,26589542.932246115,0.2020453659908123,95.04371803908435,4,2,36,5600,0,17.186051229928143
202602,P026,1,8,6,1.0,100.0,470217.10009967344,1193090.7244074398,972373.3618048345,20983.69143735112,125427.21011322692,421956.7654350943,5436.539536737981,133012.5941853557,66057.52039863449,0.0,772874.3211064005,1096794.1185374595,26989556.20424151,0.190040930831199,82.20657581206537,2,0,26,3721,0,28.178980047423394
202210,P027,1,7,2,1.0,3.6830596359534256,5715429.479906545,4977665.55452223,0.0,1070817.757379023,289480.2783930556,365111.7779121036,37328.56616889126,156613.7406684185,47404.64110414326,0.0,1966756.761625635,737763.9253843147,138827875.3171693,0.1053842135163536,48.77784951024924,9,5,12,1923,0,26.06767560879741
202211,P027,1,7,2,1.0,3.6830596359534256,0.0,0.0,0.0,1559872.6726414012,377323.2659141109,471367.7790157909,61710.36943298533,207090.1123869953,44240.65030835241,0.0,2721604.849699636,737763.9253843147,141549480.16686893,0.0878460162519415,37.14786811558536,2,3,14,2413,1,25.04172666553916
202212,P027,1,7,2,1.0,3.6830596359534256,0.0,0.0,4611872.849089648,1898909.9990837104,721500.4800284563,754617.1478923245,122921.9572463678,256172.08283977828,44155.08697663426,0.0,3798276.754067272,737763.9253843147,145347756.9209362,0.0633696757629777,40.18669453831952,4,5,19,3299,0,36.89818559697388
202301,P027,1,7,2,1.0,8.528143942022579,7518677.516165627,6832845.991424032,0.0,2408386.3665579893,959898.1597089008,1148531.6439481762,159315.50196849552,359996.90538194566,42435.933710172765,0.0,5078564.511275681,1423595.4501259103,143223074.05300856,0.0770612692601544,48.28902188943983,13,7,16,2446,0,20.09043569606359
202302,P027,1,7,2,1.0,11.76050175559102,5016023.351056312,4410485.643921391,0.0,3100828.57936974,1289919.882357673,1592566.2371608496,355635.23224677204,419963.2195346551,44496.20425078452,0.0,6803409.354920475,2029133.157260832,145239668.8103919,0.0640662025217659,39.42808868529079,5,8,17,2793,0,35.94383135427717
202303,P027,1,7,2,1.0,15.363635956373097,5591399.941010836,4565259.0036424,7057417.5422214335,3423865.846209806,1982370.7287421816,2202414.735535674,401739.9977341103,488210.9372435806,45463.206976721645,0.0,8544065.452442072,3055274.094629269,148465543.15022784,0.043278460124668,36.88602291264632,7,9,17,2969,0,31.375316025861025
202304,P027,1,7,2,1.0,27.078357575118773,18179088.01559364,16317868.580857288,4687097.638592141,3640757.346760269,2611376.915494861,2400783.293033225,502276.4004096004,611557.9804183486,43378.87457731505,0.0,9810130.81069362,4916493.529365614,141113876.6770526,0.0906530732478564,39.59914042903753,29,13,20,3414,0,19.252480981683803
202305,P027,1,7,2,1.0,31.40390042606368,6712444.969816437,6505309.85228626,4629921.509663259,3521717.671341385,2652008.648355448,3302194.960113544,541669.3682976685,630231.415784723,42702.7449586526,0.0,10690524.80885142,5123628.646895796,145517466.2048853,0.0622760581866311,46.76381162424788,12,10,20,3189,0,21.62269666585818
202306,P027,1,7,2,1.0,45.8502173142739,22418020.227786664,21838197.44340461,16937025.914541725,3312902.106811639,2580372.146872702,4074513.390731678,736285.1524589458,690444.6542938558,44835.84090957684,0.0,11439353.292078396,5703451.431277841,136154881.46724194,0.1226091583615837,55.47838593461008,26,11,26,4076,0,67.13069523042628
202307,P027,1,7,2,1.0,55.56429780316836,15074461.856233291,12600325.457071926,6795370.851505367,3659174.4234744473,3080390.9784018137,4391227.736752337,839680.5013746246,737932.3839492705,41621.11217922125,0.0,12750027.136131717,8177587.830439195,135085885.9108552,0.129497834704426,38.841138756689176,16,8,31,4953,0,25.55833986387256
202308,P027,1,7,2,1.0,66.45764813093022,16904471.21476561,15543570.525199296,22538569.38354248,2410372.920436365,2925085.0171412933,4872868.420017861,814808.7838578762,649110.710213176,44798.33680560265,0.0,11717044.188472172,9538488.52000551,131467706.80629867,0.1528136143190494,34.28734163501885,28,11,25,3706,0,45.561069992428656
202309,P027,1,7,2,1.0,74.91317232263755,13121414.533065708,12523283.526766175,11524503.12882154,1884439.519589248,3176026.873744886,4438872.012765658,662167.7599273806,753329.841692882,45495.72878808091,0.0,10960331.736508137,10136619.526305037,130642319.18719546,0.1581324653951097,41.51292534103299,19,3,29,4653,0,7.7930273774291905
202310,P027,1,7,2,1.0,85.24269514526141,16029514.884167474,14378605.71761255,16273212.752261303,1243800.8802835585,2873030.455184107,5696322.149911447,681971.5304342994,571977.4631152927,42735.324368087735,0.0,11109837.803296791,11787528.692859964,127549506.70339228,0.1780627486060481,52.83444592833912,11,8,13,2089,0,19.863317981737843
202311,P027,1,7,2,1.0,88.09283910531886,4422897.922225223,4254824.367861231,12392138.505894989,818223.8790856093,2425350.1456779386,3645397.158595529,393665.5215978351,599060.2402959788,42871.23032449564,0.0,7924568.175577387,11955602.247223958,131580565.6248578,0.1520863448099813,40.20262458387048,8,4,19,2727,0,57.02200338290411
202312,P027,1,7,2,1.0,94.84769684349094,10482293.7626231,9913105.23176124,14004231.329659743,521637.31223091815,2173892.327812216,4012335.817116397,315959.4781505152,571435.8195833116,44265.84660965599,0.0,7639526.601503014,12524790.778085828,129992452.68170711,0.1623202470894459,51.58820494318611,18,5,14,2127,0,10.681960150646589
202401,P027,1,7,2,1.0,96.65221826585535,2800284.5334961824,2692728.4690021267,3979066.871301714,358499.9966729974,1580170.1027261098,4272342.276383169,195265.4978286912,456438.90617697337,44792.30154227818,0.0,6907509.081330219,12632346.842579871,134434850.8929614,0.1336931463681018,40.82635495231512,6,3,37,5747,1,46.68192318899628
202402,P027,1,7,2,1.0,98.5867518153562,3002039.3834386338,3059693.1040575486,10480131.493258316,193909.33881038032,1128312.599343441,2815243.147107248,109206.74429771598,453185.1023663874,41409.46032844079,0.0,4741266.392253613,12574693.121960968,136533400.15129888,0.1201699595374087,47.37321834074856,5,1,47,7821,0,0.0
202403,P027,1,7,2,1.0,100.0,2193100.610722718,7212391.639287505,2466697.590707011,103357.04293073811,850211.2929000626,2535968.181883403,69630.01184756278,327395.76180776727,45142.34214688961,0.0,3931704.633516424,7555402.093396187,138534502.34424368,0.1072747278839278,48.95974198997694,14,1,44,6408,0,60.82904656588744
202402,P028,1,3,6,1.0,1.2957162605120462,3893948.7537616407,0.0,0.0,1126379.687951383,633602.4408854818,884620.5818822016,310654.1481912839,192682.3304944619,1014029.6093747382,0.0,4161968.798779552,3893948.7537616407,247874605.5312353,0.175194186506516,32.419905861610104,2,5,22,3268,0,59.26796394578143
202403,P028,1,3,6,1.0,2.13072389754044,2509405.065506575,3497016.0419007083,0.0,2324785.292047461,1196083.7218355932,1762897.8038078996,948617.0557443392,275627.1272745639,1100729.8282173967,0.0,7608740.828927252,2906337.777367507,253416350.5484468,0.1567539614689474,40.54598091558629,8,13,14,2368,0,78.44881586120457
202404,P028,1,3,6,1.0,2.834591952085983,2115298.092135634,2395922.454361482,0.0,2918357.5683956607,2331013.236209389,2920505.5566424243,1799744.2470636528,406902.4080487788,1033245.1619688628,0.0,11409768.17832877,2625713.415141659,263083818.40039343,0.1245853427072236,24.28375461504645,5,4,8,1250,0,56.69674887919344
202405,P028,1,3,6,1.0,8.850954824877928,18080662.73817376,2085667.1040443848,2749035.194304534,4036765.884224708,3967168.404070129,4224718.572682584,3478667.2026257445,554933.1332849263,1129430.6797929276,0.0,17391683.87668102,18620709.049271032,265585668.37632257,0.1162604059908852,50.95540025315789,6,13,16,2341,0,34.84869682928757
202406,P028,1,3,6,1.0,17.957325088702554,27366901.397146054,16292849.361869486,2218816.080044046,4814995.710606072,4440388.832457631,7079857.252518433,5075968.015656051,826755.4123564406,1064806.1519993758,0.0,23302771.375594005,29694761.0845476,266360046.74952647,0.1136836523831756,42.46249968628001,17,10,19,2953,0,47.42115174708378
202407,P028,1,3,6,1.0,39.05821105658433,63413396.22104391,26977263.3330361,1883637.863213237,4427342.030918001,6406030.177908085,10605855.3044918,7007961.617450317,847479.0335523387,1046781.4707078976,0.0,30341449.63502844,66130893.97255541,244540727.2441646,0.186287707711572,44.786706434529535,33,6,11,1707,0,22.09309100685425
202408,P028,1,3,6,1.0,59.75353846943595,62194592.1679768,58745509.52870632,14406113.547729494,3831656.850056731,6894580.780373716,11654052.138088629,7130257.472068326,1004990.4639577992,976805.9356621436,0.0,31492343.64020734,69579976.61182588,224930531.4192125,0.2515408766898999,36.4981867795636,61,9,31,5077,0,25.577046425903657
202409,P028,1,3,6,1.0,78.06020913190986,55016086.1479768,63782071.07087722,24719668.332989298,2867273.336245007,7336763.6873355955,13838209.86002729,6740606.06280585,966070.2842025462,1051425.5045593106,0.0,32800348.7351756,60813991.688925445,212572578.7579092,0.292662116907611,49.86457165530592,110,6,41,6198,0,53.23670947856955
202410,P028,1,3,6,1.0,92.26285433763414,42682471.68334013,55356462.39710848,55302598.24067612,1769496.6326540324,5738228.4600258,14955875.712805055,5001435.800707778,964773.7444724764,1023142.0506792312,0.0,29452952.40134438,48140000.97515708,207026748.79886025,0.3111159346396315,27.769238973075744,82,8,20,3019,0,61.4067898669494
202411,P028,1,3,6,1.0,97.7585185372515,16515834.070597865,40347027.971139535,59729862.45305075,859636.9599000214,4828778.146606603,11648927.845375244,3402881.7310898267,773943.475521305,1060895.0975675797,0.0,22575063.25606057,24308807.07461542,216060215.3144121,0.281056963160655,39.53031811910356,59,4,40,6955,0,43.153844774746005
202412,P028,1,3,6,1.0,100.0,6736207.775149843,15399916.048634496,51337291.78161426,479082.89250775526,4136695.317106389,10377288.840986509,2028474.122981468,619315.1922298206,1016429.1277110444,0.0,18657285.493522983,15645098.801130772,229194376.2196499,0.2373528804177626,44.22630896251543,23,3,36,6251,0,2.899906777751218
202501,P028,1,3,6,1.0,100.0,0.0,14661845.209798263,36656100.178977765,176955.39004118458,2430138.991883167,8857250.078325119,905139.3608597018,379598.8753767351,1053712.0685325384,0.0,13802794.765018445,983253.5913324952,242997170.9846684,0.191423910242518,56.34986366407032,23,5,42,6881,0,48.04243359788779
202307,P029,1,8,3,1.0,0.0,0.0,0.0,0.0,1378147.3491191813,208333.7055974156,533713.7814889734,41607.22663934343,846764.2001554022,1165293.643277183,0.0,4173859.906277498,0.0,214337777.8825879,0.0846117586150362,34.95090123025037,1,3,15,2256,0,53.3761153920171
202308,P029,1,8,3,1.0,2.426320128131491,5681218.538580651,5486835.741909845,0.0,2392875.59843069,439463.2162373748,838055.166105257,82280.34662502029,1094181.2250374309,1160484.425818371,0.0,6007339.978254143,194382.7966708066,215530945.899897,0.0795160074887944,34.26262242054344,11,10,8,1183,0,48.3513103377266
202309,P029,1,8,3,1.0,3.6013432433654007,2751311.761432128,2616650.3100664937,0.0,3649876.790636117,661369.3479537435,1294458.843774818,159864.94668440992,2062386.6573645647,1158139.3185254335,0.0,8986095.904939087,329044.24803644046,222180529.5032461,0.0511171377200391,40.04759374720881,7,10,22,3320,0,43.45221626198264
202310,P029,1,8,3,1.0,5.246187437221509,3851395.872649517,3499066.144776833,5739152.005735418,4467740.704588219,1120434.595627634,2052572.5724748184,267458.4588408427,2396107.6037839493,1202323.5059344545,0.0,11506637.441249918,681373.9759091251,230410838.7305365,0.0159673458165752,36.93033524623115,10,9,13,1870,0,57.32130362721313
202311,P029,1,8,3,1.0,7.930254933920136,6284732.935381073,5474160.808456115,2522296.78621323,5587557.102926582,1407025.3897415432,2936725.354144141,494174.9316728667,3139980.543968568,1155982.475790064,0.0,14721445.798243769,1491946.1028340831,239771959.5759049,-0.0240118871151383,51.97206398074123,12,12,8,1224,0,26.07168251930208
202312,P029,1,8,3,1.0,20.87527709910924,30310715.82621112,29479047.89512838,3584645.761808101,5599364.955475112,2124668.5017806296,3742954.695798757,584348.3347594754,3827406.048371065,1179663.724211709,0.0,17058406.26039675,2323614.033916824,230734365.46435684,0.0145856362045859,38.86183157281598,25,16,20,3474,0,50.62327644825899
202401,P029,1,8,3,1.0,34.37172887319456,31601885.97332442,29396389.114250667,5562345.777771362,5236103.986857216,2123423.04579049,4847676.721677637,900766.8942127948,4214017.06950696,1195419.2070069134,0.0,18517406.925052013,4529110.892990589,221614417.71125185,0.0535348733279205,40.78106533549307,42,11,16,2243,0,49.203570096562295
202402,P029,1,8,3,1.0,48.87035860296908,33948481.50901036,34115485.46146326,31997541.12206777,5226076.480227272,2337331.192016795,6346604.974789723,826047.6370217913,4783818.760162528,1154463.3822610944,0.0,20674342.4264792,4362106.940537691,212110441.31705928,0.0941242100448936,40.31883640544854,53,18,22,3473,0,60.3283598433031
202403,P029,1,8,3,1.0,67.61853537954039,43898778.33213603,42433112.32128018,25166583.48134182,4355567.939349386,2527750.8513588263,6830761.647402406,833823.8828940453,4675384.433124695,1102037.8382631403,0.0,20325326.592392497,5827772.951393545,192661616.76994509,0.1771857471899693,41.09385442640638,64,13,32,4535,0,24.09076928252044
202404,P029,1,8,3,1.0,77.93265145686266,24150460.109598715,20613810.030779067,33320356.23863631,2982896.739501493,2697174.2883899943,6802744.834181381,785839.3757926618,3971531.577670054,1135987.5739989192,0.0,18376174.389534507,9364423.030213209,188795504.671964,0.1936970388032785,36.20014660470971,35,5,35,5044,0,21.786828903517065
202405,P029,1,8,3,1.0,91.46048700705994,31675370.95520736,27612194.30561117,39355995.68478741,2286713.3581601414,2404797.1814184226,9274447.563548036,612643.3348513007,4419991.540433453,1174406.927830943,0.0,20172999.906242296,13427599.679809391,179289641.89461237,0.2342944318366861,43.46068624827493,29,7,47,7037,1,50.75680410683356
202406,P029,1,8,3,1.0,93.50742231953664,4792890.562826709,4179074.938670741,20906410.041639544,1136075.861631258,2066050.8477280776,5808639.458963513,463181.5812104936,4116366.551597575,1147093.5248550936,0.0,14737407.825986013,14041415.30396536,189527944.1975204,0.1905689550102887,52.363035529678974,6,5,33,5018,0,49.0316229795168
202407,P029,1,8,3,1.0,96.45895827755288,6911009.230625585,7151038.168608516,25475971.575781204,652985.4583719954,1566780.3925292513,7069772.374211938,317005.2943125994,3402105.8720211107,1160104.4553969898,0.0,14168753.846843883,13801386.365982411,197209306.0641033,0.1577635933052485,47.034532777617066,15,4,24,3839,0,56.407823654811146
202408,P029,1,8,3,1.0,99.25403685869718,6544664.930186043,6140028.267228258,4120583.1253802488,412901.5490097681,1252063.578537065,6346571.170057688,154272.39857682915,2865497.5349299414,1140915.7065068907,0.0,12172221.937618185,14206023.0289402,203238024.8801461,0.1320162968214483,51.518144526702656,9,5,43,6511,0,35.788190296911544
202409,P029,1,8,3,1.0,100.0,1746669.608157231,7607539.079772122,6860526.983185672,187850.8209800578,791576.6231280294,4822272.974422023,89518.34629708342,2088783.0501025824,1143556.061256987,0.0,9123557.876186762,8345153.557325304,210721977.01569656,0.1000540274928773,55.90568069148173,14,3,14,2097,0,54.32338431799221
202304,P030,1,1,4,1.0,1.37154566330324,2737294.0728103486,0.0,0.0,632317.3071269317,271974.9021889675,78953.35743777474,246962.5450076373,108233.22034243828,370794.8619675898,0.0,1709236.1940713394,2737294.0728103486,172072353.20448902,0.1378160930670612,66.38637141982784,0,2,8,1162,0,20.625411316479788
202305,P030,1,1,4,1.0,1.37154566330324,0.0,2625940.311270021,0.0,1011837.9967593988,446517.5573473127,115887.14085457569,370861.3692706819,135882.9211238173,387245.6175109883,0.0,2468232.6028667744,111353.76154032769,174540585.8073558,0.1254487929800451,73.30671514179892,6,5,18,2689,0,45.89543662573495
202306,P030,1,1,4,1.0,1.37154566330324,0.0,0.0,0.0,1134413.6279961076,589931.5086894245,146106.03261788818,497755.56353646185,172495.54481634038,394166.263430451,0.0,2934868.5410866733,111353.76154032769,177475454.3484425,0.1107433718129295,57.95577959984766,0,4,11,1837,0,13.599803750411525
202307,P030,1,1,4,1.0,1.37154566330324,0.0,0.0,2406695.08565364,1362310.3175276474,749860.6778991992,179577.87370327042,875367.249653567,227045.7175262834,405937.9169566695,0.0,3800099.753266637,111353.76154032769,181275554.1017091,0.091702632315907,65.29380900562153,2,8,21,3225,0,42.13856961199336
202308,P030,1,1,4,1.0,3.135709687112656,3520871.2732235887,0.0,0.0,1800141.4638856773,1031872.424541672,255554.0658699425,1252331.8928259711,257003.60604487968,377654.6560012417,0.0,4974558.109169385,3632225.034763917,183367885.8340059,0.0812188171419052,77.72677102641805,4,4,16,2521,0,62.82077829687486
202309,P030,1,1,4,1.0,3.135709687112656,0.0,3483343.929921131,0.0,1829108.546346481,1017998.551869564,322586.5990265942,1611018.1449751498,339711.0820201989,386757.5203284847,0.0,5507180.444566472,148881.1048427848,188875066.27857235,0.0536245972486126,59.52552536740872,5,6,16,2702,0,66.55497006429253
202310,P030,1,1,4,1.0,7.457701077630656,8625714.573373718,0.0,0.0,1871896.9222207463,1609576.028161324,395431.7575762966,2474309.0600012094,340510.9490572183,400487.93400668015,0.0,7092212.6510234745,8774595.678216502,188880761.4514613,0.0535960610757725,68.2966325153542,2,6,18,2909,0,24.343708309325987
202311,P030,1,1,4,1.0,13.774472186316125,12606842.468125315,8303478.3423085855,3449847.1954585933,2484359.210631544,2055492.351087499,469166.38830241136,3029618.617585424,379278.8595089132,372960.71543044987,0.0,8790876.14254624,13077959.804033237,187249486.6090112,0.0617697094902487,59.26302597955371,16,8,14,2112,0,68.52464787018961
202312,P030,1,1,4,1.0,17.529740826467474,7494664.4982568,11988586.894239051,0.0,2653318.737960779,2197849.669010104,617637.3938645934,3773023.40620006,435564.2902626442,389554.8791787148,0.0,10066948.376476897,8584037.408050984,191084019.1193488,0.0425564415860469,54.322470081025706,22,8,13,2241,0,52.619491235395145
202401,P030,1,1,4,1.0,26.771581771794484,18444618.44644138,7498268.608906375,7896580.641279738,2432316.7608111924,2797111.826418024,691094.6756399659,4234016.9886290105,511658.4166679323,408890.1538910365,0.0,11075088.82205716,19530387.245585985,186704906.96591324,0.0644983744708708,60.12522780472003,14,6,26,3665,0,68.17416653997388
202402,P030,1,1,4,1.0,36.867534995822886,20149232.83920838,18153016.63966062,11327980.066126864,2159941.912424641,2827189.0159638007,748493.593633806,4955859.144750751,553957.577302094,377085.8121270398,0.0,11622527.056202134,21526603.445133746,181256415.63205272,0.0917985273288696,56.0241483281222,20,5,31,4571,0,48.93063957613264
202403,P030,1,1,4,1.0,42.5375015620618,11315967.29883514,20388397.64348973,7675556.120867844,2346307.714563139,2798705.2190039046,832014.0583690729,5372814.003435037,569336.6095005231,411718.816301675,0.0,12330896.421173353,12454173.10047917,183913752.30853748,0.0784837043773576,69.98564640379023,32,8,36,5665,0,98.11638284722632
202404,P030,1,1,4,1.0,52.92139652080054,20723899.23554191,11117074.564561564,17443018.862256646,2123542.012171896,2995736.223184595,1109446.4527285972,4970869.387882961,539052.2849869869,385855.4329199727,0.0,12124501.79387501,22060997.77145952,178161223.23709804,0.107307265496818,74.29800177773436,17,7,23,4018,0,44.74840901291809
202405,P030,1,1,4,1.0,65.22503585194423,24555273.59841882,20301003.55650764,20162328.47281049,1811620.1961826445,3502402.20878768,1003245.6704034436,5132901.649639125,615490.6058805853,375513.78500907583,0.0,12441174.11590255,26315267.813370705,169150698.9295494,0.1524553029724503,62.5359670116232,19,7,32,4741,0,50.37136408475081
202406,P030,1,1,4,1.0,76.25881347953958,22020917.647017173,24398221.696024194,11620698.449776083,1375509.6451971056,3440752.0647994503,1050495.7896336224,5193398.52960999,537949.7447728663,372665.24483446206,0.0,11970771.018847495,23937963.76436369,161635093.6973223,0.190112914793372,57.73555878187238,18,7,41,6761,0,62.844454404047696
202407,P030,1,1,4,1.0,82.68222309381488,12819668.739312949,21381011.14867332,20856492.58762608,1113375.3583335974,3314017.731998179,1219882.6689890164,4980897.709480837,673916.9831575243,377773.5807815788,0.0,11679864.032740733,15376621.355003327,161817621.01286113,0.1891983453631148,58.328594940024914,34,5,37,5700,0,20.69530301634177
202408,P030,1,1,4,1.0,89.34590483948217,13299197.419048492,11543807.440890124,21138931.14592716,765457.0379319646,3084115.5742818373,1234943.026054146,3539083.9633279582,618908.4440086122,389110.43658772286,0.0,9631618.482192244,17132011.333161682,159432838.51501128,0.2011475112395064,60.27586043573032,20,3,42,6098,0,57.51498240630576
202409,P030,1,1,4,1.0,91.57042231544251,4439632.354014477,12902585.961910134,21701980.59357601,658302.552373406,2569240.6709579136,1153505.5290381096,3040498.383335663,528777.8297617581,381855.9287531389,0.0,8332180.894219989,8669057.72526604,163753619.25561038,0.1794978531128275,61.63332304685772,22,5,8,1284,0,47.48739671574309
202410,P030,1,1,4,1.0,91.57042231544251,0.0,4307692.991891262,11665897.454884753,474732.7099772556,2351294.9103600173,1101050.674655981,2268367.915999442,509415.1497992144,393106.0478804697,0.0,7097967.40867238,4361364.733374774,170851586.66428277,0.1439328529386323,55.77947841156808,5,3,37,6418,0,54.60129771476599
202411,P030,1,1,4,1.0,94.72042114687513,6286683.237270806,0.0,12054480.228026206,352968.38512259425,2194780.0261912243,989312.320977742,1962262.866694916,407253.2074945519,410175.2608519766,0.0,6316752.067333004,10648047.970645577,171488048.09202018,0.140743806062946,61.436746479972015,4,1,45,7800,0,45.39782030103227
202412,P030,1,1,4,1.0,96.86585129053135,4281791.976006918,6250633.3195485845,3839959.310271682,210819.45913381147,1643148.641980159,889315.006584511,1283361.8863839444,432895.8231220392,395858.8237640622,0.0,4855399.640968529,8679206.627103925,172474663.19843242,0.1358002828807259,63.69151608464749,13,3,23,3460,0,33.73197707359353
202501,P030,1,1,4,1.0,96.86585129053135,0.0,4564237.103869041,0.0,132657.63961011774,1427775.3709236078,840602.0181180182,976910.7838589314,366263.7736071223,385020.85887027736,0.0,4129230.444988074,4114969.523234874,176603893.6434205,0.115110404632502,54.45786687425847,9,2,29,4682,0,17.411661469671948
202502,P030,1,1,4,1.0,97.46013416178272,1186053.825675244,0.0,6088970.332180519,94918.5902000147,1273082.8476857415,796341.8289867616,631939.2106741878,285695.5559175512,394851.72358923405,0.0,3476829.7570534907,5301023.348910123,179009072.3899541,0.1030590415289009,62.52706135529593,2,3,39,5604,1,13.722454028653894
202503,P030,1,1,4,1.0,100.0,5068996.163016193,4213939.51554882,4273846.476590446,56569.00487175168,802969.1120519212,684609.3506186203,410486.5635894917,230217.05356950144,401548.44321913127,0.0,2586399.527920417,6156079.996377498,177015414.29922047,0.1130484436016118,65.54607602142549,8,2,39,6758,0,51.24830257337891
202310,P031,1,8,1,4.525806535817528,1.7844111126297648,2573171.1524306224,0.0,0.0,201261.671190435,73316.38693929397,90374.5909404343,30144.500992831225,85144.83629889159,944189.5666632708,99.8935385402504,1424531.4465636974,2573171.1524306224,120009002.2564409,0.1677763174061644,65.84643656843002,3,6,18,2654,0,57.07282367352879
202311,P031,1,8,1,4.537214839072123,1.7844111126297648,0.0,2456424.64999074,0.0,253588.25024359065,102028.3590396054,131066.69953646704,48082.93221617615,93385.89502857887,896096.3815511728,561.5615652827902,1524810.0791808737,116746.5024398826,121533812.33562176,0.1572022518319794,68.30246154023662,5,1,14,2398,1,47.17706864670572
202312,P031,1,8,1,4.527327935553181,4.4754894110431165,3880610.806219554,0.0,0.0,278052.139548768,148102.79254540303,139204.17545913375,64841.34583074246,121718.40717011446,963604.3037312528,205.09849209718743,1715728.262777512,3997357.3086594366,120011440.71274418,0.1677594074990207,87.47162753720089,1,4,16,2518,1,42.90568776741743
202401,P031,1,8,1,4.528868031466765,4.4754894110431165,0.0,3725873.226031026,0.0,359027.3165101985,166217.26596667862,187425.6836374427,87893.33668547028,136992.50267861807,940746.348446293,351.0331557944678,1878653.487080496,271484.08262841124,121890094.19982468,0.1547315521386786,78.691308035299,10,3,22,3375,0,17.85386710459092
202402,P031,1,8,1,4.52861469301143,4.4754894110431165,0.0,0.0,0.0,370254.91745114047,197303.57412014165,220633.3069306,107805.87909366828,146087.315628419,965004.6936538044,364.91587974933645,2007454.602757523,271484.08262841124,123897548.8025822,0.1408105026279353,73.18618229772814,3,3,12,1937,0,43.5814763334502
202403,P031,1,8,1,4.537465892801244,4.4754894110431165,0.0,0.0,2384943.131668992,459380.9254865888,263799.7553707189,241788.4384254452,136117.03742579333,172721.14859558575,921720.686041442,1040.885397980362,2196568.8767435546,271484.08262841124,126094117.67932576,0.1255780066876033,79.43328888726136,2,3,14,2039,0,40.159111716934845
202404,P031,1,8,1,4.525700537970929,4.4754894110431165,0.0,0.0,0.0,415189.1105176593,269274.1870731322,307679.04296189564,178100.24880718373,188176.3784809149,962694.4624523296,240.09770693298992,2321353.5280000484,271484.08262841124,128415471.2073258,0.1094801694808057,82.36761444471873,3,2,18,3028,0,29.99335295498154
202405,P031,1,8,1,4.529139404960242,6.854405550774762,3430464.169093729,0.0,3226477.3284536246,546418.7950499641,321650.9809714214,352183.7704264862,201033.6524097981,212136.0429712913,994431.2312674946,601.1331948254945,2628455.606291281,3701948.25172214,128180923.14735152,0.1111066845467332,72.6809127751808,3,5,12,2009,0,30.72432879193528
202406,P031,1,8,1,4.517653932403059,7.352347158940587,718045.8430562684,3267220.6031595296,0.0,665237.5905099862,410713.3861163667,437224.2734205167,278852.4642693468,226517.4628334733,952224.5064871575,-502.6960332456742,2970266.987603601,1152773.4916188791,130551860.25220804,0.0946650012437946,86.82833736226515,11,3,19,2888,0,32.46673198694944
202407,P031,1,8,1,4.539685019571025,7.795994370693463,639751.792094807,674700.1499429885,0.0,636622.0457272687,466670.8270939194,462973.1876218082,346076.52707460953,276127.46398773714,956233.453053394,1871.3470349816585,3146574.851593718,1117825.1337706968,133164436.75458126,0.076547626738696,74.27439757663892,4,4,13,2117,0,32.23475790323408
202408,P031,1,8,1,4.523485195023115,12.696563965012514,7066759.572011691,604364.0322098932,0.0,710480.8270457636,547243.4256458078,534327.0130310819,362846.7968558034,304958.5771150192,957273.9647653776,143.35825936031307,3417273.962718214,7580220.673572494,130681984.99341609,0.093762628177703,71.19498269145623,1,1,23,3443,0,36.742116549384704
202409,P031,1,8,1,4.492798509241269,17.439422968940512,6839336.452555217,6966481.632724698,0.0,633882.4133921427,585945.4564276456,684576.3072805331,449486.0429656896,281866.9059515178,942339.1466177872,-3810.914142655829,3574285.3584926603,7453075.493403014,128544438.81109996,0.108585820789206,84.72059648401905,12,3,16,2247,0,33.22360509287095
202410,P031,1,8,1,4.482046575284506,17.592705033164695,221037.05982048667,7249230.801979886,3218636.615806155,702848.2206063878,612703.2600120269,780586.0390271458,530599.3890884304,371883.0135053893,991283.296437779,-5849.960596227798,3984053.2580809314,424881.7512436174,132343861.92388628,0.0822380482454554,82.60437526241145,11,4,18,3048,1,49.41934795971059
202411,P031,1,8,1,4.479882640459243,25.085041302287408,10804160.215973908,210322.6189966974,609304.2941770199,715781.0225124497,658630.242782327,830222.0323655703,618096.8915017855,370648.405474428,992860.2762758916,-6424.371076552829,4179814.499835899,11018719.348220829,127496595.57190804,0.1158522753293242,90.56939408026832,5,5,15,2466,0,85.20361629624874
202412,P031,1,8,1,4.482767953459496,28.3812053485926,4753161.520683319,11148179.916787537,601217.6840082577,732474.3486302462,732726.6008873475,1006111.2081217068,695459.9560992509,388615.8483820192,949455.4228410036,-6733.316232982392,4498110.068728592,4623700.952116616,128021816.29465276,0.112210039198378,69.9182285168454,14,3,13,1950,0,23.239287823303272
202501,P031,1,8,1,4.48031429695615,31.77662828987116,4896295.646759916,4628132.034422639,6174852.166642107,631129.5771420283,792333.3723777945,1084689.9187111177,679030.4236915979,381833.4748149592,938342.2289029504,-7057.49623091775,4500301.49940953,4891864.5644539,128428611.71949008,0.1093890442717055,82.51095888691144,10,4,18,2806,0,34.183028723921055
202502,P031,1,8,1,4.489210074079584,40.6415055994721,12783403.107865984,4595183.491506823,7140085.582860096,682055.044006004,927183.5267752472,1130571.4234429714,749671.2293655438,436396.3913849085,952254.6454523646,-5876.3521079851225,4872255.908319054,13080084.180813069,122608728.34232707,0.1497480563903092,85.74147799914437,3,4,31,5147,0,55.76150913236751
202503,P031,1,8,1,4.471355072793191,45.08057731677962,6401266.617148854,13044591.061263612,182447.40503679324,623194.5981962535,882037.7860174887,1161957.6587209257,750534.7990780947,409741.5953559725,977265.4875671386,-8909.160452086213,4795822.764483787,6436759.736698307,122047935.72666392,0.153636972113326,74.81790276585332,18,4,26,4532,0,33.05355314489128
202504,P031,1,8,1,4.467737401221225,53.30431225459633,11858857.724798515,5528557.86298826,11576208.099712608,537880.4370140086,954990.0130745666,1224001.7927871123,726031.7514053921,441837.4930377262,975799.4751549546,-9417.317098715748,4851123.645375045,12767059.598508568,116971013.1267104,0.1888437911263589,67.87677330014938,9,5,19,2808,0,42.1240534545022
202505,P031,1,8,1,4.432401084176883,59.48889699946102,8918345.633812578,11246009.196000366,4453845.782281613,541508.4598288989,1005184.7115108286,1335025.4879941584,712498.1732490772,448256.7427631222,951240.8962667914,-16524.82295220095,4977189.648660676,10439396.036320776,114478065.54215738,0.2061315777117089,70.62330540805148,15,5,16,2520,0,41.01459135543466
202506,P031,1,8,1,4.411778353509152,67.58169567629398,11670043.943497866,8984516.404743342,4637298.512758302,472889.64902131504,963452.7023802152,1136998.4609388283,646862.8471291674,404669.1729669506,963707.7023241986,-17428.5205071092,4571152.014253566,13124923.5750753,109269237.32196625,0.2422531196119002,67.4058260353742,12,7,36,6204,0,54.6630761630276
202507,P031,1,8,1,4.416457743801393,71.11705932474973,5098094.093435366,11677269.515694307,11252128.664027032,428967.3525423312,883025.0371898633,1343014.0603477438,669594.1175866044,413005.8757332919,951712.7140634248,-18371.19313209749,4670947.964331161,6545748.152816355,109665999.37077516,0.2395017029084459,74.34959173689708,17,3,12,1832,0,55.80048242448835
202508,P031,1,8,1,4.40436337655207,75.62970243975042,6507358.647650216,4670774.5197775625,4656659.942095151,348635.4690240177,922171.6793505816,1354501.543649911,572428.0959207478,394697.2815563167,963570.741955615,-19674.941189353063,4536329.870267836,8382332.280689001,108745066.10636488,0.2458880777496679,76.90772033760841,8,3,41,5939,1,56.352169364832
202509,P031,1,8,1,4.383381729961619,82.80001046350061,10339786.403574113,6162878.251889056,10593821.233439144,295170.03238171386,896359.6294810236,1262032.0102220129,568055.972326424,423378.8077074011,973708.697240334,-21189.18641165301,4397515.962947257,12559240.43237406,104465645.46070784,0.2755644782040818,73.68789059335128,7,3,8,1138,0,28.32978757693997
202510,P031,1,8,1,4.3874962234828,83.7134683848188,1317232.0859575802,9105754.997020723,9017951.26726766,262808.0770524327,817390.6391821194,1291382.8548224312,511981.4216183169,400003.0703240915,948546.6932761436,-20521.886208540447,4211590.870066995,4770717.5213109255,107571257.38199076,0.2540280622582632,81.25787363912575,17,1,8,1232,0,75.69189718970247
202511,P031,1,8,1,4.3708360573070655,91.2813478731901,10913095.668771978,1216584.8078789243,10847318.57305005,171436.78172529163,737751.1447727939,1358047.6457806432,464199.14451836736,398111.246533163,931829.0588262236,-22691.42863087061,4038683.593525612,14467228.38220398,102447049.93725692,0.2895627864026951,71.84795626940719,3,9,22,3098,0,42.23631128786791
202512,P031,1,8,1,4.354797019847399,93.0299334172346,2521509.6720965323,11199145.54684543,4799513.145711343,167800.1020524741,721616.1742106118,1234434.5768501663,352162.7914973355,349899.63742347324,966523.812533588,-23006.37474065585,3769430.7198269935,5789592.507455081,104099362.00637408,0.2781045356956643,63.32430155337412,12,5,16,2515,0,54.53052799734223
202601,P031,1,8,1,4.352306782918762,94.44602634926773,2042045.947863706,2409458.2024390628,6135561.877012469,135291.97239271822,738967.3876771721,1282300.2514206318,332406.0889357899,371126.7381035967,970170.5801224606,-23604.103306980967,3806658.915345389,5422180.252879724,106191471.25741696,0.2635964335320362,74.57369580506628,6,5,8,1350,0,35.679753258396815
202602,P031,1,8,1,4.325575472162804,95.19734395064972,1083421.1715597024,2068813.0888596887,9078558.056820646,98923.11238072148,608664.061202491,1192117.5741051603,249692.2802358356,321770.0754232655,958234.8714074034,-24877.10143162419,3404524.8733232534,4436788.335579723,108686330.30860762,0.2462953915427214,89.11990057887421,1,3,46,7603,0,59.93035122423112
202603,P031,1,8,1,4.322665761681951,95.55030456621792,508979.1626469687,1127547.682371999,1179616.8208626402,82096.96936681008,561947.7947044937,1137361.201921308,214137.37951981457,351261.3505946449,962675.6097812416,-23845.30983181744,3285634.9960564952,3818219.8158546975,111544614.46402006,0.2264741137969573,71.84359502420261,5,5,24,3620,0,41.52117648904843
202604,P031,1,8,1,4.299175040669026,96.6759668681349,1623236.7878513904,473736.13979220274,10646122.580024414,64578.4295876522,486368.89050258015,1024623.2628862652,175503.5135277495,282854.33499106136,932569.6137297133,-23804.29636143008,2942693.748863592,4967720.463913888,113124400.54050454,0.2155188074319148,69.65376939552846,3,2,47,6992,0,53.08840892792894
202605,P031,1,8,1,4.310678898301815,97.87315088620632,1726373.1197640873,1585003.1371724848,2435255.1783880554,47063.13634336792,425579.305634302,953792.86024601,126401.26209974207,274914.17298707546,976998.9454948568,-20745.81236172471,2784003.8704436296,5109090.446505487,114458901.055723,0.2062644772373742,70.89838558903747,6,3,25,4281,0,50.54047079887508
202606,P031,1,8,1,4.332175900642695,97.87315088620632,0.0,1698645.884567921,1987063.0527337552,38624.79382812474,391613.6958850036,947071.6665447876,102710.5573194368,202178.45842146044,917132.0022798022,-18356.18481803258,2580974.9894605824,3410444.5619375706,117039876.04518358,0.1883662490209472,85.26975618812824,3,4,32,5563,1,12.265989817060907
202607,P031,1,8,1,4.320118171714961,98.38179685911456,733481.8389236414,0.0,1054490.6257334575,26090.23967364716,314022.1841112046,806399.5399927192,77034.90671898445,196508.92398225583,962362.2428678076,-16486.24719460533,2365931.790152014,4143926.400861204,118789959.28304708,0.1762299868266474,77.61280028602415,0,9,33,4633,2,28.11495699675913
202608,P031,1,8,1,4.326123017126638,99.89989266508644,2189136.969000282,777440.7906824909,449725.4306778153,19089.42992156961,274677.2063779095,876692.2729529432,62619.12883054927,193212.95717950244,958529.1912687497,-17212.804349673395,2367607.38218155,5555622.579178989,119319515.93025944,0.1725576824594849,91.28954243352511,1,5,39,5991,1,37.33360768971073
202609,P031,1,8,1,4.332696290793068,100.0,144357.6003999877,4753513.645419739,1585865.556527435,12886.01290659673,213435.7702026333,684350.6558181664,43593.08925858177,154130.6295151534,976352.136390882,-12948.789239203425,2071799.5048528104,946466.5341592432,121270109.40859546,0.1590309464874992,57.49857951440033,5,3,31,5041,0,57.93337997740389
202408,P032,1,4,4,1.0,0.4425327516783071,783288.4850311847,655595.3875283701,0.0,2596746.4100566106,529355.7522722812,229821.44990384727,16957.13990997115,231732.8917594549,1299292.9047063433,0.0,4903906.548608508,127693.0975028146,157820311.64248857,0.1083660986143835,53.763011879892815,2,9,10,1684,1,12.608454421749384
202409,P032,1,4,4,1.0,0.4425327516783071,0.0,0.0,0.0,4345516.090340606,1132309.312473107,431385.16468467633,41198.37464306456,392074.9608741221,1392032.7952047547,0.0,7734516.698220331,127693.0975028146,165554828.3407089,0.0646685718056115,54.151941892250605,2,12,13,1821,0,45.108575857825365
202410,P032,1,4,4,1.0,6.868227231687925,11373559.302518638,10769888.67580199,643659.3626894926,6403129.018697934,1837578.152349132,750321.7300512393,91440.90070220016,554136.9743877283,1333480.2426429708,0.0,10970087.018831205,731363.7242194638,166190964.51508647,0.0610746074225118,62.379272166606384,8,15,9,1433,0,0.5804746116172104
202411,P032,1,4,4,1.0,13.321179940433876,11421806.707056591,10389821.829683136,0.0,7845821.085004678,2930766.6238771523,1206337.1727196353,163949.94493164835,909997.3987645068,1352810.5425323816,0.0,14409682.767830005,1763348.6015929207,170287341.47267854,0.0379313977162864,44.201805130058816,13,15,20,3052,0,54.49463165768047
202412,P032,1,4,4,1.0,22.13521500225884,15600951.894307105,13333593.245071957,10882380.904431434,8753600.029721167,4310593.868376251,1611116.1448600309,273613.80140323384,1024510.8892447834,1330284.4068702315,0.0,17303719.140475698,4030707.250828065,173608610.540047,0.0191672978024713,50.42549040107023,14,10,28,4169,0,21.286084697972928
202501,P032,1,4,4,1.0,37.76151017559904,27658737.181724746,27460986.310107782,10326464.06984618,8388984.763726821,4990287.665438513,2223567.446407417,319538.4079711705,1242021.5967319286,1363440.6173595886,0.0,18527840.49763544,4228458.122445025,167643465.70468956,0.05286844378632,58.40721809807499,24,23,19,3193,0,34.087057812648794
202502,P032,1,4,4,1.0,59.220822716191535,37983250.6090992,34439990.12957915,13704858.4519161,7022473.88711635,6119595.368006768,2923255.697355787,390670.4983997632,1373575.8836336164,1327353.0705206797,0.0,19156924.405032963,7771718.601965085,153782104.90597087,0.1311806653175555,38.776298691167646,24,12,26,4199,0,0.0
202503,P032,1,4,4,1.0,78.78211751927286,34623735.56181931,31802957.99937362,25014312.42740953,4879687.060304446,6529566.059740352,3101374.405072375,332953.01268241287,1375391.4978535697,1330412.0028950132,0.0,17549384.03854817,10592496.16441077,141856184.98519963,0.1985582696062732,42.89464282064382,33,12,36,5815,0,9.19831199743096
202504,P032,1,4,4,1.0,86.36777638092151,13426710.712755192,12920724.037878005,28803138.86202895,3000353.683625289,5494182.17483396,3312659.031132197,247598.6960468421,1282699.4733852942,1337569.8659291123,0.0,14675062.924952695,11098482.839287966,145328179.38718352,0.1789426201248381,32.47202837258203,14,7,41,7046,0,48.15075642870342
202505,P032,1,4,4,1.0,94.09696918212065,13680767.574387822,13130693.072508965,29941382.55546659,1580451.7427779892,4124734.0832044026,3154923.086572695,169844.03574337822,1065454.036051873,1381471.8177628338,0.0,11476878.802113172,11648557.341166824,145410437.63037953,0.1784778875594372,38.02801593145462,26,5,31,5166,0,32.441321797921454
202506,P032,1,4,4,1.0,99.30931376109142,9225914.857688176,8198771.052199801,13125941.80125896,767395.6918560972,3048978.625131201,2744043.904727385,91544.66890120508,804080.8849524641,1350077.007624796,0.0,8806120.783193149,12675701.146655202,146532355.13034153,0.1721394152353551,53.16736489956548,13,5,35,5389,1,7.374290239273661
202507,P032,1,4,4,1.0,100.0,1222523.249759088,6709263.128217798,13288037.403258989,323583.31674764515,1924809.247373964,1998166.59575724,39793.75857514178,643079.519464952,1382875.744144146,0.0,6312308.182063088,7188961.268196493,151826431.80750442,0.142229588085942,37.85995640803246,14,6,36,5744,0,37.62937911433435
202410,P033,1,6,4,1.0,2.5426362684001647,3629366.885187018,0.0,0.0,1418928.3361150774,310272.2526026596,189762.552892626,86386.44068589322,175426.57426325872,697337.4895958186,0.0,2878113.646155333,3629366.885187018,130178812.33144544,0.0880024530941413,27.51896210631667,2,10,16,2258,0,47.2699219368392
202411,P033,1,6,4,1.0,2.5426362684001647,0.0,3277393.714119192,0.0,2241047.3340207534,459137.5906195469,346998.1069631148,179983.61635991195,207715.6175475382,687374.1861557696,0.0,4122256.4516666345,351973.171067826,134301068.78311208,0.0591230394299202,39.46626709858778,5,7,17,2854,1,70.84336716949957
202412,P033,1,6,4,1.0,5.228660834900825,3834039.7860328415,0.0,2992236.8921545376,3126147.859156189,806009.9172317393,499690.536721701,355829.6181476004,296623.69427494187,691253.8680113277,0.0,5775555.493543498,4186012.957100667,136572213.46479642,0.0432120141158255,31.925891444786664,1,7,18,2993,0,50.6505673158179
202501,P033,1,6,4,1.0,9.879976880599491,6639302.930819739,3559607.7428166824,0.0,4572779.764749944,1212340.8312221777,767299.500398075,654049.9361145826,377260.4229894911,705188.4833906263,0.0,8288918.938864897,7265708.145103723,138792085.80181333,0.0276601889797272,29.875365030025108,6,10,10,1448,0,49.906659568497055
202502,P033,1,6,4,1.0,15.686528663780576,8288290.00077976,6504825.595487594,3401225.134551298,4821005.619844353,2089001.063536821,895801.6797962371,1036240.397574822,472877.7706474625,690173.8599717896,0.0,10005100.391371485,9049172.550395887,141219801.2775677,0.0106522710334781,27.51058367511719,10,12,27,4547,0,43.57835038663204
202503,P033,1,6,4,1.0,25.60936985896361,14163894.257445946,7109851.677408201,6233751.162204689,5926341.265436178,2448115.0385422497,1429643.8583102883,1493661.1485169986,551404.848840454,686275.9823131508,0.0,12535442.14195932,16103215.13043363,140803687.73053145,0.0135674499887534,20.59565582172712,13,22,16,2592,0,31.20787469522384
202504,P033,1,6,4,1.0,33.422162848125744,11152004.912416242,13065987.067512186,6416803.295927626,5232483.86068641,2542069.0629774136,1611052.3687513382,1762793.839189151,725515.3046467544,676512.9836981043,0.0,12550427.419949172,14189232.975337684,143154404.1460067,-0.0029010333687867,36.03144333312097,12,7,14,2134,0,26.172736136596704
202505,P033,1,6,4,1.0,48.41848290295497,21405793.696519915,10293034.00503766,11701629.848593924,5127679.922854859,3083181.9548838204,2355792.4803505777,1946099.175980677,771699.1725904682,706425.7953777097,0.0,13990878.502038112,25301992.666819945,137561831.21906015,0.0362790198128425,33.916084044922144,12,12,22,3712,0,43.03969121249026
202506,P033,1,6,4,1.0,61.35579558987365,18466760.20190505,19015563.723267782,10712955.7007007,3619767.5785791376,2883927.993020548,2482614.265180081,1814366.502293761,756048.8044542086,702695.7389092618,0.0,12259420.882436996,24753189.14545721,132920766.70821583,0.0687930624063884,29.80512264239297,17,8,20,3494,0,44.84076050984167
202507,P033,1,6,4,1.0,77.0667635123119,22425884.27632656,17405079.929778375,17098393.750259917,2684003.008920223,3151051.675814044,2761634.30442582,1605623.480163986,854036.4439300429,682888.2526011863,0.0,11739237.165855302,29773993.49200537,124128894.73992015,0.1303865392878734,41.99231150465444,32,9,27,4164,1,59.18381171946654
202508,P033,1,6,4,1.0,86.61493773518839,13629093.460665746,20298879.41792333,16744539.667672578,1764567.3311956937,3017990.2789056143,2938022.5656176507,1310647.61271407,728403.4306453934,628009.7558161123,0.0,10387640.974894537,23104207.534747794,122033626.76164714,0.1450654199910568,37.4870894124832,19,6,31,4822,0,56.11373506596818
202509,P033,1,6,4,1.0,90.39665595125224,5398036.295268695,11745451.461131986,19181949.81947503,1153885.7230576694,2419803.2883405834,3152424.805267908,1122839.317337843,639702.3295493375,704328.7669412895,0.0,9192984.230494631,16756792.368884504,126282108.83530416,0.1153017037621542,23.19974094987461,19,2,25,3992,0,75.59930944776083
202510,P033,1,6,4,1.0,96.4548888004452,8647540.333973037,5193658.184246562,10414853.059744565,664072.6537061947,1889196.522683472,2458605.6079150564,707332.4691267861,511334.5818164792,709971.1033560114,0.0,6940512.938604,20210674.518610984,125301633.56748454,0.1221706482780764,44.99812361330804,7,6,34,5397,0,57.394327336861245
202511,P033,1,6,4,1.0,98.13603056669726,2399666.9643901326,7917531.804531933,4818827.509438859,324251.61724853906,1462534.1035257268,1988827.313846365,412792.91400399565,451764.4375226504,696048.1076793476,0.0,5336218.493826625,14692809.67846918,128439801.17167217,0.100185494891428,35.94641797458302,16,1,18,2645,0,10.68585652955979
202512,P033,1,6,4,1.0,100.0,2660635.742636655,6653270.938604867,7275084.413979575,168817.46077682578,1030497.3864567808,1713966.8944527118,206198.164777501,376767.82874489273,678263.2463721441,0.0,4174510.981580856,10700174.48250097,130177218.6532414,0.0880136179725621,49.96974560656777,12,1,8,1323,1,66.53678715784426
202411,P034,1,3,4,1.0,0.163872394469986,129252.0590615864,119141.72451718952,0.0,960809.814559695,50070.153679643256,30792.450613936788,5586.14648805026,13537.381710567804,996008.9131439156,0.0,2056804.8601958088,10110.334544396872,68732367.96940754,0.1285757613058836,46.71252639054629,2,5,12,1940,0,50.31921024571707
202412,P034,1,3,4,1.0,4.601993854431777,3500506.2257178365,3599484.2219939902,0.0,1520381.0969897504,77460.49972919023,49413.62230299358,9570.390990714666,17906.446228969566,946969.1116062072,0.0,2621701.1678478257,-88867.66173175676,68463583.02921292,0.1319835547342403,57.97795367432322,6,6,12,1940,0,41.08097803543849
202501,P034,1,3,4,1.0,4.601993854431777,0.0,0.0,118489.6425453036,1988647.006201938,123078.02646116535,73438.91835616442,14854.346704677042,23677.711130633343,1024945.1844459516,0.0,3248641.19330053,-88867.66173175676,71712224.22251345,0.0907956142878658,61.36497341865194,1,5,27,4510,0,60.77481095221852
202502,P034,1,3,4,1.0,4.601993854431777,0.0,0.0,3653551.0801500566,2858419.8596104635,189042.9969617541,103149.39578423208,26980.534888723138,33771.735914265235,979192.1737087538,0.0,4190556.696868192,-88867.66173175676,75902780.91938165,0.0376655856396708,48.08231481238373,3,7,15,2446,0,36.81383031645425
202503,P034,1,3,4,1.0,6.77667842504848,1715252.0378479743,1657425.9517660665,0.0,3165189.4760324503,258248.8790569142,115141.63136071412,42368.17918077646,33666.1519032889,1004274.8692580936,0.0,4618889.186792238,-31041.575649848208,79102831.66456136,-0.0029063001658925,54.92744044400726,6,8,11,1626,0,57.22304657265727
202504,P034,1,3,4,1.0,10.70708314685504,3100051.74991157,2992571.017361797,0.0,4170322.2417798,336077.1974076548,182453.2962897564,62209.808638742055,41585.25896110434,957691.4013396064,0.0,5750339.204416664,76439.15689992532,82284674.300122,-0.0432473342122102,61.28566475714521,4,8,8,1314,0,77.62772358726187
202505,P034,1,3,4,1.0,17.08864573421956,5033368.232123565,4952017.652968539,1434445.5065277135,3983628.292227177,429291.2648259205,270487.55419452547,75216.894687038,46995.02406587407,989321.152266358,0.0,5794940.182266893,157789.73605495133,83897874.45554358,-0.0637003137738222,64.60588974140923,7,8,22,3602,0,41.66375129993763
202506,P034,1,3,4,1.0,25.92217533720847,6967322.920132903,6034933.507292591,2819118.0998973856,4049115.7002295367,416958.0578648248,277845.6047242084,89272.15785431421,66643.42636612199,1014174.2218227516,0.0,5914009.168861759,1090179.1488952637,84000070.63384756,-0.0649960093755747,46.19858230389545,10,9,19,2859,0,51.70893526855201
202507,P034,1,3,4,1.0,42.86114177266575,13360372.851322137,12573247.747008268,4578594.923219102,3880337.608153584,617623.3153831076,332341.1718824296,90645.71498076092,70564.56819320835,1000350.0522056076,0.0,5991862.430798697,1877304.2532091327,78771538.05877951,0.0012940102079792,66.05007763713184,18,8,35,5965,0,68.50485704987305
202508,P034,1,3,4,1.0,56.78313286125913,10980775.74479653,10828477.526973529,5572591.47881986,3184839.7579493434,579713.6180058096,439481.5881229803,97957.26526906382,64462.35464195672,1054717.5381528055,0.0,5421172.122141959,2029602.4710321352,74896163.71775715,0.0504279951782519,53.07804451665024,10,11,19,2835,0,60.09670342013119
202509,P034,1,3,4,1.0,73.81173481453283,13431071.612271436,12976104.77965427,11909607.829596072,2315662.379309752,660078.4052618844,352213.62373225123,117928.99642302172,78283.77121123696,985355.4880518202,0.0,4509522.663989967,2484569.303649299,67943158.21488018,0.1385817676436121,57.0878623588655,17,4,23,3319,0,39.571409109923
202510,P034,1,3,4,1.0,83.87626567325135,7938257.9426243985,7601596.065471905,10313661.539323771,2051212.4870623136,561295.6451573403,434195.447487746,95339.97392465462,66189.23059135069,973005.7131670162,0.0,4181238.497390421,2821231.180801794,65291422.6641311,0.1722018319859052,43.42275244661339,17,8,32,4649,0,53.0580972343832
202511,P034,1,3,4,1.0,88.88769568385594,3952695.3261936186,3804326.6167985112,12674897.217958257,1349365.326913494,471170.9065563175,421882.0076628108,76329.92873062174,71787.3366820964,1026695.074965002,0.0,3417230.5815103427,2969599.8901969045,65292300.61322817,0.1721907008966362,57.91808136931078,7,9,18,2635,1,47.90507454092098
202512,P034,1,3,4,1.0,93.57656020980907,3698276.311885297,3352292.5476382263,7214605.984740807,1070960.8077831888,514592.56781763554,446908.7106321749,62327.09447441709,61538.74547742389,988876.262333364,0.0,3145204.1885182047,3315583.65444398,65241048.97329579,0.1728404954931177,48.18820208509091,6,5,25,4201,0,23.284851013851867
202601,P034,1,3,4,1.0,96.63018418391282,2408503.1986581543,2421444.8885152475,3619590.2174675255,485100.1846226045,377872.6581567202,370079.6359505472,42846.10989504575,58249.00184225073,1037625.618593856,0.0,2371773.2090610247,3302641.964586884,65531129.67537696,0.1691627034652998,52.953266898977866,5,3,32,5296,1,48.37321943324905
202602,P034,1,3,4,1.0,97.85492168412586,965994.5729387,864924.4299694633,2920587.926892051,322209.8967695581,280613.6746049695,375225.1885154578,27804.577914151283,42466.59495801164,1009064.9596542146,0.0,2057384.8924163629,3403712.10755612,66753596.15647877,0.1536636459746954,60.85030654111076,2,3,22,3328,0,28.586843098821564
202603,P034,1,3,4,1.0,97.85492168412586,0.0,0.0,2288200.417647405,172798.96598407233,205471.49731358644,332485.82953074743,16573.740925671842,38745.748175848734,1007409.9269318216,0.0,1773485.7088617485,3403712.10755612,68527081.86534052,0.1311784838983995,46.37833959822587,0,3,16,2737,0,47.12689609417174
202604,P034,1,3,4,1.0,100.0,1691900.5185212751,3336732.4729599096,775729.6438697573,100382.26659070716,153272.08124273337,260364.77969617248,9415.89242474529,31663.11299311945,1001608.4954481844,0.0,1556706.6283956622,1758880.1531174928,68621462.5836343,0.1299818767100196,62.2870966873862,6,1,24,3533,0,53.21629427253146
202212,P035,1,5,5,1.0,0.5801952505445853,1411197.095912846,1325677.7310382249,0.0,567386.2367151526,140827.74498848437,246781.5491350081,59665.69930287954,408368.05750405975,861956.9984936517,0.0,2284986.2861392363,85519.36487462115,197243474.35017744,0.1890592224833111,77.32920067952006,3,4,21,3365,0,68.81718981281051
202301,P035,1,5,5,1.0,2.0639270671659107,3608850.6908048266,3566579.292376816,0.0,779251.6160976551,195686.34727635217,354930.174598294,105204.23084889576,627634.6495042931,821295.3312825364,0.0,2884002.349608027,127790.7633026326,197358604.8822063,0.1885858783411691,72.93629176435364,8,4,18,2600,0,45.89213570777292
202302,P035,1,5,5,1.0,2.0639270671659107,0.0,0.0,0.0,1036791.0482227892,334421.0762243548,526493.2884741169,187034.7632144598,874772.0099654011,869997.5201169228,0.0,3829509.7062180447,127790.7633026326,201188114.58842435,0.1728413494592918,69.73584827365225,1,4,18,2925,0,79.50089233743041
202303,P035,1,5,5,1.0,3.764811024204827,4137025.421020088,3926109.6280227527,1171388.893671876,1434795.9590482104,368961.12246260815,649629.1786014917,237204.9919812325,972522.3763053484,854723.1672160907,0.0,4517836.795614982,338706.5562999677,202526596.58788,0.1673383555736559,62.65626476445838,7,5,21,3422,0,58.55673244732109
202304,P035,1,5,5,1.0,3.764811024204827,0.0,0.0,3509513.337869033,1589084.484854941,558173.3383154735,787226.3979345174,386681.23260677,1165602.095734754,862577.8253672908,0.0,5349345.374813747,338706.5562999677,207875941.9626937,0.1453452208869525,53.18992080983245,3,4,16,2241,0,55.79162237706178
202305,P035,1,5,5,1.0,8.577290361956083,11705295.51767378,11136822.26737385,0.0,1653473.775073534,780116.390320887,1243475.1627430818,576049.4961954382,1432024.2712464551,808673.168286446,0.0,6493812.263865842,907179.8065999,205343746.5992864,0.1557560113254745,83.44995210396712,8,3,9,1274,0,43.62183017554721
202306,P035,1,5,5,1.0,11.692683494755626,7577507.291738321,7414982.738171036,3876560.470185341,2091039.0677313723,752274.9207229175,1409519.8410610822,870533.7462149148,1855119.666656171,872590.5549083165,0.0,7851077.797294775,1069704.360167183,207327863.7145626,0.1475985730049058,76.26836078110874,13,5,22,3387,0,67.8848824135878
202307,P035,1,5,5,1.0,15.848733003725826,10108674.609148769,9929435.980524218,0.0,1815971.5725863653,802719.1026607959,1970804.119295394,958117.3019097644,1824694.5363345689,859980.2046141535,0.0,8232286.837401042,1248942.988791734,207704152.92443275,0.1460515090757768,65.84979082367242,9,2,27,4657,0,48.69330927652148
202308,P035,1,5,5,1.0,19.168724124418848,8075146.812354672,7799358.422010194,10481238.029602757,2275439.278541306,1114528.450995305,2165712.917065893,1241860.860972192,2567460.330807248,884087.9151157181,0.0,10249089.753497662,1524731.3791362122,211653581.7142132,0.1298139485476892,70.00938135842205,11,6,18,2647,0,36.678503417598925
202309,P035,1,5,5,1.0,26.109414278277725,16881699.358212616,16503178.40721896,6614281.836088645,2033794.7392244367,1174083.2224286634,2467546.012060796,1409492.9388376186,2412905.868757656,875585.3247577565,0.0,10373408.10606693,1903252.3301298616,208788134.7385929,0.1415948594548705,77.61552943802194,27,14,9,1446,1,48.50613148199815
202310,P035,1,5,5,1.0,33.92480740222394,19009221.58459239,17298947.91996764,9353013.300739922,2126116.3938729805,1240580.5110750962,3105903.171606344,1440742.7945812133,2913137.659024476,872602.3513036723,0.0,11699082.881463785,3613525.994754613,205468289.40183133,0.1552439698626954,69.94784006919488,29,4,27,3801,0,79.00364167461888
202311,P035,1,5,5,1.0,45.56748004773535,28318235.64668608,24526785.785131235,7182640.940594686,2322157.282827823,1644609.275080476,3689799.621425031,1750023.3813872,2819662.567594446,896605.0737687461,0.0,13122857.202083722,7404975.856309459,195997983.45312136,0.1941798955994998,72.9419404869222,29,4,21,3014,0,48.72324397114033
202312,P035,1,5,5,1.0,54.46261931133829,21635466.137915548,22526190.34025932,14887045.253701448,1678223.296805081,1489588.1306285546,3040509.387119253,1491991.8731415465,2485203.285452819,866560.4058519416,0.0,11052076.378999194,6514251.653965697,189611764.0800368,0.220436002276099,66.14139061920375,36,7,30,4533,1,38.12485108974224
202401,P035,1,5,5,1.0,63.31485763196228,21531119.047712725,21746752.12149369,17491047.28781701,1473854.5436978517,1747464.3026625626,2978248.6799883856,1658942.285084691,2741294.235115399,859173.3295461059,0.0,11458977.376094997,6298618.580184728,183564463.1340928,0.2452986901147592,77.75836284360784,31,7,31,5403,0,41.89955859518268
202402,P035,1,5,5,1.0,71.14547389051624,19046248.504976507,17967529.529134475,23932879.6660958,1314542.774946828,1895678.4591630683,4189607.934374908,1559147.4853553963,2785222.850909169,892170.7992791823,0.0,12636370.304028552,7377337.556026757,180588460.40046325,0.2575341365783353,84.57240227828744,19,6,15,2253,0,48.4487900450329
202403,P035,1,5,5,1.0,76.04766745015627,11923505.5931142,10666912.670277605,20668124.622897454,1172049.8566060648,1481146.111819769,3588063.337106687,1389562.745986763,3046810.2303777435,962395.537504028,0.0,11640027.819401056,8633930.478863358,182394263.2162159,0.2501098142058321,55.4143733474876,20,5,17,2878,0,82.57539734264053
202404,P035,1,5,5,1.0,83.3254459769066,17701592.544935375,18061046.06091517,19380846.95341816,851574.2002488511,1529953.5800857504,4130688.252150581,1191653.1086922423,2556932.304036335,883508.5860087068,0.0,11144310.031222468,8274476.962883562,178799227.1777204,0.2648903352337788,70.93383933970001,15,2,31,4861,0,30.22882140567205
202405,P035,1,5,5,1.0,87.36920971705861,9835564.219637915,9968478.660857296,16398300.400200987,636421.1774705637,1288139.9368713626,4651076.560577259,1180218.8279978533,2595350.987437032,870975.2686663754,0.0,11222182.759020446,8141562.521664202,181780842.9751444,0.2526318113916851,60.155128545108354,11,2,51,8091,0,46.562000005987365
202406,P035,1,5,5,1.0,91.87192366059249,10951859.455721265,9708575.211975168,10074184.516274806,448953.64935304585,1143252.4370606886,4105529.526814184,860142.685601109,2119175.9270643475,858414.0189105506,0.0,9535468.244803926,9384846.765410304,182140474.5131257,0.2511532333044203,83.82380229854928,14,4,18,3047,1,71.6837880408641
202407,P035,1,5,5,1.0,93.52742350593364,4026638.5700964886,3926347.77539657,14909595.592090402,299357.9471166286,968116.2529882084,4288263.33293002,594605.28697181,2098163.707141762,839357.9103941715,0.0,9087864.4375426,9485137.56011024,187854685.54085425,0.2276600011506723,74.73725551426654,6,4,25,4341,0,21.03621076454169
202408,P035,1,5,5,1.0,96.39030814076868,6963336.012869091,6476301.4989482025,9978691.368313136,232428.7468200769,782006.9344141025,3015711.605909447,427845.0035294902,1786751.731986489,846940.5205440877,0.0,7091684.543203693,9972172.074031116,189112252.64973995,0.2224896782671448,54.94389494731855,7,4,59,10089,0,38.18486845216336
202409,P035,1,5,5,1.0,98.14345243296194,4264137.170266561,4396853.692575668,9136775.039258445,137138.25791023124,721689.0596081087,2856676.585801053,295100.8963808432,1704642.581493114,855394.0968121759,0.0,6570641.478005526,9839455.55172202,192110256.3918385,0.2101637775313914,78.18801132972399,8,4,25,4051,0,49.06724786505793
202410,P035,1,5,5,1.0,98.14345243296194,0.0,0.0,3969948.630726034,98777.38009009896,617167.4385163281,2826324.5237748176,240521.7570833858,1409286.3453842208,860614.9565076857,0.0,6052692.401356537,9839455.55172202,198162948.7931952,0.1852789234281255,70.79534919301122,3,2,25,4077,0,71.0406326279274
202411,P035,1,5,5,1.0,100.0,4515642.850521494,10572774.512162495,6353304.590593991,45395.481016978425,463056.0259422,2220517.688650892,120218.7441089743,1274165.067941285,875571.1134419728,0.0,4998924.121102303,3782323.890081018,199378515.2488491,0.1802812807435256,65.31410470026661,17,3,19,2900,2,44.687514393849646
202207,P036,1,4,7,1.0,0.0,0.0,0.0,0.0,2139294.897912998,395861.3949562792,192709.31035467857,50824.80432619763,184860.188216796,954567.0086815612,0.0,3918117.604448511,0.0,175016173.9904698,0.201328987511048,59.47022861145144,1,6,16,2285,0,64.15613597805746
202208,P036,1,4,7,1.0,2.428520098811927,5321719.325063153,5314430.826090652,0.0,3720475.913387631,744828.2866217002,398794.1683770845,94645.10891281384,295549.578585107,1011457.2908931472,0.0,6265750.346777483,7288.498972501606,177130473.80145502,0.1916805651267447,64.97651384430914,5,10,8,1345,0,43.1860775857075
202209,P036,1,4,7,1.0,4.709151983078988,4997645.594037613,5198040.786642491,0.0,4012809.501193746,1291147.5498690417,676485.5997902348,204465.7676062768,413975.30036344274,1080546.487444362,0.0,7679430.206267105,-193106.6936323773,180911094.29890537,0.174428033936687,52.76423444672449,10,13,15,2202,0,73.30172792254096
202210,P036,1,4,7,1.0,8.424336077473619,8141240.832628705,8404014.42022226,5176282.662559254,6101969.364621514,1619086.923930128,983997.9550546656,342967.35493507545,558104.8794443213,998297.4158582528,0.0,10604423.893843958,-455880.2812259309,185163949.9191956,0.1550204990398754,70.4017040904129,18,14,8,1321,0,31.05983647375596
202211,P036,1,4,7,1.0,14.008466968077894,12236743.39312614,12473022.524207557,5717844.865306741,6801311.047920181,2805302.7916531404,1455230.9981191086,511731.9667917164,587520.3630832128,1069927.6475863238,0.0,13231024.815153684,-692159.4123073444,188847399.0821753,0.1382114007412871,50.6026783916701,22,11,16,2432,0,33.29466720820507
202212,P036,1,4,7,1.0,24.26215385132651,22469339.93522473,21996079.713097338,8663334.18101702,7160172.025627092,3903166.275379738,1854041.236955075,771055.2079705523,795149.9515918235,1004801.365711576,0.0,15488386.063235857,-218899.19017994404,186801810.04872388,0.14754626749807,61.11189671247739,28,17,29,4508,0,12.78579308075054
202301,P036,1,4,7,1.0,36.06855849636737,25871876.37020877,24158588.813354377,10307090.902012894,8105560.012668873,4114299.753814851,2146657.0320604853,1019848.3439152096,901479.0294005086,1033215.57763244,0.0,17321059.749492366,1494388.366674453,183929654.45173383,0.1606530985204346,58.927314727509845,36,13,23,3900,0,31.61900973802244
202302,P036,1,4,7,1.0,51.00179313867683,32723831.85980593,31151622.725171503,21390248.24245242,5657078.695034997,4285405.106841939,2814659.61663203,984590.3642833524,1056808.5189435678,1006409.9745588604,0.0,15804952.276294746,3066597.5013088733,174187147.55697674,0.2051121771781588,61.92074913054519,46,12,21,3366,1,0.0
202303,P036,1,4,7,1.0,65.03336762716165,30747985.636587348,31043674.25523587,23454720.800330747,4676608.323522555,5622997.403446871,2910831.1162111424,886459.8124715721,1089383.1643610478,1029561.0318759882,0.0,16215840.851889176,2770908.882660359,166391723.72107846,0.2406859124841107,67.13371637247334,40,6,35,5721,0,29.84033124396006
202304,P036,1,4,7,1.0,75.26068272366987,22411550.317917675,20494848.300980773,29247081.83067156,4130900.651133983,4621777.31370631,3433394.836604924,868638.2601301823,1182308.438364789,986636.1631814124,0.0,15223655.6631216,4687610.899597257,164110206.90014946,0.2510974150774719,58.94880138050333,22,14,29,4941,0,41.50450171224342
202305,P036,1,4,7,1.0,85.06924553520166,21493920.63535356,20176385.307806514,29871889.63923408,3002966.1604179395,4455424.313357607,3289514.4868620946,746214.0832304314,898351.4927767699,1015345.781802774,0.0,13407816.318447618,6005146.227144301,160725340.5391407,0.266543956857284,50.12961443302244,21,6,44,7661,0,41.84148614454076
202306,P036,1,4,7,1.0,90.5726519371544,12059848.389674058,11881224.467672631,22185764.248611256,1461706.5051910526,3941247.941899952,2956968.0203691786,453866.6881599597,909800.1877330788,1023904.6826890734,0.0,10747494.026042294,6183770.149145722,162049738.11522412,0.2605001842795219,53.47101311906209,23,9,36,6054,0,4.574352773855446
202307,P036,1,4,7,1.0,93.3991541787502,6193834.512134991,5890592.444563261,21289838.054280747,1051891.150617572,2862242.333512072,3633654.866495983,286453.31070261577,879175.6677786559,1053131.6468261865,0.0,9766548.975933084,6487012.216717452,166976665.71972224,0.2380165808009167,75.83889134554032,6,8,28,4324,0,41.81980295493205
202308,P036,1,4,7,1.0,94.96526669040904,3431888.9197562784,3400272.770356627,11593640.516800834,553630.4562229513,2466972.763374626,2410579.99375536,186794.2220103264,594577.3921280592,1009894.0465403006,0.0,7222448.874031623,6518628.36611712,171517570.07913974,0.2172945606603727,57.66519499650348,5,4,14,2337,0,0.1140277485045478
202309,P036,1,4,7,1.0,100.0,11032825.119832074,13452367.643387582,6091703.450678743,258346.62513791348,1494626.2959535387,2044814.0273798627,99930.4475526398,463412.29749490105,1037253.6746276324,0.0,5398383.368146488,4099085.8425616026,168295333.03312558,0.231998957776034,56.148690389453776,20,4,43,6352,0,30.05749337765621
202405,P037,1,3,3,1.0,3.3864826710257256,10674285.543657549,0.0,0.0,2275353.7459467254,29008.62620311491,353577.27421667834,198128.78860299545,1553322.016648981,1722706.033428645,0.0,6132096.48504714,10674285.543657549,258305505.4393009,0.1805099138269803,46.759551009749934,0,5,20,3042,0,5.993921551265311
202406,P037,1,3,3,1.0,3.3864826710257256,0.0,10408873.351955852,0.0,3123932.9641247564,52970.17197793243,619161.8326740921,435679.24639282987,2180180.539604252,1767962.6651010774,0.0,8179887.419874941,265412.1917016953,266485392.8591759,0.1545587184190523,51.32841585197004,6,8,8,1321,0,47.81758294932285
202407,P037,1,3,3,1.0,6.232124411349406,8969540.21086583,0.0,0.0,4969504.448448934,85622.3284220122,1098402.4470157376,869740.2213405442,3380529.792627814,1698388.440506372,0.0,12102187.678361416,9234952.402567524,271458755.45707446,0.1387804200161973,58.96027255385064,2,15,22,3524,0,36.604945644074384
202408,P037,1,3,3,1.0,8.322673162225124,6589466.557944922,8534622.637468651,11272482.255295042,5897614.74916486,116713.17292320552,1433322.0971374926,1462174.634302135,4097616.7222845335,1755702.4229314213,0.0,14763143.798743648,7289796.323043793,280973162.5714437,0.1085953788852338,45.96387265906415,9,10,23,3444,0,44.80845028408092
202409,P037,1,3,3,1.0,15.48349802441449,22571114.85055369,5650610.405198926,0.0,7262563.339108361,171868.29708430305,2282376.4940233813,2373486.331486409,4822557.200324518,1796125.324407125,0.0,18708976.98643409,24210300.768398568,281629321.0686036,0.1065136757389295,53.72240044885088,9,16,10,1680,0,28.9768947980864
202410,P037,1,3,3,1.0,24.27180490881881,27700982.477199443,19942401.56947016,8422843.948816936,8399809.043631878,213856.07855456456,2571457.9360995647,3119626.102423712,6574196.281735922,1785926.220215012,0.0,22664871.66266065,31968881.67612786,281981521.1472839,0.1053962993503116,55.00491746497906,27,10,16,2701,1,64.92710404121515
202411,P037,1,3,3,1.0,38.22683863466826,43986646.09613077,26402935.01805342,5802501.362765004,7596300.71749719,273189.9441525542,3819318.953885826,4204526.658336477,7600926.887173383,1789208.2116900494,0.0,25283471.37273548,49552592.75420521,271479253.5958942,0.1387153884113958,56.27806448733314,18,17,15,2117,1,68.4230774433367
202412,P037,1,3,3,1.0,53.62996934362239,48551087.1974598,41298983.58913341,20437312.02354469,7213024.086247242,315471.6669963709,4592141.598453055,4884570.663209899,7531455.0543994205,1838653.442920791,0.0,26375316.51222677,56804696.3625316,257849241.5686057,0.1819574389893954,48.24851381151385,75,8,18,2547,0,24.032281847595645
202501,P037,1,3,3,1.0,63.49136156822001,31083376.67396842,46542532.72083664,25529232.05565187,5845920.582374818,351065.4800827818,4448112.216285725,4666972.4789656745,8354021.723863801,1844451.5817092112,0.0,25510544.06328201,41345540.3156634,257468713.4374704,0.1831646878648886,43.87387756015112,72,12,36,6293,1,52.64272592803835
202502,P037,1,3,3,1.0,74.7359815809085,35443348.30717088,29043969.959731765,38804034.67220593,4048176.333689744,321705.4605520443,5605385.0474120965,4387692.476561721,8152690.495244735,1799592.7654706603,0.0,24315242.578931004,47744918.66310251,251995583.5215451,0.2005285287896485,56.40391021408914,51,9,30,4626,1,74.33043533763518
202503,P037,1,3,3,1.0,82.25903306016991,23712863.00571817,32300515.059005808,45953671.26731886,2568311.268094604,292665.6155955023,5300285.126655105,3597907.524028033,7048133.83575165,1785604.0594027035,0.0,20592907.4295276,39157266.60981488,252456119.1787301,0.1990674511221384,27.272801160009017,42,8,40,6935,0,52.16942303954848
202504,P037,1,3,3,1.0,91.27435001635284,28416524.401622474,22163045.38223456,27294605.31328472,1770464.625944394,243366.5471355568,5422894.896688883,2485021.14497597,7332215.74136077,1832846.2506664584,0.0,19086809.20677204,45410745.62920278,247238738.45652395,0.2156199120167161,41.717798394794,24,7,47,6763,0,37.421001712834055
202505,P037,1,3,3,1.0,94.26632047133762,9430772.301876616,24868320.066389512,34266128.12468485,1006169.7524495616,186944.0208443161,4596589.455029317,1372117.5229332456,6823199.035471778,1776577.686250675,0.0,15761597.472978894,29973197.864689887,254934350.168462,0.191205111045886,43.87995207307159,33,3,36,5901,0,47.37237900270152
202506,P037,1,3,3,1.0,94.26632047133762,0.0,8699812.426171536,22494544.466143243,529059.0341295078,157080.61798802976,4221243.571536032,828169.0245757608,4995571.144135283,1765416.5547362813,0.0,12496539.947100896,21273385.438518345,267430890.1155629,0.1515590702822648,49.15153042076201,15,2,34,5807,0,14.974110035095697
202507,P037,1,3,3,1.0,100.0,18072713.91890168,11395897.906271055,23601116.698469818,233165.57705324865,97666.8783363524,3230064.3445488773,462257.0748494416,3803233.324338736,1922416.8108598304,0.0,9748804.009986486,27950201.451148987,261722396.62466308,0.1696696166092571,47.502675436165774,16,4,37,5963,0,40.44913338726106
202309,P038,1,7,5,4.60445520881693,2.4010573595608107,1951689.434028443,0.0,0.0,489438.2407996183,312593.2266467031,79729.59521637463,201941.62052315392,35287.79380110537,163246.34488784778,2241.128976672917,1284477.9508514758,1951689.434028443,76802024.17410462,0.0551464687095615,38.19462995753919,4,8,9,1446,0,58.4123011816946
202310,P038,1,7,5,4.666941493402954,4.721435166307446,1886109.3969074776,1887207.970695797,0.0,606595.0216909413,578680.5783669903,158336.6272439806,501911.3979150992,78659.28020622925,158208.82316247202,7317.312646377397,2089709.04123209,1950590.8602401232,77235339.60379899,0.0498156246554877,41.21900951432031,6,2,19,2950,0,44.06627176350137
202311,P038,1,7,5,4.688853838399098,11.399267432513591,5428048.032368826,1742973.6497194015,0.0,1093544.1985277825,1249079.9991364426,258942.5217974496,1267937.7233410182,118463.03576377282,160027.2839369004,15607.305753332024,4163602.068256698,5635665.242889547,76594213.1937423,0.0577030541739126,55.79021623610477,4,2,8,1255,0,28.036908989664667
202312,P038,1,7,5,4.731363244218433,15.641902482712238,3448608.158793019,5303135.095960788,1987096.519889183,1408717.4900662338,1384256.2458627603,442755.7995174835,2317907.8941524965,142631.92337600316,171530.34842630956,28454.77591160046,5896254.477312887,3781138.305721777,79408742.49416651,0.0230774309950529,45.49788420730819,7,4,8,1393,0,34.37077863687027
202401,P038,1,7,5,4.771838229104763,26.437941533630067,8775515.195892237,3377191.057018166,1678915.955433244,1526090.9765206915,2285732.298576314,636120.9663320738,3730844.8630496,199048.79693563463,163746.15610528467,41113.33848244345,8582697.396002043,9179462.44459585,80047430.94969016,0.0152199943052602,45.48091578854807,8,10,31,5423,0,39.82844403781144
202402,P038,1,7,5,4.768174670423466,41.14364076713313,11953466.125972906,9036326.94363533,4763795.225237685,1683586.2141870088,2893537.477181821,678512.5493278966,4861485.709412087,260210.0300855991,165043.74046425486,44134.60686517836,10586510.327523846,12096601.626933426,79577304.12682219,0.0210037089080705,45.76729180103484,12,6,18,2567,1,42.32669106684772
202403,P038,1,7,5,4.828974269271006,59.72579046490552,15104422.675396184,12416465.22653918,3663877.496712865,1608317.4336662889,3240561.0887660314,1060463.0775892294,5205410.620846424,261479.8832062191,168134.67769335408,64480.34349043524,11608847.12525798,14784559.075790435,76826038.59242195,0.0548510323822899,58.75135168493138,26,8,24,3584,0,23.89092251297766
202404,P038,1,7,5,4.77472089775449,74.48423789346504,11996342.275743268,15591901.218178278,8669699.642974287,948870.3195513274,3914731.940128137,1285494.5306232425,5444750.932833181,280242.371250483,170970.84744196266,43065.45189815964,12088126.393726492,11189000.133355424,77199589.81803274,0.0502554348256928,44.02886024406315,18,4,34,5719,1,33.32588322938378
202405,P038,1,7,5,4.877155260914591,80.72148972766729,5069924.070624334,11878866.01353235,12543446.564351544,704802.5470988346,3175569.1770594376,1209651.9798711832,3804754.598168512,271520.8141729773,156139.7854537156,54563.58358457757,9377002.48540924,4380058.190447412,81534664.41600004,-0.0030766301340993,42.2481095480953,11,2,29,5045,0,47.45837783110962
202406,P038,1,7,5,4.90705192024469,89.81020211156826,7387721.854269907,5093575.086970581,16623733.73480356,337393.4659810887,2740534.0176163474,1232467.1582070317,2690449.1291298624,244176.1724314752,170881.86332507906,48969.87950083874,7464871.686191724,6674204.957746729,81523663.57002537,-0.0029412927093618,53.33742163158573,6,4,35,5302,0,42.3891000511908
202407,P038,1,7,5,4.862642413362203,94.91634441135474,4150506.4156242567,6851663.588566075,12001345.508577352,144904.8156373276,1686516.9672218966,1044429.2294161788,1393631.1169790372,187246.83832733225,160888.99089767472,32342.29207056328,4649960.250550011,3973047.7848049104,81973593.34850068,-0.0084765340600509,45.127030626709455,9,2,28,4821,0,36.1760011598416
202408,P038,1,7,5,4.8892642430458,100.0,4132228.186507554,5338280.065336202,4917946.892114759,70575.76845085713,1340181.7891477274,770664.0046756063,596726.3416303453,131299.2783911133,166742.35206089533,24893.597776287384,3101083.132132832,2766995.9059762657,80893142.33444732,0.0048156671155381,33.44798667728277,13,2,24,3777,0,22.53360598917368
202209,P039,1,7,7,1.0,2.6869166585978106,7161856.334326947,6108867.761707718,0.0,937958.6363511904,367857.03765285993,587184.0495451858,84833.42546055513,353875.46319463354,1301498.6241428768,0.0,3633207.236347301,1052988.5726192296,233350491.97708908,0.1245379760271907,24.46262096070645,12,3,13,2245,0,61.61576920068918
202210,P039,1,7,7,1.0,2.6869166585978106,0.0,0.0,0.0,1409779.717624453,588947.2042681657,890136.8717486317,161025.52735236948,490669.6819768186,1325325.4521777595,0.0,4865884.455148198,1052988.5726192296,238216376.4322373,0.1062826168144056,22.412274976874027,2,11,11,1631,0,52.74305292421359
202211,P039,1,7,7,1.0,4.000512875507976,3501332.0404718136,3337141.946050339,5934577.19554533,1887497.193506864,987549.9062661572,1223560.973631938,276372.65539692045,671945.7935805708,1359770.9981280211,0.0,6406697.520510471,1217178.6670407038,241764687.35627723,0.0929704037698759,35.413599771111684,5,6,14,2378,0,41.48254516481348
202212,P039,1,7,7,1.0,9.13138227914198,13676103.209764984,12410136.472508548,0.0,2960973.589172591,1268725.9049794257,2010352.973936688,486539.65917821234,869055.5175730704,1298868.7511092112,0.0,8894516.3959492,2483145.404297143,239430844.4347559,0.1017262920921953,30.26836517715864,16,12,18,3125,0,54.06892827840935
202301,P039,1,7,7,1.0,11.36363913521646,5949980.93944037,5486389.376497881,3200250.744884745,2858000.280115228,1981520.921247232,2686644.961839145,727454.3723199866,1077808.7614032158,1257549.1703574744,0.0,10588978.467282282,2946736.967239633,245103161.4988557,0.0804454362625023,27.514190932866665,5,10,10,1585,0,50.13730284422723
202302,P039,1,7,7,1.0,15.608675722690869,11314955.406662645,10949098.255942164,12533373.10004111,3284593.4061558414,2416622.0534053785,3679584.3052597633,970160.2805407525,1339164.3870925044,1314047.0491252237,0.0,13004171.481579464,3312594.1179601103,248704546.65541828,0.0669341043961893,38.5781643017027,11,3,18,2555,0,66.65727999953099
202303,P039,1,7,7,1.0,22.81638580916863,19211829.28158688,18294062.823733177,5166358.072305712,3641083.596848976,3117606.659281792,4889759.289023772,1323138.4755798185,1475693.2225163106,1351778.7694232448,0.0,15799060.012673914,4230360.575813808,248379744.1104464,0.0681526674727161,30.16621204394471,25,9,26,3905,0,53.38368640126151
202304,P039,1,7,7,1.0,32.157601910213835,24898594.263991803,25142797.286390927,10781806.2522421,3585398.949049469,3502253.2720034244,6059830.136723337,1587437.488450718,1674018.568282672,1279403.44441504,0.0,17688341.85892466,3986157.5534146726,244874248.2691639,0.0813042509908631,44.24815554671399,41,6,22,3401,0,38.17900718970241
202305,P039,1,7,7,1.0,41.12356794015667,23898381.96113473,21579060.785186887,17962776.889024206,3366582.5824817587,3929306.699537631,6572023.8905761605,1773015.0905401984,2011596.6980711624,1294556.2895381392,0.0,18947081.250745047,6305478.729362518,243163247.7200208,0.0877234189603848,31.34071565408752,35,12,11,1631,0,77.92615576734332
202306,P039,1,7,7,1.0,58.60134664951728,46586238.452562094,43019166.26121299,25829414.42149909,2912281.665511745,4173745.505515468,6746498.380812236,1751897.5354642116,1886542.433635973,1412563.034101723,0.0,18883528.55504136,9872550.920711609,220888276.25393683,0.1712925232652905,20.377662575593583,28,9,25,4049,0,58.06230855836916
202307,P039,1,7,7,1.0,65.66338097148922,18823537.038340133,16980300.52330245,18343390.831467822,2443029.932870579,4389780.742641559,8470654.068541022,1673539.336709326,1849133.2337306608,1318364.0760330302,0.0,20144501.39052617,11715787.435749292,224069117.2721617,0.1593589486147417,33.41869497426268,15,10,32,4787,2,45.9233398961999
202308,P039,1,7,7,1.0,75.93667377625141,27383003.083756868,25699581.041348536,40040904.17496792,1835880.660975976,4254417.640340798,8583771.334967494,1480094.8386328456,2066510.8519969853,1310461.2599132138,0.0,19531136.58682731,13399209.47815761,218580398.83145568,0.1799509967154552,37.13185554341093,49,3,33,5706,0,76.8106984574576
202309,P039,1,7,7,1.0,81.52512794183859,14895774.953359775,15334519.129279766,17600872.22946205,1236853.0205398726,4213195.722618317,9076991.903079156,1384034.078428408,1742487.977221027,1252882.8802190383,0.0,18906445.58210582,12960465.30223763,223651938.1777268,0.1609240811811173,23.227506601730163,13,3,27,4338,1,38.22645866650737
202310,P039,1,7,7,1.0,89.81458303290496,22095172.27194313,21896745.20094234,25877410.776639186,853816.664096479,3315637.796478366,9505407.555302976,1096921.7328648514,1700613.0361470163,1357833.143171604,0.0,17830229.92806129,13158892.373238416,220681711.7288949,0.17206749226425,40.53858716641884,29,9,35,5904,0,39.21762054520288
202311,P039,1,7,7,1.0,90.75119002313686,2496484.0961117847,2327749.006415595,14561922.694834927,606676.257882639,2917179.4593236665,7852157.7603303585,719417.4498633508,1459010.9993815157,1401206.5717616952,0.0,14955648.498543223,13327627.462934583,233287163.18449765,0.1247755669251918,39.76084613368024,6,4,33,4769,0,53.39342826418586
202312,P039,1,7,7,1.0,95.98499750683855,13950480.064148337,13488928.598859452,21603927.78482432,358153.22277683724,2412318.3018132467,7588837.882119882,438180.4640888127,1351847.0636312326,1306230.794630592,0.0,13455567.729060603,13789178.92822346,233609710.3405751,0.1235654654006835,30.951782650214387,16,9,35,5497,0,40.95497216698262
202401,P039,1,7,7,1.0,99.03564481551336,8131364.134990196,7553339.362999164,2046686.8180116543,182669.34908555183,1801609.068191328,5758284.486541111,276481.2575768366,1183588.0689338937,1306435.5742759914,0.0,10509067.804604713,14367203.700214475,236463889.42592463,0.1128574297000933,25.995827082570727,14,2,12,1928,0,18.112644354659693
202402,P039,1,7,7,1.0,100.0,2570445.6684417687,10697097.227660434,14229038.37654047,101830.51232349228,1325519.655430318,5588139.843674871,172611.297962087,886327.2542263668,1338541.6195561066,0.0,9412970.183173245,6240552.1409958005,243457034.93710423,0.0866212162201801,51.07215862831069,20,1,36,5961,1,49.10347911033213
202305,P040,1,7,7,1.0,1.5248875086880276,2511197.9385210136,0.0,0.0,1296228.6709285246,192477.9467456969,275553.5353154028,56862.10156418984,268100.85655536945,423096.59752294695,0.0,2512319.70863213,2511197.9385210136,153593344.53096956,0.067327314585034,87.64014592104962,0,8,10,1441,0,52.354586826847424
202306,P040,1,7,7,1.0,1.5248875086880276,0.0,0.0,0.0,1834394.0329467752,313932.4579784085,393424.17588195496,96604.21496471294,398689.02287549904,401664.2077903222,0.0,3438708.1124376724,2511197.9385210136,157032052.64340723,0.046446272249643,87.40371844907607,1,3,12,2006,0,67.59154876737898
202307,P040,1,7,7,1.0,1.5248875086880276,0.0,2509758.2059527524,0.0,2831717.126590444,425475.1431387282,614131.3021905068,171054.18751773125,523656.454784027,421860.60733411217,0.0,4987894.821555549,1439.7325682612136,162019947.46496278,0.0161580245915577,83.88843448522411,4,5,17,2431,0,70.23121288563533
202308,P040,1,7,7,1.0,3.389880328616183,3071286.306745026,0.0,0.0,3349093.874399708,713184.9688407669,951848.1325481144,287821.41084533744,711885.2069123469,430561.83064522,0.0,6444395.424191495,3072726.0393132865,165809200.39262745,-0.0068516488715324,96.18868530450057,2,11,15,2423,0,44.340071513553056
202309,P040,1,7,7,1.0,6.712450689960242,5471637.608978028,0.0,2323377.389120295,4138019.12937703,909553.1274295202,1409254.903713293,483862.3379780044,807203.0497114675,442601.3484945192,0.0,8190493.896703836,8544363.648291316,169249716.38739908,-0.027743669302859,87.25597637527024,0,5,16,2638,2,54.51085342758948
202310,P040,1,7,7,1.0,12.407657097214305,9378915.171029858,3098721.325336622,0.0,4722686.984011603,1176738.1472316275,1752478.519613583,602788.3488145431,987608.2018901956,418006.6309115827,0.0,9660306.832473136,14824557.493984552,170709344.12456924,-0.0366070411207581,79.8119358386549,10,12,19,3207,0,51.13409409892621
202311,P040,1,7,7,1.0,18.64240925613749,10267443.78157308,5195885.942432524,0.0,5037956.970769225,1532454.7956662436,2280532.95802303,813425.3060563593,1253572.132896164,419692.7175434278,0.0,11337634.88095445,19896115.333125107,172984295.76650295,-0.0504213457935994,95.47770184869248,8,14,25,4224,1,48.98804082158415
202312,P040,1,7,7,1.0,28.79571905535369,16720558.396398587,9760024.302411571,3173775.9134257543,5096940.142745695,1781759.589991914,2901417.6704233983,1009876.8748905729,1284690.4239928378,430449.7529931993,0.0,12505134.45503762,26856649.427112125,170540458.62439844,-0.0355815091001295,72.12683144983284,15,14,20,2821,0,73.00685383751686
202401,P040,1,7,7,1.0,41.82876407524412,21462931.265506394,9600509.507024376,4786712.399941157,4450677.450232638,2033430.9749201736,3413989.8547742143,1133438.6307130102,1538760.836161661,421168.771122382,0.0,12991466.517924078,38719071.18559415,163997315.95669904,0.0041507492315844,81.93270030402334,11,7,24,3904,0,65.08437367181853
202402,P040,1,7,7,1.0,56.32590319144089,23874014.0866966,16393583.174639964,8688537.856243817,4241111.58577505,2039859.741873456,3719151.425428608,1203257.3225450106,1549809.637369854,416340.5575659092,0.0,13169530.270557888,46199502.09765078,154981159.35203844,0.058900015993564,76.86929796930067,23,10,28,4200,0,24.170018421949457
202403,P040,1,7,7,1.0,69.97516296663066,22477719.05436128,19810125.51649931,8710827.860209497,3296515.31452038,2251250.2911094,4101235.7760273926,1151636.51796976,1558556.4230488858,422746.6763115837,0.0,12781940.9989874,48867095.635512754,146435431.0001702,0.1107926773266641,85.21981341613669,31,6,38,6014,0,69.31766815980137
202404,P040,1,7,7,1.0,81.39674466027603,18809159.521812,22629363.9601508,14665731.820487808,2479066.0023373035,2281671.117049887,4681554.003133284,958407.8712956476,1675139.5735492853,434788.9981213373,0.0,12510627.565486746,45046891.19717395,140741913.62340552,0.1453657127499091,84.54925297876468,33,4,48,8241,0,51.83403031043058
202405,P040,1,7,7,1.0,87.11913510835471,9423682.084582845,20483049.808096938,18481412.26283078,1791966.001959968,2326942.774939237,4548735.588064354,860182.4485745616,1598405.3501856546,448991.4697373648,0.0,11575223.63346114,33987523.47365984,143024044.85116842,0.1315078111125253,82.49205180445409,18,5,36,5832,0,12.170603932523177
202406,P040,1,7,7,1.0,91.91684501986502,7900910.179120224,17239000.05174443,20410784.539369687,1198181.5254622255,1707937.3793963492,4476450.252332435,656773.9506027764,1342472.5621418357,436349.548049287,0.0,9818165.21798491,24649433.601035625,145050787.5949373,0.1192007179682969,89.89534046041632,27,5,42,7065,0,45.2423313135022
202407,P040,1,7,7,1.0,94.94519885426725,4987119.287642421,9192863.951860383,21190320.457237672,812934.6795160264,1473339.0848331728,3902160.457876984,467312.5028073882,1078072.4896612517,427053.4719557652,0.0,8160872.686650587,20443688.93681768,148293650.5310125,0.0995089162677871,70.27988477478563,12,7,23,3921,0,71.7906095117069
202408,P040,1,7,7,1.0,94.94519885426725,0.0,7222169.493269934,16594369.04928667,468534.6736343841,1153943.0036653648,3458995.3574819826,303019.06582061754,1074920.134054877,423911.3530919057,0.0,6883323.587749132,13221519.443547755,155176974.11876163,0.0577109600166835,84.50620949748641,10,4,46,7083,0,53.08799490448895
202409,P040,1,7,7,1.0,98.71015114241388,6200155.992331671,4647841.576474196,9012547.404339194,286083.77454681846,962891.6919777883,2882404.459576323,182741.70396007644,866216.6234051569,434060.1189867036,0.0,5614398.372452866,14773833.85940525,154677135.8213733,0.0607461535566249,83.90731489837373,7,3,36,5779,1,66.8188754800483
202410,P040,1,7,7,1.0,100.0,2124134.254965979,4076101.632097679,6700575.863339104,144685.48953735945,693261.064912546,2444813.5014623245,101155.40461290536,724170.4194536743,462990.04301737295,0.0,4571075.922996183,12821866.482273549,157153512.9062368,0.0457087229121349,89.6757321762959,6,4,37,5311,1,83.9342900302757
202207,P041,1,9,3,1.0,0.0,0.0,0.0,0.0,858741.1500431253,139565.34740076182,524291.9084144401,48789.120668208685,277607.3544654103,1682369.751469071,0.0,3531364.632461017,0.0,245878450.2206688,0.0986972447786605,26.227058690341515,3,8,15,2271,0,32.08996652248595
202208,P041,1,9,3,1.0,1.7841176530984433,4867133.502187653,0.0,0.0,1115886.7464532186,171033.59985127137,657565.6297265283,79520.04809740868,388933.7989689041,1733255.1480227278,0.0,4146194.9711200586,4867133.502187653,245562314.6243125,0.0998560851884795,32.588944512619456,3,5,14,2207,1,66.75339779801183
202209,P041,1,9,3,1.0,1.7841176530984433,0.0,0.0,0.0,1531389.3288239376,236968.81689538315,916704.8793539152,129050.9286200938,493993.18423034175,1716362.8739950494,0.0,5024470.011918721,4867133.502187653,250586784.63623127,0.0814381690953648,19.977047086649748,4,4,12,2020,0,24.635419500892425
202210,P041,1,9,3,1.0,1.8910429554884576,291695.8534602144,4845217.793243641,0.0,1703821.1474830674,366003.8191799642,1194979.9879856843,213194.8883451952,561524.5075641054,1708789.656595776,0.0,5748314.007153792,313611.5624042265,256067823.24331293,0.0613466352760989,32.86838676194703,10,5,15,2561,0,24.69787916313015
202211,P041,1,9,3,1.0,1.8910429554884576,0.0,0.0,5156313.8792498205,2236535.849692948,436424.1009023178,1584047.4057888575,370801.4114269076,570779.0781306019,1800732.5675318884,0.0,6999320.413473521,313611.5624042265,263067143.65678647,0.0356896215456197,32.06467522105081,2,6,24,3899,1,49.52635536747992
202212,P041,1,9,3,1.0,7.565756301278798,15480810.580311865,252020.30337249528,0.0,2346751.918601406,547328.1156362902,2036716.66921238,444263.00107438455,746126.5934149149,1748045.2611468574,0.0,7869231.559086233,15542401.839343598,256777546.88388392,0.0587450413905093,43.63346636300111,2,11,17,2916,0,37.22077857255425
202301,P041,1,9,3,1.0,8.74515848123039,3217449.17025313,0.0,265842.91942621284,2709072.623870928,680019.8451616527,2594842.8083235025,473938.31312190375,969555.7707676988,1668403.3654094075,0.0,9095832.726655092,18759851.009596728,262937076.9412964,0.0361663997623713,24.95248514983375,1,5,22,3174,0,54.98424775670447
202302,P041,1,9,3,1.0,11.992643260821538,8859248.683035383,15413869.700068112,0.0,2996805.010429416,846341.6910291299,3359112.0228673527,728320.8496062934,1042977.2773294252,1805080.7549871097,0.0,10778637.606248729,12205229.992564,265641971.91306368,0.0262512189547394,28.889370052767667,23,9,20,3028,0,4.084828165034947
202303,P041,1,9,3,1.0,14.922136204455027,7991756.163400368,3139219.8269956205,14577246.885626556,3265808.742183692,980614.6088486696,3921825.130797777,882036.0468856525,1137838.5115361472,1687117.5094406933,0.0,11875240.549692633,17057766.32896875,270248356.1680146,0.0093658562201468,34.724891176091845,10,7,15,2603,1,5.834482595354002
202304,P041,1,9,3,1.0,22.89350153350941,21746155.128188152,7968203.453792277,2987235.221860865,2929930.3414971908,1190429.286032691,4331579.268764573,1032870.8980860596,1122050.7461232538,1701782.777770551,0.0,12308643.31827432,30835718.003364623,262846625.5916325,0.0364979621688868,38.6385819895208,13,10,23,3707,0,57.58598927927521
202305,P041,1,9,3,1.0,33.27176495889888,28312254.813755084,8100627.42108328,8479816.556186216,2669743.904704321,1256774.6384166705,4485191.3197809,912781.9102547548,1191199.4741374694,1761429.9122041494,0.0,12277121.159498269,51047345.39603642,249612563.7084597,0.0850093157558662,37.19462132592911,6,8,30,4453,0,36.67545918426431
202306,P041,1,9,3,1.0,43.40107845190304,27633110.95002193,21371122.957098976,7992113.969127202,3173005.1901236125,1325981.444030953,5711309.450291934,1061072.4754560587,1502819.314568562,1783409.1690801152,0.0,14557597.043551238,57309333.388959385,239435204.61188868,0.1223158864878032,39.03834493732676,26,6,23,3530,0,33.6102724582927
202307,P041,1,9,3,1.0,54.083620358972304,29142336.837553583,28598988.567391712,22640613.783039723,2122385.423122722,1366283.9583031295,6542255.624318083,1275261.3046910923,1513896.646198266,1784195.4604406196,0.0,14604278.417073913,57852681.65912126,228129405.0081634,0.1637589178867434,46.93997521591636,41,8,17,2762,0,65.54961267126816
202308,P041,1,9,3,1.0,66.61285797484983,34180185.39932158,27183678.93418801,29703991.59748588,1862013.464117204,1321530.763147711,5561980.075690934,1100434.2994065688,1379704.55805136,1818618.969994094,0.0,13044282.130407874,64849188.12425484,211014511.9678929,0.2264960151747336,30.352680126080244,42,7,36,5172,0,37.852695966017976
202309,P041,1,9,3,1.0,75.52864377812399,24322566.23103449,28603782.10811656,26103167.91207781,1729481.9887876727,1211439.4262386214,6346494.426744762,1173506.9005592675,1570717.1824160188,1693725.8853812644,0.0,13725365.810127605,60567972.24717277,203429859.2833336,0.25429864836953,25.904331876350494,36,5,22,3519,0,44.556589294209886
202310,P041,1,9,3,1.0,83.40007422440708,21473529.376669623,34553589.024200976,28345026.749828253,1317312.7740324344,1199348.650677681,6710811.759584921,982002.0351934826,1429505.931430422,1646010.5649904343,0.0,13284991.715909377,47487912.59964141,198050125.1116724,0.2740188362384748,32.0533471567652,60,7,50,8104,0,70.34543609845191
202311,P041,1,9,3,1.0,87.64889029843943,11590914.434730532,21305813.29049344,32634297.31857588,1166378.151075708,1205010.7477423714,5885297.824473795,727503.0951237692,1590112.8622564124,1699128.6746467073,0.0,12273431.355318764,37773013.74387851,200295476.65219465,0.2657881778456921,24.253786465397766,20,5,34,4884,0,35.90935877069826
202312,P041,1,9,3,1.0,90.81849863162776,8646799.094489302,22038459.84706941,21489653.61377076,832456.084911666,1132885.0539477284,7538906.13028245,745620.2639516639,1165708.5649058966,1769244.9501900263,0.0,13184821.048189431,24381352.991298407,205999370.12125945,0.2448797375389337,20.020859105414907,18,3,42,7206,0,22.636813149300146
202401,P041,1,9,3,1.0,95.57835255421315,12985043.027796658,11891103.098776104,20823477.07521484,627802.05030446,993452.4912012052,7047689.720289274,550987.4240761965,1230814.3595273048,1687956.1648979068,0.0,12138702.210296348,25475292.92031896,206903838.08588305,0.2415642803779134,29.915105875411747,14,4,39,5779,0,48.59263669723666
202402,P041,1,9,3,1.0,99.71108004710348,11274220.845876262,8130124.105755137,10796156.55991307,413575.454161577,840034.0812847131,5867849.958281891,431432.219480357,1070942.5403095128,1741430.7567085177,0.0,10365265.010226568,28619389.660440087,207515016.20945936,0.239323919231111,34.992707566008264,9,3,31,4767,0,26.864365637955483
202403,P041,1,9,3,1.0,99.71108004710348,0.0,12528895.786039231,7499148.264359604,269419.9717295445,697548.804910639,5772103.669106131,275650.13752507075,800188.3033345086,1650687.6589877163,0.0,9465598.54559361,16090493.874400854,216980614.7550529,0.2046264089722576,24.64172353393533,11,2,43,6508,0,79.92592293295048
202404,P041,1,9,3,1.0,99.71108004710348,0.0,11210588.823044289,12364866.14504547,194295.4515399432,602343.8662766874,5051474.335173092,203603.38788159992,789721.0786261212,1724793.952773677,0.0,8566232.072271122,4879905.051356554,225546846.8273241,0.1732256556257395,23.0326263650456,13,3,50,7217,0,30.49803437197161
202405,P041,1,9,3,1.0,99.71108004710348,0.0,0.0,9956189.54799983,111326.94292767793,482030.73715569393,4107558.542859944,120658.10015237994,671067.9832265645,1605327.5270016787,0.0,7097969.83332394,4879905.051356554,232644816.660648,0.1472070282856399,31.667093362768505,3,1,45,7372,0,57.48675959360924
202406,P041,1,9,3,1.0,100.0,788183.436081739,2728033.935281676,0.0,73419.02325589005,377893.3935135889,3467429.4782168497,85858.48888762931,590821.1162579173,1672164.8910160528,0.0,6267586.391147928,2940054.552156627,238230492.5390201,0.1267319315277422,30.08874460720608,7,3,44,6995,0,19.01096446325753
202209,P042,1,8,4,1.0,0.922017739326905,907884.005441629,0.0,0.0,382282.7392698691,123397.30624279512,117594.56001678268,41598.19884416097,28143.933657246464,25828.68673517707,0.0,718845.4247660314,907884.005441629,94888108.35859051,0.0363469492423063,41.25682450348479,3,3,8,1255,0,40.78809879262186
202210,P042,1,8,4,1.0,4.68170725454714,3702056.72917625,876581.8042772025,0.0,497085.5275430074,178462.6687031159,159011.92426272563,49713.71922332564,39514.29555221271,25964.96533432125,0.0,949753.1006187084,3733358.930340677,92467873.66067792,0.0609260729126745,36.51796988470654,3,4,11,1924,0,79.38323990457782
202211,P042,1,8,4,1.0,4.68170725454714,0.0,3310609.9220392434,0.0,522164.7900772019,203238.3607898208,189838.6193571632,85895.30350977465,41032.58840727345,26652.787284919046,0.0,1068822.4494261527,422749.0083014336,93536696.11010408,0.0500714565447786,32.418261660253435,4,5,19,2920,0,7.921524037229297
202212,P042,1,8,4,1.0,4.68170725454714,0.0,0.0,881466.2303092838,725219.8482945247,281587.47380449495,242514.1813342209,134535.76496620243,51627.08458935612,26305.12084267007,0.0,1461789.4738314692,422749.0083014336,94998485.58393554,0.0352259937108087,44.87505294230504,1,4,16,2488,0,40.38753928906002
202301,P042,1,8,4,1.0,4.68170725454714,0.0,0.0,3414293.817485442,766012.3121235447,335421.9070045193,395301.7390176575,183792.2366510965,63294.2894723953,25836.049039737674,0.0,1769658.5333089512,422749.0083014336,96768144.1172445,0.017253911919717,43.58323151757068,1,5,11,1861,0,69.65832119132463
202302,P042,1,8,4,1.0,5.9296548701856615,1228817.6588601675,0.0,0.0,807318.3283184991,474977.90577431535,350195.07612519467,253702.72426049708,59683.751884161815,25625.34295133656,0.0,1971503.129314005,1651566.6671616011,97617505.21032836,0.0086280743653206,31.89120122482712,1,5,12,1964,0,49.93140239089991
202303,P042,1,8,4,1.0,8.920814958548542,2945308.193226847,1128770.400862585,0.0,1096733.2890582115,548440.9683296515,474895.90772840346,353382.9005712758,86591.54353678694,25359.532847637973,0.0,2585404.1420719675,3468104.459525864,97506090.18809004,0.0097595694276361,60.5484222471096,6,7,20,3082,0,27.428694750248425
202304,P042,1,8,4,1.0,8.920814958548542,0.0,2925045.0627744715,0.0,1130287.1175844776,614957.7931408366,639636.9572458384,366762.8193770786,85345.89292579757,26203.544978458045,0.0,2863194.1252524867,543059.3967513926,100369284.31334254,-0.0193181074429375,31.16630042053368,2,6,12,1986,0,45.14107345125881
202305,P042,1,8,4,1.0,9.879932022541782,944414.6295723964,0.0,1026276.945122635,1027141.507501074,770484.5868212222,670026.3841112414,501394.94733858405,124325.85091636694,27097.986403029827,0.0,3120471.2630915185,1487474.0263237895,102622868.33747588,-0.042204780573652,44.536655961969394,1,9,18,2793,0,47.43939396402689
202306,P042,1,8,4,1.0,16.552041019522665,6569831.34114562,875427.902993629,2947435.854550554,1297112.531402124,810126.3941053562,888767.3026735751,634915.0886932022,113262.6054811134,25659.003359011185,0.0,3769842.925714382,7181877.464475781,100333296.79251644,-0.0189526297784211,58.34553587066614,2,3,9,1561,0,39.79907523366639
202307,P042,1,8,4,1.0,22.98865378420177,6337945.062249689,6290527.538320176,0.0,1293442.6916905192,995024.8300250334,899621.2381190347,668747.7891048741,119824.63252937006,25837.638469320307,0.0,4002498.819938152,7229294.988405293,98442354.96893664,0.0002511660250708,66.91352989376415,13,2,24,3635,0,46.95460138690956
202308,P042,1,8,4,1.0,28.650524682983622,5575079.318573662,5588525.277135275,806208.1654596352,1403655.9597741084,1296557.241635708,1095528.5550293715,753634.7502697454,141617.6114515055,26490.005322109137,0.0,4717484.123482548,7215849.029843677,97936876.56765002,0.0053846417779139,50.83671276135937,9,3,10,1452,0,22.29607657171973
202309,P042,1,8,4,1.0,32.1248495552749,3421066.47922412,4925234.250580492,6551540.022896833,1158575.5184397816,1118398.6457726026,1199097.8888214338,859579.5964126738,155066.15022663755,26383.88336526708,0.0,4517101.683038397,5711681.258487303,99230964.31792805,-0.0077576963935971,39.55689009868746,6,6,9,1515,0,27.767032489381627
202310,P042,1,8,4,1.0,34.883846008187746,2716703.4253574805,3403061.700991006,5450221.399445306,1341832.034166299,1246716.077982728,1075439.9373939617,803128.0347921163,155967.84890542633,24746.757505125766,0.0,4647830.690745656,5025322.982853781,101309604.61120284,-0.0288676973694019,67.86474161061889,7,6,23,3609,0,2.260532332504696
202311,P042,1,8,4,1.0,48.99083893321858,13890744.933891952,2439308.7482750947,4280736.582653914,1168304.521115198,1384648.287928122,1389069.879238223,909644.0835463848,160493.74565272703,26248.381668899747,0.0,5038408.899149555,16476759.16847064,93076452.67406344,0.0547455405675698,52.84985912927406,7,2,31,5027,0,63.4334066842397
202312,P042,1,8,4,1.0,54.20344531501187,5132701.637766621,14141300.762140648,3161054.8541219938,941255.7460914968,1476287.808829391,1383008.2892012342,1071535.3910568715,171745.0902798305,25806.35803906721,0.0,5069638.683497892,7468160.044096611,93185014.69335651,0.053643019683785,49.2286720521782,12,5,45,6943,0,31.0827053897128
202401,P042,1,8,4,1.0,60.0806325501043,5787095.041817082,5157099.801323949,2398222.071370073,839625.9562412079,1333644.622743507,1579589.7477057313,1015893.6653230744,198684.0838824882,26195.28695422333,0.0,4993633.362850233,8098155.284589745,92548060.86928406,0.0601117174624316,57.93755562335857,11,5,23,3388,0,87.25427811519428
202402,P042,1,8,4,1.0,67.45958481177199,7265839.310397685,6143853.361105238,13703201.351463068,875816.4902902365,1496887.976412712,1539578.1178175863,908121.7760854664,155006.3187091025,27648.51547191655,0.0,5003059.19478702,9220141.233882189,90426253.46295714,0.0816601097277739,57.19945783731405,11,7,51,7333,1,33.90923624683126
202403,P042,1,8,4,1.0,73.14481150961497,5598077.093450946,7134345.834591902,5273440.701922498,683437.0173843083,1205259.5779312789,1615310.9126281273,871881.3409059036,193609.68386362027,26300.20413205259,0.0,4595798.73684529,7683872.492741235,89490427.78209235,0.0911640537724241,45.57423262440332,9,4,37,5532,1,54.912454569877774
202404,P042,1,8,4,1.0,76.86785182825997,3665969.3330625566,5621131.562530718,6629168.371990686,538802.8782830954,1448127.793629781,1997839.0484865825,752888.6855914176,174635.23396833945,26701.53328375687,0.0,4938995.173242973,5728710.263273075,90787087.24800156,0.0779955980856993,37.79149969476183,9,2,30,4867,0,15.20224015720058
202405,P042,1,8,4,1.0,84.54016544594711,7554703.690750236,3239001.7229010435,6771110.991937227,427851.446612981,1251689.7573657224,1850166.4274447688,734237.1770983273,162652.39874638838,26987.72659517808,0.0,4453584.933863366,10044412.23112227,87645197.4718191,0.1099036181773288,53.30742400630241,8,5,47,7827,1,39.98704672370086
202406,P042,1,8,4,1.0,88.3760783150508,3777111.645020312,7341771.125241,5938877.354803007,329343.41965327045,1139952.9669244722,1755016.4774902605,627621.9601322619,158920.14234201057,27160.557843283776,0.0,4038015.52438556,6479752.75090158,87865153.9248085,0.1076698113218264,37.8744273853154,14,1,23,4006,0,36.97726455077447
202407,P042,1,8,4,1.0,91.58962368666104,3164284.5025690664,4009960.0763151366,3494856.813186747,274934.1839755374,1260036.4334599772,1676284.6839294264,475452.587013302,143252.19001669993,26036.30512634096,0.0,3855996.383521284,5634077.17715551,88522561.99933974,0.1009933867669109,57.022295268712696,11,4,44,7261,0,22.05158855283635
202408,P042,1,8,4,1.0,92.05961089316878,462782.7094325585,2872177.03590919,7432515.555942244,198061.57890502136,1050234.28363394,1637743.4189206134,403269.5365359175,124683.40222242296,26499.023934782697,0.0,3440491.2441526973,3224682.850678876,91495253.536231,0.0708036894693201,42.60591905100247,6,2,35,5953,0,45.70563885790449
202409,P042,1,8,4,1.0,93.18557819672556,1108707.199381771,403182.643482588,3862425.083711283,153596.36176452303,899904.3988883483,1561665.594834213,341986.2178971747,117489.75295655883,26814.71927645269,0.0,3101457.0456172707,3930207.406578064,93475983.95845003,0.0506880295924612,38.49773365214564,4,5,33,5292,0,26.90871437641728
202410,P042,1,8,4,1.0,96.57806759905428,3340485.4761828487,1048347.531729694,2955042.54028913,113529.2800454563,784965.8465507106,1515451.3601828057,261864.0298687866,102162.82341066444,26422.00024529475,0.0,2804395.340303718,6222345.351031214,92903679.83263606,0.0565001658689868,38.42367762429252,3,2,37,6449,0,47.27198520388608
202411,P042,1,8,4,1.0,96.57806759905428,0.0,3221086.846340978,435030.8302002761,82213.24000438555,646721.4821645152,1397587.0325690424,178835.00626697444,97516.42058722228,27339.6375038667,0.0,2430212.8190960065,3001258.50469023,95333892.65173206,0.0318197076153336,50.61461915365104,7,1,30,4396,0,38.72170141000064
202412,P042,1,8,4,1.0,97.55850165222066,965404.8477525632,0.0,880416.6824923684,53579.726681816544,552138.6307321489,1219652.5192691912,158017.10022903743,81357.15601646935,25096.786340113355,0.0,2089841.919268777,3966663.352442786,96447863.83088356,0.0205065752975439,40.05702404076661,2,3,45,7874,1,30.584647285183628
202501,P042,1,8,4,1.0,97.55850165222066,0.0,907419.2852092796,3116115.8456069995,36595.42328276127,458867.34745244216,1134552.465813605,96396.80583065456,76619.52731217103,26758.466080693,0.0,1829790.035772327,3059244.067233503,98277653.86665589,0.0019238173448358,51.03135427589692,2,0,9,1481,0,41.5195037275352
202502,P042,1,8,4,1.0,100.0,2404072.2913630726,1716584.791138712,0.0,25696.10248817562,390780.0680602563,1033719.080100307,70688.6867963573,66552.18815849297,25661.76320954228,0.0,1613097.8888131315,3746731.5674578696,97460617.06976752,0.0102213797635884,41.47554360521123,5,3,29,4645,0,23.919417805240613
202210,P043,1,8,7,1.0,0.1757782871012485,173192.09945338295,0.0,0.0,460468.3913274563,29397.563941318887,15637.430421647325,29511.88151770403,216064.01957617723,469459.476059224,0.0,1220538.7628435278,173192.09945338295,90211754.89016208,0.0844115983905737,41.62220392941015,0,4,11,1835,0,57.44035108694696
202211,P043,1,8,7,1.0,2.094860035079756,1890846.716259217,0.0,0.0,705216.4039801377,37649.42471676617,22732.261681011667,41631.01902398972,287137.5605070158,457279.2350522826,0.0,1551645.9049612032,2064038.8157125995,90214412.6357598,0.0843846240672533,42.9674592240516,1,5,16,2606,0,56.49981219782891
202212,P043,1,8,7,1.0,2.094860035079756,0.0,148453.53935286592,0.0,695910.6549666902,47097.75915479099,24437.09926157112,63633.26350618743,373576.7974228847,461661.88576293015,0.0,1666317.4600750546,1915585.2763597337,91880730.09583484,0.0674726269367067,61.49209490420705,2,5,13,1887,0,42.77702365844291
202301,P043,1,8,7,1.0,2.094860035079756,0.0,1501100.1785397422,0.0,957956.4153615712,67676.16742679823,33855.985420232704,82572.20019306277,398856.5708326843,439619.94784997264,0.0,1980537.287084322,414485.0978199914,93861267.38291916,0.0473715107216716,41.473496437124034,7,3,10,1413,0,8.896152515463216
202302,P043,1,8,7,1.0,2.429798539657696,330010.6273206368,0.0,154128.50151564507,1321456.7640912898,80170.61388453608,44408.78993656926,119294.59582706205,508350.3304597677,459540.75155628857,0.0,2533221.8457555138,744495.7251406279,96123493.1161286,0.0244114469730966,43.4477047702262,3,2,22,3706,0,59.20938710700783
202303,P043,1,8,7,1.0,2.429798539657696,0.0,0.0,1619587.4104109977,1434297.2129806832,99937.15098497564,53981.10523203111,157789.8486876761,516014.3974717969,456179.5659619538,0.0,2718199.2813191167,744495.7251406279,98841692.39744772,-0.0031764404177323,55.80808284585807,4,1,13,2032,0,27.08250591068385
202304,P043,1,8,7,1.0,2.429798539657696,0.0,303378.40111590025,0.0,1283851.21666617,137488.0845039968,61314.0078899841,252410.96223584388,590483.099212652,460173.68162486143,0.0,2785721.0521335085,441117.3240247276,101627413.44958124,-0.0314496281919655,52.9941572356449,4,6,8,1252,0,31.1454861494041
202305,P043,1,8,7,1.0,7.601806389089462,5095913.224575399,0.0,0.0,1426375.689322241,153376.79456306182,86151.90041321387,291960.12500830524,801917.8928676329,458711.1196036927,0.0,3218493.521778148,5537030.548600126,100636743.72016422,-0.0213949993336295,48.16576667303138,2,4,12,1782,0,60.91233402163
202306,P043,1,8,7,1.0,11.731754236589037,4069184.824456913,0.0,330886.82761081465,1976844.1771847373,170463.35594918064,95862.36004372964,329841.0214168497,731614.3539577137,448926.7682207245,0.0,3753552.036772936,9606215.373057038,100996108.55011012,-0.0250423097162446,32.00842963151294,2,5,13,2019,0,76.7264381149723
202307,P043,1,8,7,1.0,12.226316515876452,487285.8922040895,5080422.91304519,0.0,1978779.3482139728,223461.6780191473,113113.10420586784,362271.2657487511,888657.4220144034,434360.5317193822,0.0,4000643.349921525,5013078.352215937,104588327.1882328,-0.0615009034451312,47.55197380257872,12,4,18,2884,0,43.24488951930811
202308,P043,1,8,7,1.0,16.908253694539027,4613052.856831827,3576354.006044336,0.0,1820001.1836138468,240562.1328847029,150671.4454773918,464832.4238890411,996982.5571465836,456356.14045219537,0.0,4129405.883463761,6049777.203003427,104830370.42938945,-0.0639574789164853,37.98072170516531,4,4,24,3640,0,16.876962656968693
202309,P043,1,8,7,1.0,22.21808269627089,5231706.644283659,417135.5427408736,4523140.182318167,1966982.210149044,283477.96082566294,123112.83888121444,548457.1975935169,1264996.5991278004,434966.6362772177,0.0,4621993.442854456,10864348.304546213,104997971.90926255,-0.0656585207735165,44.89931213618152,1,5,21,3184,0,37.75496164583987
202310,P043,1,8,7,1.0,29.853834544748874,7523408.6948476015,4579304.374068834,3747821.6053541857,1991208.4619533715,320475.47512148187,150196.2095873373,662770.2438232505,1111565.967653039,447686.43424325617,0.0,4683902.792381736,13808452.62532498,103191134.71463735,-0.0473203432155079,47.67783592894324,5,5,35,5339,1,60.69152480688605
202311,P043,1,8,7,1.0,38.23127090087236,8254180.95989524,4915906.841850243,390430.7748114736,1684769.390834842,266120.2968162424,225507.89666495688,566530.5953350575,1254880.2886622143,461302.7359818152,0.0,4459111.204295129,17146726.743369978,100413493.24426883,-0.019129157740896,46.520694351852434,7,6,22,3638,0,64.250345466339
202312,P043,1,8,7,1.0,43.33251814167204,5026193.701364142,6635500.499823009,4493149.360499494,1702847.4841439135,342491.42761328875,218378.11604543185,696910.4915056308,1229800.3742045544,452507.49835228274,0.0,4642935.391865102,15537419.944911117,100590551.17891338,-0.0209261762289063,40.6644093244001,11,4,40,6585,0,35.665851492437234
202401,P043,1,8,7,1.0,53.07470535913919,9598852.539103288,6836512.06620496,4948781.375084719,1467647.572474389,309804.54287692497,213340.16676960213,644734.9329811897,1259568.8681581828,460941.5102381445,0.0,4356037.593498433,18299760.41780944,96293254.41035266,0.0226884844586992,42.94297850928784,5,5,38,5597,0,53.7040083764224
202402,P043,1,8,7,1.0,60.40799778938168,7225399.296147074,4758005.709812825,7299050.549805311,1225020.895665089,293474.0512499128,204189.66934880224,655419.9889119711,1283089.8000522824,478408.8614308464,0.0,4139603.266658904,20767154.004143685,93811328.57437894,0.0478783559099212,56.57059398103519,8,4,27,4194,0,41.04376207445756
202403,P043,1,8,7,1.0,71.34507918777811,10776166.50223556,9611141.55268276,6488003.224341118,1393609.9628126791,305374.95020504366,242547.130996991,793264.2489243094,1139004.731818568,473513.0110088834,0.0,4347314.035766475,21932178.953696474,88110990.71751167,0.1057329363175125,32.23848559308007,15,3,39,5763,0,55.39596900963871
202404,P043,1,8,7,1.0,76.7426085651222,5318116.703373496,6881050.268216889,4645877.821163062,1022737.692577746,286933.1356018265,265537.5138443557,631160.8277907756,1481966.9443199213,469704.40312979487,0.0,4158040.5172644192,20369245.38885308,87234501.43692896,0.1146287107142484,38.63074109124362,13,4,33,4801,0,41.162989337811474
202405,P043,1,8,7,1.0,85.71889307430597,8844218.39052825,10408623.89372488,9153439.533291984,795969.5507176523,309776.7649993168,259946.5753918709,565421.763633715,1232971.0211150032,450033.0733720746,0.0,3614118.749229632,18804839.88565644,82294538.85112867,0.1647659955220901,36.64261532854235,11,4,25,3576,1,25.59128557020213
202406,P043,1,8,7,1.0,87.01494137792676,1276979.82725129,5058205.555265226,6521577.70086848,605229.21891787,267190.1488016316,236748.9673436054,580213.1539633054,1192550.4268936852,457892.26720503945,0.0,3339824.183125137,15023614.1576425,84389853.29277271,0.1434999686852346,55.426512050089215,8,1,28,4156,0,56.38185219971127
202407,P043,1,8,7,1.0,89.19314448648204,2146155.6807029312,8414256.768116519,10139804.975395083,613212.0271633076,309262.94383399986,283228.7107636042,421663.44655502506,1256511.3557704927,459644.4605356007,0.0,3343522.9446220305,8755513.070228904,85641791.39449319,0.1307936422551166,44.0223852660367,11,2,33,4882,0,53.03311354084608
202408,P043,1,8,7,1.0,92.50122081733971,3259405.3244088865,1199985.9479164823,4988090.561481703,457599.7984456082,255656.6576859895,278091.4360545369,333949.09549806354,1025633.4820312132,442828.3497419714,0.0,2793758.819457383,10814932.446721315,85259022.60474502,0.1346784870274881,45.72184468991716,2,4,43,6064,1,50.321081002148375
202409,P043,1,8,7,1.0,94.59450292907376,2062484.1080093577,2004030.4985424029,7191735.452495886,301829.19681665616,251256.48240887653,211180.47807818785,329456.5611996804,977961.6592712648,453280.5513116834,0.0,2524964.929086349,10873386.05618827,85773946.72559664,0.1294523548750352,49.07229922480481,4,6,27,4073,0,35.25998894115237
202410,P043,1,8,7,1.0,96.69696691935413,2071530.895576713,2885992.961378974,1192696.1485285563,299623.8823297629,215278.5928399961,201226.48167796625,200368.9225999408,822414.269701289,441243.55946539255,0.0,2180155.7086143475,10058923.99038601,85935244.87334132,0.1278152875831293,46.80983540520132,6,2,30,5059,0,24.813322756224693
202411,P043,1,8,7,1.0,98.47348653367784,1750382.0682222156,2089937.9824215733,2067595.33285758,184631.31146180493,172921.577966558,189722.6287912761,168683.73799186863,593415.2443740072,435307.2991363507,0.0,1744681.7997218657,9719368.076186642,85974052.00791256,0.1274214213696144,53.76503820584292,4,1,8,1325,0,62.14697037982975
202412,P043,1,8,7,1.0,98.47348653367784,0.0,1951176.5866371407,2853566.132657198,148240.77587270638,145618.4933071472,160330.06505063956,136613.4580432271,821521.0934298874,423703.4018524769,0.0,1836027.2875560848,7768191.489549503,87810079.29546864,0.108786984077362,32.98060880767464,2,1,45,6833,0,25.6985584738964
202501,P043,1,8,7,1.0,98.47348653367784,0.0,1787624.0496231306,1932114.793934948,95262.64417901216,123370.42643160386,178774.56086296748,95136.297592229,673637.2635944171,456511.6533709463,0.0,1622692.846031176,5980567.439926371,89432772.14149982,0.0923177473242396,48.79640719776632,5,0,38,5836,0,56.89130241501381
202502,P043,1,8,7,1.0,98.47348653367784,0.0,0.0,1900069.9497174555,57751.03773499937,93696.22611347238,143855.93058829484,76622.34491870417,552564.8232405103,469196.1679610761,0.0,1393686.5305570571,5980567.439926371,90826458.67205688,0.0781727700492606,47.601650697778766,3,2,44,6675,0,43.97996659935837
202503,P043,1,8,7,1.0,100.0,1504054.2062166738,3525694.138908724,1680652.5664078745,34637.948563702346,75747.53621885812,116180.58135108714,58028.98881468652,540273.7840521464,450289.6791852662,0.0,1275158.5181857466,3958927.50723432,90635806.94688006,0.0801077563327139,43.68170529240015,6,2,22,3694,0,68.01060295405867
202302,P044,1,5,1,1.0,0.5298933822681753,1128691.6749789433,0.0,0.0,2362308.34361542,160356.1259514467,288037.50542449363,51657.56780700424,138101.98245381497,2825811.0255817017,0.0,5826272.550833881,1128691.6749789433,189097668.27575225,0.1122322841308,53.48806807398716,2,10,8,1317,0,43.664593041073445
202303,P044,1,5,1,1.0,1.4827048211721414,2029522.1169064287,1070276.9625567198,0.0,3674910.202525594,287520.742456745,492814.3164640163,105379.92958668392,179974.27402206353,2699857.402206341,0.0,7440456.867261443,2087936.8293286525,194846102.5709527,0.0852447785173917,64.09728096313872,3,11,14,2065,0,37.79254596005531
202304,P044,1,5,1,1.0,4.106803035073063,5589422.150696232,2066155.093544857,0.0,5798447.603504292,486590.0769555321,768608.9052204629,209632.29176074945,253259.70037597205,2849610.8524027606,0.0,10366149.43021977,5611203.886480028,200545972.64826727,0.0584852701351426,72.3598479767494,6,16,13,1917,0,22.840557297598515
202305,P044,1,5,1,1.0,7.448549767839385,7118038.917595973,5186695.659401916,912336.7480804124,7244522.924704752,676212.5992826151,1250875.2627129592,376066.84083581215,346041.03724737256,2875125.4419327043,0.0,12768844.106716216,7542547.144674085,207358896.5046572,0.026500244060902,69.467490706827,6,13,14,2085,0,37.68991117879794
202306,P044,1,5,1,1.0,11.06891625649862,7711508.867371348,6725010.748068673,1584632.8106315024,7318318.019361507,959696.6359787884,1881029.27073442,609269.1308585553,442476.30260401714,2868149.850396493,0.0,14078939.209933782,8529045.26397676,214968283.9245644,-0.0092239853837667,63.65422595753972,15,11,25,3799,0,30.76492440395933
202307,P044,1,5,1,1.0,20.448931693548246,19979765.155122854,6977309.071612878,4348955.968849686,8463860.263070745,1277098.6333716048,2072969.1503472184,837625.2523224687,545142.4036084511,2737157.289816498,0.0,15933852.992536984,21531501.34748673,214057654.7554669,-0.0049488021685268,52.738172897921935,11,25,18,3089,0,40.60299361894832
202308,P044,1,5,1,1.0,32.42243737751708,25503991.251902707,18193962.502837487,6231443.956871582,8652195.818288969,1538788.9143181287,2860542.920716947,1046508.6442986962,593570.1130557811,2663525.264999803,0.0,17355131.675678328,28841530.096551955,209737966.9042077,0.0153310852142626,55.91214436036617,17,15,24,3564,0,61.2081026949718
202309,P044,1,5,1,1.0,50.57222671056806,38659694.21084163,22955098.7854264,6223399.188726263,7880062.261027052,1579321.2062698747,3725558.332558044,1099205.3578269845,646797.6098192402,2780463.7504566843,0.0,17711408.51795788,44546125.5219672,194224136.7848403,0.0881647571206214,64.00673885434445,41,16,28,4793,0,57.37005057438441
202310,P044,1,5,1,1.0,66.21715041530626,33324241.691099305,33085900.282294545,16444971.08964804,6415406.972590846,1863676.378874645,3709189.6087576575,1035243.5913945308,717694.7180836973,2967538.508452324,0.0,16708749.7781537,44784466.93077198,181935361.9376133,0.1458575762676276,46.114506782760536,22,11,40,6056,0,41.30286812079564
202311,P044,1,5,1,1.0,80.70655912398608,30862953.81695788,29758274.958231684,20485280.132712483,4696340.427002828,1883957.3123281484,4243218.457053298,966637.98080283,687181.9861320066,2837782.5593618616,0.0,15315118.722680973,45889145.78949815,170090034.68440312,0.20146851645104,52.98822932112123,50,8,29,4409,0,46.82350798924186
202312,P044,1,5,1,1.0,89.00131814989419,17668130.55566862,28619576.698727407,28606179.768683303,3310182.111737235,1602404.6378612884,4234724.487184853,903793.325348145,707249.2495839378,2890546.770309661,0.0,13648900.58202512,34937699.64643937,168010031.32226846,0.2112336280499297,43.92811750184065,23,9,30,5001,1,55.64308558493937
202401,P044,1,5,1,1.0,93.67264497562763,9950091.61417074,18211761.56457758,24877820.733337674,2033009.731988548,1437227.4738811585,3942115.334885255,587423.1154609096,619556.0156378653,2858275.156740957,0.0,11477606.828594692,26676029.696032524,170629653.16248143,0.1989351384982997,51.52041136165119,29,9,31,4440,0,71.75074078429125
202402,P044,1,5,1,1.0,96.79892665229836,6659090.715557705,9972469.90155352,26026495.35958852,1040996.4887900588,1157517.3358731756,3998223.475440295,378258.0268299863,524047.3062287576,2814959.0371205416,0.0,9914001.670282817,23362650.510036707,174615455.58777684,0.1802227622576236,56.73399268508402,12,4,31,4790,0,50.94197245863971
202403,P044,1,5,1,1.0,97.40628993311088,1293705.3031434687,6953511.103908422,14811590.775184749,540829.622603577,791378.7736687968,3373989.3461113805,223321.56118079048,433739.0503190144,2774334.69525948,0.0,8137593.049143039,17702844.70927176,181601338.42167783,0.1474257357086855,53.96580600200887,12,6,59,9211,1,71.56213337235596
202404,P044,1,5,1,1.0,100.0,5524694.321102609,6639825.40799382,9059364.95843115,265114.05948165694,562896.6820574327,2928291.160125275,119051.50691554522,289228.9508467253,2856031.3900079564,0.0,7020613.749434592,16587713.622380557,183703639.7314532,0.1375559406505757,56.10816120226103,10,2,25,3913,0,38.7558612180774
202212,P045,1,2,4,1.0,1.4150004896577435,4853451.67952606,0.0,0.0,2528619.4211431635,654446.2034113765,461574.7030713362,281616.8892122204,956692.147550554,840411.1530582495,0.0,5723360.5174469,4853451.67952606,327335599.6843296,0.0456688055850449,57.850622009626974,0,14,18,3077,0,40.65030154772653
202301,P045,1,2,4,1.0,1.4150004896577435,0.0,0.0,0.0,4179454.883843095,1257141.4373867123,793451.3402566002,609464.5496246099,1336990.5578307365,791351.5215030096,0.0,8967854.290444763,4853451.67952606,336303453.9747744,0.0195234577994916,64.15945329454317,5,10,13,2171,0,65.83199437501138
202302,P045,1,2,4,1.0,1.95926496548985,1866827.1521041256,4654407.996007672,0.0,6192475.914773724,1846537.172982827,1118931.5428055488,1278615.6508568951,2063770.0542647264,824776.009183939,0.0,13325106.344867662,2065870.8356225137,347964699.6137672,-0.0144743428972804,51.80625478933598,8,14,10,1485,1,36.56736708160733
202303,P045,1,2,4,1.0,1.95926496548985,0.0,0.0,0.0,8510453.226576824,3676016.461078865,1783098.0564325366,2040568.6671449544,2479434.52952758,838057.2303090434,0.0,19327628.1710698,2065870.8356225137,367292327.784837,-0.0708231130753265,53.66017713014478,1,24,16,2698,0,9.574970340250513
202304,P045,1,2,4,1.0,9.045214991205432,24304808.588204443,1768081.7154769644,0.0,10801013.495442456,4487418.825648178,2401973.391934252,3354661.043267828,3610614.10796815,814430.9891684972,0.0,25470111.85342937,24602597.70834999,370986950.224807,-0.0815946070694082,63.30989132017637,2,30,17,2908,0,55.08041734514745
202305,P045,1,2,4,1.0,18.14876114719022,31225163.315027826,0.0,4045884.342667159,11388613.672244169,6293111.52875996,3440077.455152938,4130722.432715948,3564070.0040473808,796037.5979544134,0.0,29612632.690874808,55827761.02337782,372315441.62822783,-0.0854677598490607,57.44649711165267,1,23,24,3552,0,24.48047858210007
202306,P045,1,2,4,1.0,30.98664709566708,44033948.80327561,22090818.80536984,0.0,9945625.082423808,7315711.136160906,4285902.59826139,5405315.000630964,4640979.756431116,823070.3735639772,0.0,32416603.947472166,77770891.02128358,364255978.161326,-0.061970781811446,46.6741135587741,31,20,23,3427,0,62.15657792067381
202307,P045,1,2,4,1.0,48.431733800237446,59836647.39667638,32277007.89879486,1790105.92857088,11335500.697198045,8358594.462361587,5201217.696192631,5773267.548015471,4516175.355881433,811732.3084212965,0.0,35996488.068070464,105330530.51916511,344144809.58413607,-0.0033376372715337,58.21426305252583,34,13,18,2763,0,23.78800338956597
202308,P045,1,2,4,1.0,66.92357577320978,63427017.96729509,39160049.536293976,0.0,6993649.95817467,8772471.00680094,5890935.149361175,6649979.394747098,5049334.2958004745,853149.4570824818,0.0,34209519.26196684,129597498.95016624,317489147.53303444,0.0743756631689957,46.275799876972485,34,17,27,4317,0,32.860439550024765
202309,P045,1,2,4,1.0,82.3155823731624,52794582.6378375,56127413.37593457,19934420.842628933,6167770.214074083,8476184.515431989,6397683.227184794,4954205.104669318,5201758.84583352,899497.0611903104,0.0,32097098.968384016,126264668.21206915,297746742.69492507,0.1319336947669823,53.144572897137095,60,11,32,5260,0,45.12866668648492
202310,P045,1,2,4,1.0,90.59034901858512,28382449.593799915,60242600.499640726,31851938.27372264,4312938.15091182,7822371.014473661,6213631.156031822,4603647.232965508,4743922.351527808,802779.4572580598,0.0,28499289.36316868,94404517.30622832,297890353.5748203,0.1315150041550429,54.42318397908049,56,10,36,5790,0,29.218828255950218
202311,P045,1,2,4,1.0,95.2727022901272,16060471.721389309,51063602.58214374,42558888.32350876,2528196.127631082,6769210.341529277,6122383.526782613,3259033.282684104,4862710.531687974,815388.7133466114,0.0,24356922.523661666,59401386.44547385,306201953.0576933,0.1072829356918562,63.62122567013596,57,5,9,1347,0,52.21206328348191
202312,P045,1,2,4,1.0,96.63888327974246,4686000.794380387,23183243.179669105,54680998.90905305,1445711.0264744624,5400316.848872712,6702309.216662169,2194479.54797424,3418932.558657674,855597.6274948447,0.0,20017346.8261361,40904144.060185134,321537719.0548498,0.0625722476534991,65.61000834292835,32,7,22,3843,0,35.46369453586523
202401,P045,1,2,4,1.0,99.43338300971767,9585134.073814964,14478091.942365298,64054727.10220957,771633.6038531816,3678357.471097105,5303069.632079982,1127068.7607099896,3022895.9909780314,865739.7557745924,0.0,14768765.214492884,36011186.191634834,326730391.15877694,0.047433261927764,57.93533900268717,11,4,22,3630,0,60.23681972797151
202402,P045,1,2,4,1.0,100.0,1943496.276668397,14939491.863592332,51621703.67814517,359250.8565846633,2626393.78240281,4113331.7140481127,513103.33034688985,2403777.534844744,873096.0847824699,0.0,10888953.303009689,23015190.60471088,335677681.3444958,0.0213478678003038,50.24659107675773,14,4,45,7108,0,52.88258284256074
202212,P046,1,5,1,1.0,0.9207428782942608,2871419.512492062,0.0,0.0,4626951.668118166,63163.339170943,225668.5347068292,61790.014098757696,265286.19861753547,336567.9560782774,0.0,5579427.710790508,2871419.512492062,301818706.63691324,0.0321949702475219,79.79837796027573,1,12,8,1202,0,35.14630584485209
202301,P046,1,5,1,1.0,0.9207428782942608,0.0,2584169.49328528,0.0,5546536.006389434,94775.62714841116,352986.88291606074,98174.2513399353,350792.2637190193,318991.600533159,0.0,6762256.6320460215,287250.0192067819,308580963.2689593,0.0105112712684381,70.71038569801026,5,5,16,2276,0,77.27952315073316
202302,P046,1,5,1,1.0,2.52165603062832,4992591.712393424,0.0,0.0,7078945.634991564,137881.5690930047,427592.5272824573,157663.888257915,454769.1768763583,317486.4658392523,0.0,8574339.262340551,5279841.731600206,312717165.3132712,-0.0027517805389278,84.8050413879637,3,13,12,2099,0,22.119534595532365
202303,P046,1,5,1,1.0,2.568629525842902,146491.07140419137,4659292.07546798,0.0,8491167.506957697,172162.09940374593,548245.3458181903,240164.26825333503,499188.4541113411,343125.6403361113,0.0,10294053.31488042,767040.7275364185,322880823.3383974,-0.0353423361973431,97.6852659378728,6,23,13,1915,0,65.10750526122035
202304,P046,1,5,1,1.0,4.684835544713249,6599578.881668484,148016.28500125333,0.0,11108296.194953907,222613.7259836203,796133.7319049062,349975.67419528414,679252.4667213934,349207.34238060494,0.0,13505479.136139715,7218603.324203648,330501633.6509821,-0.0597790539657406,71.6513177233263,3,24,21,3059,0,48.32316049540331
202305,P046,1,5,1,1.0,4.684835544713249,0.0,6849782.824439135,2450080.4646742456,12817056.929755537,310445.909210004,998138.1417736436,494857.6361465108,760018.3387184754,334103.71754078066,0.0,15714620.67314495,368820.4997645132,346216254.324127,-0.110169200744873,81.75880573425928,13,14,19,3025,0,60.99010450284354
202306,P046,1,5,1,1.0,7.953530700592262,10193719.95400834,0.0,0.0,13715301.659512356,352684.58910653257,1174112.2491937347,702602.0412495843,908887.888545845,339116.8943513136,0.0,17192705.32195937,10562540.453772854,354280186.6010342,-0.1360268233691814,78.06518826470811,6,14,8,1262,0,40.8369965536911
202307,P046,1,5,1,1.0,11.21596323234442,10174189.397170832,9770376.269651253,3906841.117483803,15215705.21253482,471272.43990861095,1465089.1570001831,817685.6501405747,1046791.2696360288,362906.2614495959,0.0,19379449.99066981,10966353.581292436,364500774.4818444,-0.1687999290136066,90.19754142528788,18,42,12,2045,0,85.60800059315902
202308,P046,1,5,1,1.0,18.69838767875321,23334613.889133297,10213240.376269018,133894.96105594953,15030687.119022198,538390.8016953543,1655591.9958962277,922202.5497958858,1077777.8543682743,336994.97179947566,0.0,19561645.29257741,24087727.094156712,362876942.6093355,-0.163592986504317,82.5082724932812,17,20,15,2260,0,76.95187648552871
202309,P046,1,5,1,1.0,24.402584192573617,17789050.08010117,21605321.68286584,6264109.206410643,15375269.246469565,627831.8371270424,2118830.9861800727,1129638.0535961874,1290532.8794683334,325638.9157922802,0.0,20867741.91863348,20271455.491392054,367426056.41794753,-0.1781800718243385,79.92607419251668,38,27,18,2627,0,19.447476939687867
202310,P046,1,5,1,1.0,33.359108851431024,27931728.03812907,16649817.854023872,0.0,14258763.050456444,662861.056116816,2476726.0743300896,1449173.6491266277,1397659.0685046231,326510.1433911763,0.0,20571693.041925777,31553365.67549725,362081612.5736763,-0.1610426992229188,87.73509061389527,25,28,8,1225,0,65.26679302822772
202311,P046,1,5,1,1.0,44.66662056007196,35263492.689809725,25190643.79192345,7973535.999202376,14125450.698580166,764728.6513643111,2778999.833243038,1415500.2309909016,1333959.6222752326,334083.9171365299,0.0,20752722.95359018,41626214.57338354,349603844.7319966,-0.1210317714317903,74.86741147587563,37,27,28,4348,1,74.57181427724265
202312,P046,1,5,1,1.0,55.740338348527374,34534385.313419946,30275118.550444767,8548078.247785464,11959402.094983272,812880.6293446854,2832147.711798994,1524953.603824281,1454438.0287847724,334350.4909438987,0.0,18918172.5596799,45885481.33635871,335425166.3146908,-0.0755667423074717,94.17450233046053,42,16,26,4550,0,54.31343521197214
202401,P046,1,5,1,1.0,67.10543770438058,35443084.94925805,34322554.35375559,20755984.49133501,10627429.727671385,771725.2668914836,3311606.783643331,1478947.4686864305,1542370.2222198455,336701.142161303,0.0,18068780.611273777,47006011.93186119,318956764.85465115,-0.02275953912711,74.7141837177342,48,22,30,4767,1,64.47233271795018
202402,P046,1,5,1,1.0,73.18922154833032,18972827.32358891,31591471.995046884,14193794.22992052,8768583.961961893,784190.4702228986,3339461.3079322223,1296013.1844503751,1403166.3033950124,335132.1187897033,0.0,15926547.346752103,34387367.260403216,316158374.2060744,-0.0137862830453954,89.58301777386082,55,19,37,5704,1,39.7849385282607
202403,P046,1,5,1,1.0,83.71954831165871,32839771.508365728,17248939.773740042,23923402.88790038,7409134.947113721,721982.7710898211,3273152.4026949746,1248316.2445192342,1381371.303692838,359023.89894492674,0.0,14392981.568055516,49978198.99502888,297614763.86976665,0.0456752379226813,79.69660881034389,15,25,27,4189,0,35.76449787283118
202404,P046,1,5,1,1.0,87.63782347873256,12219493.666779384,31532873.254461147,26396995.42891187,5678266.885224823,696296.732532053,3839914.119683568,1113340.0832152567,1371640.6941190274,349795.528758349,0.0,13049254.043533076,30664819.407347143,298256776.4285135,0.0436165749907413,85.08041077183503,23,16,26,4430,0,69.67690474134724
202405,P046,1,5,1,1.0,91.21484984356265,11155278.572123932,10940878.049226273,28658951.06399277,4233388.539595336,615218.1481219629,3244608.256712958,911417.9884922936,1328716.0774927358,338400.20414050395,0.0,10671749.214555793,30879219.930244803,297601850.5083473,0.0457166456149743,95.12382055617418,15,10,59,10052,0,41.06230715996095
202406,P046,1,5,1,1.0,95.61887286619152,13734342.06091061,11156720.6242577,31990763.909581576,3086292.689856752,553978.8730162074,3080578.9259511903,676259.2696976429,1181064.2986380577,334868.91444483085,0.0,8913042.97160468,33456841.366897672,292569528.5383875,0.0618531752825007,87.264677901913,14,11,40,6727,1,16.175060990903376
202407,P046,1,5,1,1.0,96.52839761969288,2836434.780941825,12955766.154046984,15274847.845672777,2095153.855484354,458681.55558564496,2999965.877640144,533138.0668551651,1059283.4625793998,325500.303695085,0.0,7471723.121839793,23337509.99379253,297161236.1503648,0.0471295096371823,89.75375989205632,18,9,45,6874,0,9.48440605316877
202408,P046,1,5,1,1.0,97.51191105499394,3067175.142482166,2696684.597512653,29328972.6961686,1438695.3242395937,441355.1487425884,2781660.046444017,364326.8904304323,854798.4881801764,323084.5587683617,0.0,6203920.456805169,23708000.53876204,300250855.4989032,0.0372224062013002,95.7250380028996,3,3,22,3130,0,60.69582623747356
202409,P046,1,5,1,1.0,97.51191105499394,0.0,3061288.3599305376,9750541.804445315,829984.7121640487,358249.5150178595,2630195.1029392164,273898.11587181163,830584.0151297286,324926.5923022356,0.0,5247838.0534249,20646712.17883152,305498693.55232805,0.0203948075410855,80.35600826267445,9,5,37,5289,2,57.8201328609805
202410,P046,1,5,1,1.0,99.54051935652684,6326397.518290949,0.0,10662870.85962359,549036.7223621751,252634.0035060052,2283802.7191688176,163090.2851580396,694596.7356484702,334499.32716827467,0.0,4277659.793011783,26973109.69712245,303352753.16364133,0.0272759313947452,85.67134098095057,2,3,30,5107,0,34.005466556697264
202411,P046,1,5,1,1.0,100.0,1432931.729784859,14916700.009563856,12490750.05148562,342410.48473737447,220591.7242595708,1948274.745240701,107119.0064143672,564462.6132026829,329630.55001103226,0.0,3512489.123865729,13489341.417343438,305410294.11310047,0.0206782671810298,76.91219534076707,27,6,38,6183,0,72.56291119365576
202404,P047,1,8,5,4.791301593524431,1.8678786952236488,2726332.871507338,0.0,0.0,1043860.6288278176,51299.64868685953,314123.25248916174,92640.25788559612,57743.7432598677,566838.0424847744,-1224.7697680727724,2125280.803866004,2726332.871507338,132761557.13508835,0.0904174368838387,39.93057344324605,1,1,13,1844,0,19.00699703631861
202405,P047,1,8,5,4.841938136834918,1.8678786952236488,0.0,2516058.7949397475,0.0,1550177.2741272482,83902.2456043695,504974.34331427707,195290.3642569512,77214.77865101001,557364.5575506978,5082.402197076975,2974005.9657016303,210274.07656759024,135735563.10079,0.0700417797479922,57.4737582981479,5,8,22,3305,0,28.564144365517343
202406,P047,1,8,5,4.806756302263432,5.05703610512921,4654855.104493644,0.0,0.0,2034189.678970568,122163.9142838521,954871.409929126,334657.3607134048,99003.93492436755,535299.376243045,383.0429143572901,4080568.717978721,4865129.181061234,135670008.9620753,0.0704909075136022,59.83382749146122,6,9,20,2990,0,35.9285345158072
202407,P047,1,8,5,4.797819985152612,7.124320744821026,3017383.346341538,3988340.813936787,2261959.3119156905,2405808.675853841,201728.4484241721,1166385.7289303837,521348.38544872624,128085.08626849829,530581.2739025987,-1669.837855993864,4952267.760972226,3894171.713465984,137931098.8522919,0.054999616343474,47.53275779239164,7,5,18,2575,0,12.367956919826328
202408,P047,1,8,5,4.781459462257464,9.611562943691268,3630348.257368074,2942235.8634600868,0.0,2993369.397259111,256250.15182822803,1577005.7522179803,830048.8995442309,181911.04738034544,527238.9280051197,-7120.086165881254,6358704.090069134,4582284.10737397,141048209.1236258,0.0336435158931711,54.527577214197485,5,9,17,2395,1,50.777058071616125
202409,P047,1,8,5,4.791022835572136,15.420090315534948,8478055.426940583,3498032.0519297505,4093970.796332943,2904558.0961842085,387063.2540205401,2073119.065523302,1083851.08254538,241521.7455371621,534632.6929424858,-4581.862971916982,7220164.073781162,9562307.4823848,140682372.45048144,0.0361499542479271,61.64537661003932,6,7,14,2253,1,39.21621682013605
202410,P047,1,8,5,4.838686158813892,21.650793056314853,9094257.42593268,8227976.112177982,2577588.3355594995,4349113.329348298,398757.3302151939,2876650.641080552,1715038.701666799,248788.14041442776,513587.7596721608,16303.221668377724,10118239.124065807,10428588.796139495,142638626.0887244,0.0227471723223747,40.75166075206093,17,12,19,3168,0,21.700849593903538
202411,P047,1,8,5,4.81915585744446,35.45991908149093,20155631.254585944,9335307.36650834,3456526.0933657247,3543925.352098417,400779.1960525155,3610975.765466548,1794486.8602535415,265820.20762977307,553964.0537000096,6829.886297241993,10176781.321498048,21248912.684217103,134635150.38121918,0.0775809819353723,41.29651236849824,21,6,13,2025,0,37.09136615821941
202412,P047,1,8,5,4.78755663199651,43.5509830240925,11809617.856121654,19231608.55277848,8177530.201227582,3497976.6021598694,596112.309761831,3877581.543093436,1757789.3008774463,338989.5745760784,576105.470185344,-8492.980865470647,10636061.819788532,13826921.987560272,134560853.3091964,0.0780900097191737,49.67093020947456,35,10,10,1415,0,30.8393441434361
202501,P047,1,8,5,4.808865299190808,55.73423584289606,17782526.631265804,10345271.03785061,9562362.119462434,3132943.207046637,569459.4595896611,4541639.354909178,2205124.8009848217,326082.6655762103,540612.3895042357,2062.2538987632424,11317924.131509507,21264177.580975465,129670410.91275217,0.1115956511542427,45.38165462675865,17,10,24,3811,0,43.69062479825563
202502,P047,1,8,5,4.808685340414322,67.5988759399542,17317483.403996184,17156090.829382848,17467665.12214783,2370464.16347309,677353.2125701238,4143393.948949358,2077588.7806716904,371354.63529571047,542761.3202656395,1672.224614567832,10184588.28584018,21425570.15558881,123976867.6841515,0.1506035368316738,49.73701807228893,23,9,24,3630,1,41.65279810107461
202503,P047,1,8,5,4.817766438721433,77.75656288494464,14826035.484757526,16002700.148603236,10066571.185484244,1830573.421759568,632341.7107006835,4651656.904136844,2236558.9866460385,319866.8675816605,559867.7216573653,5587.489487272774,10236453.101969432,20248905.491743103,120546142.6663032,0.1741082901836247,41.79462291842083,20,4,51,8427,0,47.49401423811146
202504,P047,1,8,5,4.786464431217077,84.18618216092183,9384593.564987872,14372087.905184356,15815733.383535558,1266949.6021207902,526636.0964581467,5190212.61459613,1517522.3034580506,303951.825909529,536351.6293543238,-7905.492740834652,9333718.579156136,15261411.151546612,121172073.11715132,0.1698198844425292,61.2819866600552,17,2,29,4639,0,39.890002604113626
202505,P047,1,8,5,4.67732410636634,89.483423818313,7731789.058782724,8582287.235008728,15797808.52202931,931084.7616980964,552526.9524953486,5059349.315117828,1191918.2867876687,253563.67945761167,559439.7845505197,-50909.4950066551,8496973.28510042,14410912.975320607,122481371.3046543,0.1608495557798388,44.18036223010872,13,3,36,5121,0,57.57374659769762
202506,P047,1,8,5,4.673217482062521,96.60987983640108,10401687.94105684,7919650.928032869,14774333.199169412,529211.586923671,383917.6092143672,5125472.204648159,858570.5673795441,247755.8899113513,551140.9550730851,-49603.849060059525,7646464.964090119,16892949.988344565,120458152.72997952,0.1747111311982739,38.9993112397752,9,6,26,4103,0,8.544722611603868
202507,P047,1,8,5,4.703979543807551,97.36777369748673,1106212.599284456,10129152.535826411,7195649.676555059,337255.5506114985,327304.6556403426,4016313.116337354,545411.7002652986,209014.85916242065,532448.2094403274,-29264.20515940972,5938483.886297831,7870010.051802635,125368272.19866644,0.1410706772301844,54.71845110869946,21,4,29,4093,0,57.78654690700194
202508,P047,1,8,5,4.672650816294,99.13391415676736,2577836.9881023485,997001.2165861048,7348297.175902713,194039.13462549628,271717.4754120619,3339628.0195089765,307710.7894132429,174269.65206783716,543653.2824217456,-31131.389814276783,4799886.963635083,9450845.823318869,127771733.8868342,0.1246039613385454,43.21005396456843,3,2,22,3277,0,39.2955760067638
202509,P047,1,8,5,4.683769765758923,100.0,1264128.291623112,6162191.063824017,9321893.405420398,87019.1986522029,183801.8950919804,3363252.487715646,185875.1368808222,134013.8210713664,532026.080439556,-27839.77310421941,4458148.846747355,4552783.051117957,131054715.72206734,0.1021114334050511,47.45524379812364,11,1,53,8786,0,33.40492455304991
202306,P048,1,3,1,1.0,0.1006778595647843,150299.97181901944,0.0,0.0,1523185.733194783,543957.4860677001,275002.88993452856,79346.98968723053,36481.445846269104,107554.54817308424,0.0,2565529.092903596,150299.97181901944,124615051.53136562,0.165270857612657,26.91618252989272,6,6,13,2223,0,7.804354282849983
202307,P048,1,3,1,1.0,0.1006778595647843,0.0,133896.2669490889,0.0,2539688.391387124,1229444.042566273,585008.9856673704,192283.98710290843,50169.47899969105,113296.81769728704,0.0,4709891.703420653,16403.704869930545,129324943.23478629,0.1337218287110879,44.13338638499526,0,6,19,3270,0,61.87342346241157
202308,P048,1,3,1,1.0,3.440077511190386,4985323.244866965,0.0,124901.67506005923,3453574.645538919,2089649.9801586987,992008.3830491756,426437.1988015095,69894.18769567723,118162.12640492704,0.0,7149726.521648907,5001726.949736896,132195867.21466504,0.1144910545619454,35.090027951614566,1,12,8,1214,0,22.984772291417563
202309,P048,1,3,1,1.0,7.325493601872973,5800460.314305536,4593119.762373434,0.0,4753713.548561365,3194399.526643258,1424304.0537769196,672419.4889369131,103336.82691317797,113840.02651936414,0.0,10262013.471350998,6209067.501668997,137496784.28242105,0.0789830649294034,41.36589233183798,11,15,9,1384,0,35.96625107792455
202310,P048,1,3,1,1.0,21.05734501245132,20500007.538448,5232541.367131393,4191468.332572936,5341048.544816609,4781804.066886167,2183266.165820448,1259860.407671515,140605.61548521614,108695.9010079233,0.0,13815280.701687876,21476533.67298561,133927819.15475948,0.1028896409297627,29.45447140751424,5,9,25,4033,0,43.7678711904447
202311,P048,1,3,1,1.0,39.84301546918677,28044753.359420232,19606801.904617704,5203633.950300642,5180306.950905521,5209578.957690943,2793484.2264266494,1491922.544875491,137135.42498050904,110964.82177593112,0.0,14923392.926655045,29914485.12778813,125445875.7144992,0.1597056136927666,34.495315108860474,35,14,20,2826,0,33.439808066860735
202312,P048,1,3,1,1.0,60.10213143227586,30244430.81620316,24037378.08248985,20248178.78489888,4107571.452295336,6730405.469950063,2926018.8538206182,1786306.4446001835,181312.1070340898,110037.90400833922,0.0,15841652.231708627,36121537.86150144,116534510.49221724,0.2193980517898092,32.71490394228884,36,11,38,6095,0,29.527845466431323
202401,P048,1,3,1,1.0,78.88831174356675,28045514.51113369,28693579.277114235,22490454.029009745,2446319.868348054,5869452.631450359,4334557.094390008,1711105.394385598,139844.5044830907,109742.48947163888,0.0,14611021.98252875,35473473.0955209,108644803.1015706,0.2722469540929464,25.92102937469353,25,7,29,4952,0,62.076572112455096
202402,P048,1,3,1,1.0,92.97785652250464,21034000.84558316,23728759.916743323,27347065.33604283,2071368.8177835024,6067486.838094694,3075190.5206829337,1080145.786380843,172512.39145178293,114820.49415069776,0.0,12581524.848544454,32778714.02436073,104692950.45680754,0.298718287438854,39.10017383041973,37,5,8,1275,0,33.52430238042664
202403,P048,1,3,1,1.0,94.42310639949277,2157584.7631422672,20508523.728067808,23032720.05265425,1040214.4891260132,4262970.433035009,3970381.29047085,834074.5433040619,134968.17376331394,117826.1840496483,0.0,10360435.1137489,14427775.059435189,113358942.51545957,0.2406694720657496,32.972540662165244,27,4,26,4228,0,43.67777089278361
202404,P048,1,3,1,1.0,100.0,8325633.407557088,1803720.25532235,20984370.97945797,531611.0890198315,3784602.927569856,2978133.8638932053,420210.8884741615,102593.2610314738,107652.12510925278,0.0,7924804.155097781,20949688.211669937,114745272.74929558,0.2313831921747181,33.415504803698354,4,2,29,5008,0,41.254208255568734
202405,P048,1,3,1,1.0,100.0,0.0,14726594.536732595,1862723.4765456,202659.77292170151,2292422.1347917654,2032450.5338242017,187220.2956355805,69903.2062658693,106499.65359321654,0.0,4891155.597032335,6223093.674937338,119636428.34632792,0.1986199740351644,37.98581741586488,12,3,32,5112,0,67.34329299439493
202401,P049,1,7,7,1.0,2.9180988323464296,6755573.856966976,6670691.463435004,0.0,1212679.0390583077,101763.53749796492,462022.11798753776,51912.26861713592,1280138.9614988642,465183.0643147671,0.0,3573698.9889745777,84882.39353197254,217686807.58902475,0.059692584979076,78.11218180090634,9,4,22,3493,0,17.629979865820808
202402,P049,1,7,7,1.0,2.9180988323464296,0.0,0.0,0.0,1627979.366698399,158269.42827469954,690418.2560059289,77874.05572954784,1811569.6588905745,474016.4633905244,0.0,4840127.228989675,84882.39353197254,222526934.81801444,0.0387854497536102,82.143307544124,2,3,14,1980,1,36.82958576748257
202403,P049,1,7,7,1.0,2.9180988323464296,0.0,0.0,7128994.103219489,2018123.913596564,248852.189798046,910642.8562295748,146506.0349232975,2140176.6800894216,475188.0553739116,0.0,5939489.730010816,84882.39353197254,228466424.54802525,0.0131295714924263,75.8591895801142,1,6,8,1351,0,38.55418929555604
202404,P049,1,7,7,1.0,5.227005290471687,5345256.964497989,5154675.636992983,0.0,2415351.28441101,402270.0926960088,1631924.5064914862,262273.8928706573,2961958.2868489325,467520.9442029528,0.0,8141299.007521047,275463.7210369799,231840307.3614142,-0.0014440586782667,90.7348297880882,9,9,14,2066,0,53.70360253777473
202405,P049,1,7,7,1.0,5.54689496332428,740563.7832009334,763279.6580998831,0.0,3578241.850520777,537323.469673522,1983165.0105765967,403365.7927501954,3396964.4530606577,462083.2695658167,0.0,10361143.846147569,252747.8461380303,241539696.5347832,-0.0433409823453689,84.66989389265147,4,8,19,2891,0,20.063553915593143
202406,P049,1,7,7,1.0,11.59586502920332,14003728.587139556,13778495.41124248,5320382.787757292,3693013.7743711714,602695.357006056,2867315.995370388,585356.9030327225,4459885.554572224,450545.7999610077,0.0,12658813.38431357,477981.0220351033,241627833.7875549,-0.0437216949537201,85.26753037936639,21,7,24,3854,0,40.769490213541225
202407,P049,1,7,7,1.0,18.347611546719737,15630698.23304284,15519673.736080084,811261.5713251849,3706071.664206813,731707.2923917457,3686246.781743221,753553.8714604969,4829274.305055712,462288.6404295684,0.0,14169142.555287557,589005.5189978555,241637518.60980624,-0.0437635289549484,72.29253913346102,21,9,22,3667,0,67.88085343281443
202408,P049,1,7,7,1.0,29.782736561560903,26473000.41557985,25810929.833650485,14114256.56388977,3576980.370147549,1027072.1142280996,4497135.974209975,1007156.9494265192,5678847.046870282,463217.3804269854,0.0,16250409.83530941,1251076.1009272337,233597959.8926183,-0.0090363134704898,80.16039570869481,23,12,10,1502,0,21.250483374744
202409,P049,1,7,7,1.0,44.1271800377839,33208247.18701928,33017099.57770132,14237313.693501716,3403630.3073174823,1016319.3020285552,5010626.02456751,1027840.1556322704,6740770.571739725,445674.9836145432,0.0,17644861.344900083,1442223.710245192,220224033.9053905,0.0487329280972998,82.9242999582427,46,9,26,4007,0,41.9791917614531
202410,P049,1,7,7,1.0,58.67805639316836,33686151.68642249,33087325.454418022,27077960.20316523,2768947.3214720306,1307800.8613424709,5999068.369688536,1156370.1891713364,6853582.672374923,444636.5360299144,0.0,18530405.95007921,2041049.942249656,206665073.5981148,0.1073014332727533,77.1010937383205,28,13,18,2575,0,35.25856953605321
202411,P049,1,7,7,1.0,72.55549571406559,32127104.55132694,33429211.332606267,34659386.820647694,2884523.0670981663,1050280.266390887,7238093.521291794,1033879.0346926752,6267287.395652604,466904.3301604799,0.0,18940967.615286607,738943.1609703302,194416146.4307893,0.1602111946361154,76.21252220104903,44,8,21,3420,0,34.67407199417255
202412,P049,1,7,7,1.0,83.32041587954757,24921435.982958227,24110848.59322447,33334937.25703664,2120575.5939968647,1012331.0699743392,6817455.840912382,924221.765919079,6521935.020873229,442441.0300716657,0.0,17838960.321747556,1549530.5507040918,187584646.4245824,0.1897201491873682,74.73016402910436,40,7,25,3886,0,35.696667099800734
202501,P049,1,7,7,1.0,91.29995113660382,18473102.821527675,16900533.797337905,34369163.8874518,1519987.045306428,938114.7069100027,7152721.417323776,687938.2462489614,5818468.900169913,451524.89457812224,0.0,16568755.210537205,3122099.574893832,185641505.84767103,0.1981136274745194,68.30218525040485,24,4,24,3555,0,16.575955493375623
202502,P049,1,7,7,1.0,93.21027849241165,4422522.431417102,4084606.235842264,23931098.43508409,976989.0870833078,949045.3935879046,7238663.442250745,545321.4421219296,6755003.6452889815,470138.3280731387,0.0,16935161.338406008,3460015.770468682,198144857.58922684,0.1441048683521202,71.05518608560313,4,6,37,5414,0,64.10633042646413
202503,P049,1,7,7,1.0,98.75554180934418,12837617.245384704,11876254.366044523,15690771.330524296,745069.3281393386,903720.1193968436,5959931.00510449,419655.1910072367,5229911.737406393,470403.8645448809,0.0,13728691.245599182,4421378.649808854,199008972.9754437,0.1403722852245871,80.37793170362492,20,4,44,6304,0,38.93113136458257
202504,P049,1,7,7,1.0,98.75554180934418,0.0,0.0,4224035.769905494,345022.20383343846,577634.5516426187,5980355.337941867,282743.21420384606,3976819.713135618,432515.955145063,0.0,11595090.975902451,4421378.649808854,210604063.9513461,0.0902867970719602,75.08519503108263,3,2,33,5474,0,57.12249600399518
202505,P049,1,7,7,1.0,98.75554180934418,0.0,0.0,11093730.883895695,194296.4604865328,421464.0005343111,4935805.747901175,178330.623534084,3689055.6480847513,470364.30526315776,0.0,9889316.785804013,4421378.649808854,220493380.7371501,0.0475694730128093,62.92061985038592,2,1,26,4363,0,50.40688728704004
202506,P049,1,7,7,1.0,100.0,2880995.367837768,6529134.422306321,0.0,101584.5418971398,353116.4649261336,3968065.5888763247,94350.56148859112,2519250.949308324,446641.2491076367,0.0,7483009.355604149,773239.5953402817,225089344.72042063,0.027717011301867,73.05340219385606,10,4,50,8520,1,31.15974536178542
202408,P050,1,1,4,4.166073754477854,2.2101355018126863,4366540.45150456,0.0,0.0,1248878.7827514892,683789.5482540075,262071.9977197831,141363.74020219524,36295.47528294632,515759.9412449329,347.48854096896275,2888506.973996323,4366540.45150456,175234589.9688009,0.1130456874567863,58.72239678514723,1,4,13,2271,1,24.18328541198897
202409,P050,1,1,4,4.153626723895087,3.017800911885209,1595695.6853867976,0.0,0.0,1860593.1884177453,1186372.0382161068,440351.256099463,362715.3562473208,55685.5471326995,525668.4071981809,-815.7127766711943,4430570.080534845,5962236.136891358,178315580.3884377,0.0974511764639069,68.33746489638622,3,6,15,2199,0,26.35603934438356
202410,P050,1,1,4,4.166679437075177,3.88101639684952,1705445.3586082624,4518728.668088134,0.0,2933552.295774422,2067341.787065631,642978.5380128511,707953.3743602745,77933.61006775429,565971.8254023787,924.2539576833202,6996655.684640995,3148952.827411486,183868474.21208432,0.0693450638245311,82.3721049862877,11,7,19,3164,0,59.2726208672796
202411,P050,1,1,4,4.17683737155737,7.873177482108066,7887268.836415976,1488503.9779971784,0.0,3521905.597860017,2908974.805245471,1110205.3871714857,1103354.651675566,99196.41294730589,562177.9446619931,3406.5559383151985,9309221.355500154,9547717.685830284,186482371.590244,0.0561147560838227,60.81911012816557,7,8,14,1996,0,44.52968051871282
202412,P050,1,1,4,4.143868706866698,12.355585659178493,8855844.634539362,1710522.0253656444,4528613.580646487,4214916.920569467,4092648.3600284783,1494768.622042058,1943618.1452462843,141836.1817471397,536922.0219962222,-4640.448061842566,12420069.803567808,16693040.295004005,191349096.2420677,0.0314817060754651,73.83279429328748,2,13,10,1605,0,34.19054810102351
202501,P050,1,1,4,4.135815266866141,21.513937838326747,18094055.874210853,7798403.180614521,1589070.948084958,4644778.401114939,5297535.874875564,2103851.171995547,2754588.7960443213,172334.66390271555,538405.1241779078,-8037.004120852217,15503457.027990142,26988692.98860034,191301935.0578366,0.0317204136031624,73.4284446606496,14,10,19,3046,0,72.08042648503027
202502,P050,1,1,4,4.162300733686997,34.44001646987061,25537911.669973534,8157934.001641917,1512436.726711929,4576188.5578174265,6962531.78701012,2508745.818593692,3142865.406876319,179885.2755349226,567253.2307112556,374.12112519054665,17937844.19766893,44368670.65693196,187022492.58942908,0.0533809199752799,83.72628455488262,14,15,10,1450,0,24.7471589525254
202503,P050,1,1,4,4.168879877262123,51.0214306750943,32759718.04030951,17755239.35623847,7244329.739572059,4091172.207123077,7978558.305552334,3182153.3737660586,3582965.681648443,194270.85904272416,559746.4723858668,2631.1327453295257,19591498.03226384,59373149.34100299,177652569.76857197,0.1008070214980212,62.56033382490725,27,11,33,5256,0,54.51024404864245
202504,P050,1,1,4,4.166697476870658,66.69178103921705,30959739.20968686,22125085.487690546,7887486.1105934335,3059977.025584871,7739995.012876381,3755319.338591575,3889283.284888208,208059.0172538813,525912.0366225472,1766.995326977681,19180312.71114444,68207803.06299931,168986183.1534969,0.1446721567077773,89.82658335417301,27,12,15,2495,0,38.9206135664441
202505,P050,1,1,4,4.197326255399155,79.80121265430033,25900160.14698876,34307248.9088216,17436358.198064942,2546038.3413185216,8109010.159432396,3957461.385375743,3158576.803270752,196845.5571475817,542009.7785158966,11039.992610812276,18520982.0176717,59800714.30116648,163855538.06155282,0.1706410467039743,86.08415001991038,46,9,54,8748,0,24.47464609851172
202506,P050,1,1,4,4.236644323514452,85.45324467804211,11166657.630098237,29240241.06797352,22532563.52845102,1640212.0226465154,6753068.546785073,4085192.528442101,2558159.735027982,197209.9217354426,555143.8182260151,20290.02425394051,15809276.59711707,41727130.86329117,169292803.99588835,0.1431201875530393,75.86145803546977,44,6,31,5257,0,35.47834751803518
202507,P050,1,1,4,4.195760568410875,92.26061344217509,13449243.74660104,25678284.82632616,37629299.51508812,1025952.5118327938,5916405.1845194725,3787348.498071177,2075729.72017662,172684.67224728907,574928.0617971878,7816.917841667125,13560865.566486208,29498089.783566058,170356947.15484205,0.1377340000191433,69.85868368473508,21,5,27,4352,0,50.71422061467777
202508,P050,1,1,4,4.149835019046003,95.36158882319084,6126563.022592727,11485279.752795208,27033528.5717858,588702.323194764,4656742.828436677,3191601.189771237,1191940.0622489196,147931.1022431119,554711.8770506684,-2013.2551400565096,10329616.12780532,24139373.05336356,174993904.36084417,0.1142639237535261,85.94737034484307,8,4,33,4886,0,27.70989187165578
202509,P050,1,1,4,4.152680892703035,95.36158882319084,0.0,12676971.186984709,27665879.63708776,295410.8690448241,3529135.411745991,3015896.517555269,715343.8971872999,127058.32143929656,545763.0099294607,-1320.9694020262496,8227287.057500115,11462401.866378844,183221191.4183443,0.0726213020686184,66.65738388765863,15,0,30,4966,1,53.25770880870435
202510,P050,1,1,4,4.127826466294475,100.0,9164058.048765143,9788338.8562506,11349037.644161,144945.92387678553,2497050.6667394345,2417134.5864806063,366624.0500074383,105082.17574879844,576153.0613116369,-4012.346385278177,6102978.117779423,10838121.058893384,180809141.3516673,0.0848299545332385,86.79054619415685,12,2,45,7471,0,55.64343980971366
202207,P051,1,3,6,1.0,0.0,0.0,0.0,0.0,1828834.3757171105,197541.3711347716,331859.7349159844,297619.8953554734,1142232.204344228,558786.7277508278,0.0,4356874.309218396,0.0,234828070.73854,0.1117822043273989,64.03194631304743,1,4,20,2963,0,22.39136581488189
202208,P051,1,3,6,1.0,3.4399675743502183,9094626.93523373,8683671.870154962,0.0,3612897.6321138446,307098.8371438619,507323.318401584,562094.8856298954,1518839.0148657283,545668.9763931449,0.0,7053922.664548059,410955.0650787689,234065790.99227345,0.1146654645517211,64.01080458905251,11,7,17,2638,0,43.33437844833422
202209,P051,1,3,6,1.0,6.008635362944379,6791074.262445176,6287182.681330869,0.0,4294829.225699496,390826.1933590492,928980.1318838792,1181769.0650449656,1910427.4100109087,560515.6577407073,0.0,9267347.683739008,914846.646193076,237491479.36429587,0.1017080810290039,62.82698394738351,12,13,18,2552,0,38.22479754884412
202210,P051,1,3,6,1.0,9.55629245534092,9379337.755989484,9185320.65508621,9163402.783853788,5669855.015547933,769856.3801498814,1704597.693937132,1954331.3981828536,2765231.1193147567,549695.0465104613,0.0,13413566.653643018,1108863.7470963486,242829659.1510276,0.0815168565805688,63.71606303721382,15,7,13,1893,1,41.84434310194662
202211,P051,1,3,6,1.0,15.062138525909177,14556420.923269704,14123645.657075038,6329197.457114213,6466357.924868625,1228799.906438485,2227321.9043564494,3308374.3134001573,3924021.146937421,558295.5932997217,0.0,17713170.78930086,1541639.0132910088,247993300.074948,0.0619858109748838,55.86139906788133,10,11,8,1125,0,10.73329071669564
202212,P051,1,3,6,1.0,21.544375258599057,17137814.097221177,16718557.267409423,9908098.745563796,7874664.872199538,1194349.6253296998,2671077.7266334784,4513729.875496615,4321041.687041384,556226.1799947041,0.0,21131089.966695417,1960895.843102768,254323176.71734813,0.0380435750211078,71.58609851745463,21,15,14,2450,0,37.35986085966419
202301,P051,1,3,6,1.0,32.52226505006525,29023474.794920065,27387311.668537755,13065905.31398828,6379526.237411266,1710491.1632066623,3678752.373776439,4975713.18955099,4335320.50417576,537095.9002772752,0.0,21616899.368398394,3597058.9694850743,250809124.1547499,0.0513351888014036,77.73669050187328,30,14,16,2278,0,0.6543169249472685
202302,P051,1,3,6,1.0,50.77468169268917,48255954.87261876,44617669.924148224,16553947.554093027,5759166.46151635,1784688.1755816075,3619806.697848749,6537708.018581374,4391067.609627211,537292.837476546,0.0,22629729.80063184,7235343.917955607,231475026.0324286,0.1244648191795643,64.27667000876866,84,16,28,4125,0,19.56815936577042
202303,P051,1,3,6,1.0,64.7898736267832,37053530.10205592,36786172.95759983,27054350.364074573,4921260.026587031,2064022.4529390484,4915375.654029141,4638114.923393877,6067278.460333096,535488.5229764779,0.0,23141540.040258672,7502701.062411725,222242076.90915984,0.1593876871826745,52.52115837042675,68,11,26,4138,0,38.97328232151403
202304,P051,1,3,6,1.0,77.56186787782042,33766749.37236131,33229805.36701706,43133781.92544159,4207681.1721454095,1971946.9562476045,5093114.234065109,6061203.090964277,5732389.964935414,548002.2695433808,0.0,23614337.687901195,8039645.067755967,216238369.35172755,0.1820962154934266,51.98830635884372,54,6,14,2109,0,27.65225761786317
202305,P051,1,3,6,1.0,84.3605784279168,17974511.316561975,17057725.024971157,35029352.86653599,2678384.22857598,1318758.4894212417,5204064.533328991,3627305.040703047,5163593.152085352,533334.7561419001,0.0,18525440.20025651,8956431.359346777,218929893.4469696,0.1719157477522539,50.71068433475146,20,11,40,6388,0,49.16800221508614
202306,P051,1,3,6,1.0,89.67275301033037,14044389.953590823,13349963.870395916,34407527.22861209,1785853.062176871,1373815.2558415874,4624737.653358321,3273654.0742481747,4783631.590784365,550227.9697800153,0.0,16391919.606189337,9650857.442541689,222935573.5229464,0.1567645934798365,53.87813943404151,19,6,36,5158,1,24.86791931529036
202307,P051,1,3,6,1.0,97.60867518835678,20981084.860903367,19134594.686052408,17354905.734027706,996433.0314779924,1315600.8347190574,4602300.409729515,2406839.624929813,3361523.295874075,567263.416690024,0.0,13249960.613420475,11497347.61739266,217681580.34772816,0.1766373890186932,68.14377281628049,21,3,20,3072,0,30.80318792805192
202308,P051,1,3,6,1.0,97.60867518835678,0.0,0.0,12917919.525302092,420513.7049488133,891173.4399108524,4434207.169411971,1170857.6394336626,2721226.6468655337,563642.1553952347,0.0,10201620.755966064,11497347.61739266,227883201.10369423,0.1380506005157082,49.36844504188485,0,3,40,6390,0,40.60591384642744
202309,P051,1,3,6,1.0,100.0,6322212.803698059,14195561.424462298,18589019.26865322,210129.70996652087,669578.5309671406,3185257.664284828,673881.9573106662,2777716.2874723035,522840.70881199336,0.0,8039404.858813453,3623998.9966284335,230346824.9989808,0.1287321464707737,48.79548583980365,26,4,33,5215,0,46.65443327413624
202303,P052,1,3,4,1.0,1.523773677071048,1653287.371936323,0.0,0.0,344347.8746457105,101977.83886376742,75209.91320794825,13501.199845703186,53157.90235838099,334108.2160049004,0.0,922302.9449264108,1653287.371936323,98626303.33494753,0.0909979266786183,88.78598733422882,4,5,8,1377,0,43.02639496744908
202304,P052,1,3,4,1.0,2.77945185252626,1362404.9961845786,1538201.5252741857,0.0,406110.2793415285,151010.49990442066,93652.69743523504,21468.16387192121,67291.90538387412,366558.5031353504,0.0,1106092.04907233,1477490.8428467156,98501722.54975268,0.0921461415889302,78.32831397881549,3,3,16,2771,1,17.864600351935575
202305,P052,1,3,4,1.0,3.63469369043566,927933.4272823876,1381053.4154826105,0.0,506113.3618839994,181896.6668566353,100915.58215801913,26334.71248838208,77581.0037582518,347289.4910451556,0.0,1240130.818190443,1024370.8546464927,98903418.48316967,0.088443859094566,97.5314580733779,2,2,14,2385,0,53.67705300070623
202306,P052,1,3,4,1.0,4.679281237090146,1133372.6430327902,862104.3499379947,0.0,625319.2506263648,228905.85586323155,125977.92183173628,31186.99675304052,79399.09867354941,357698.79399077507,0.0,1448487.9177386975,1295639.147741288,99327600.3478723,0.0845343321079311,87.5595588885033,2,4,9,1525,0,23.48088327392145
202307,P052,1,3,4,1.0,6.246183783807925,1700081.9954593417,1067072.8929472086,0.0,767391.9460314636,241042.1985279154,172870.27154083183,38833.12543609864,106172.42866505244,357361.9751287279,0.0,1683671.9453300897,1928648.2502534203,99474284.2936283,0.0831824005612083,82.21775714765971,3,6,8,1326,0,80.81910634303533
202308,P052,1,3,4,1.0,6.246183783807925,0.0,1514506.3463662895,1589192.1947529975,830994.8461941353,309357.9072613943,180757.46018406053,59189.05158337441,102993.4097333367,341411.5755037926,0.0,1824704.2504600936,414141.9038871303,101298988.5440884,0.066364777971892,94.94180977314116,4,3,16,2274,0,33.351687310439246
202309,P052,1,3,4,1.0,11.897500511140075,6131652.436777924,0.0,1451231.9123627385,846746.6851883217,375430.15443672833,240434.71990896776,77280.25777461728,140881.37202350234,346199.96045217785,0.0,2026973.149784316,6545794.340665054,97777471.90113412,0.0988212913100222,92.21191540017284,2,1,21,3070,1,51.97645348085874
202310,P052,1,3,4,1.0,11.897500511140075,0.0,5668636.855985405,938849.5470927076,1105760.3113742697,471071.273471246,283222.0089280484,109692.75911170624,129591.0692481008,350925.27462076023,0.0,2450262.6967541315,877157.4846796487,100227734.59788825,0.076238128439491,84.45371386424577,9,6,11,1784,0,21.284308508751305
202311,P052,1,3,4,1.0,11.897500511140075,0.0,0.0,1037661.2133032518,1016390.357725912,438487.3865370328,348194.07785801124,127818.19549413525,167552.8613950759,325643.96738918166,0.0,2424086.8463993487,877157.4846796487,102651821.4442876,0.0538962186772977,90.5934502112885,0,4,23,3332,0,47.23080199650971
202312,P052,1,3,4,1.0,15.505313201764038,3914460.0352891446,0.0,1508558.5338770133,1194280.9487789124,591292.1197023203,350142.1603941012,137288.3201970345,188133.2685758876,331755.02841574536,0.0,2792891.8460640013,4791617.519968795,101898397.54581684,0.0608402474266456,99.06490545864924,1,5,15,2113,0,31.178950409284564
202401,P052,1,3,4,1.0,18.18032834224801,2902379.0199615182,3636374.929749236,0.0,1192330.2996044382,645515.0439673021,426905.3240123741,147086.37051768595,196695.5929068624,348595.2022268433,0.0,2957127.833235506,4057621.610181077,102224020.27503666,0.0578391034521407,91.1424278767322,8,4,20,3145,2,25.188763903828967
202402,P052,1,3,4,1.0,21.32998019967816,3417357.656351111,2798947.2915309104,5379862.038770356,1438266.267048993,853746.3064384316,546560.2100321738,206800.12187048327,208990.21221155595,344411.0793663197,0.0,3598774.196967957,4676031.975001279,102722094.76184829,0.053248535562329,99.08342651580634,5,5,12,1884,2,36.858496287839145
202403,P052,1,3,4,1.0,24.09865551786565,3003999.8783479114,3346976.960624491,0.0,1389903.7586480544,831045.0893136036,624268.0858671899,219173.23433464297,239289.78678412567,338563.24423019093,0.0,3642243.199177808,4333054.8927247,103636658.9492985,0.044819336510283,87.20177322636277,11,8,16,2596,0,38.63984608404324
202404,P052,1,3,4,1.0,27.151883307142043,3312737.989645916,2898250.366916415,0.0,1259104.4334032745,962436.830106818,629092.721490419,259125.4673837885,252779.9912162414,335114.937008031,0.0,3697654.380608572,4747542.515454203,104324088.0398722,0.0384835574385401,90.01362576953069,8,5,13,2095,0,30.819586793540605
202405,P052,1,3,4,1.0,32.14384977702282,5416260.465692915,3023809.17993874,3700535.636407711,1423271.556936289,1097100.6957303947,699123.2083675556,270437.9120358552,237715.25075506585,333813.1113336564,0.0,4061461.735158817,7139993.801208377,103458904.62136751,0.0464576322505418,98.33079862722153,4,8,14,2380,0,44.58967976273191
202406,P052,1,3,4,1.0,35.643694860530104,3797315.68235131,5236790.654917287,2934838.1277366,1136136.7586880336,1147591.0402321827,715269.127292347,297486.90792571753,273148.0610086381,360746.7649715924,0.0,3930378.660118512,5700518.828642398,103931544.2838723,0.0421014877067105,92.55623525092356,7,9,19,3312,0,47.06116006397092
202407,P052,1,3,4,1.0,42.28710031295725,7208064.101922787,3399424.2821501736,3239955.2277865536,1206382.6624195145,1184371.2630111931,747370.6805106666,275181.0769797472,258649.4194183371,344445.54717582616,0.0,4016400.6495152847,9509158.648415014,101376097.83124109,0.0656540902595474,87.4324578314113,2,2,29,4097,1,39.45497383447957
202408,P052,1,3,4,1.0,49.55039483453911,7880640.866737893,6618431.626389222,3060837.79314874,1063416.7884978135,1246344.2974802176,875604.9605995333,310245.0222980317,315624.5968812443,358364.3564064217,0.0,4169600.022163262,10771367.888763689,98348096.2994898,0.0935620577825168,95.63102949876968,12,3,25,3700,0,17.05822404930049
202409,P052,1,3,4,1.0,53.66572268739598,4465111.632315485,7462397.471110248,2976957.844767861,1030968.5931982056,1275466.7378951493,945952.8278538872,314590.9159269314,279049.6776171773,345780.6122880222,0.0,4191809.3647793727,7774082.049968928,98455984.38134584,0.0925676933302594,94.82202012396851,8,7,30,4430,0,40.84074844653994
202410,P052,1,3,4,1.0,57.161152463704056,3792525.094519598,4314525.615233321,5419250.526511655,888468.3304294762,1186481.3025971393,984905.7421446628,279759.8539948324,290787.1494790876,324312.16928080545,0.0,3954714.547926004,7252081.529255211,98938641.5738726,0.0881192209260947,110.33882770155635,4,4,17,2645,0,37.85319959092362
202411,P052,1,3,4,1.0,61.75075244900165,4979694.696207733,3633537.825003993,3383027.527988777,877203.6605147528,1247126.669747607,1022699.0172256224,303969.1366102256,261728.28562340248,353383.650904344,0.0,4066110.420625955,8598238.400458947,98441233.01652835,0.092703651190891,101.5711341846465,8,4,25,3787,0,20.59004437862131
202412,P052,1,3,4,1.0,65.07231317441519,3603877.980751989,4373997.456376836,6550233.144432044,822778.0164236216,1173828.210168458,949177.3563952128,277427.9145461206,274744.6762330976,345857.4375296675,0.0,3843813.611296178,7828118.924834102,98979098.19362731,0.0877463472606211,88.05304042172486,6,4,30,4468,0,44.32451312759051
202501,P052,1,3,4,1.0,70.52789831954662,5919284.577947621,3114138.118476936,7759184.659759233,622249.6175515031,1337985.629812117,1095067.3633308024,265017.099619566,287866.19343559566,356624.241658159,0.0,3964810.1454077433,10633265.384304784,97508020.10699308,0.1013047286006054,97.59983415136416,5,6,38,6158,0,22.766731436543708
202502,P052,1,3,4,1.0,75.92970977561853,5860940.3747353535,5765683.856760201,4273140.329035545,585602.146122467,1246668.5033354892,992078.1275154502,212184.8628004183,299123.45296848525,341297.74103194097,0.0,3676954.833774251,10728521.902279943,95795383.61697476,0.1170894641897053,95.96684381277431,7,6,32,4681,0,59.10626490407192
202503,P052,1,3,4,1.0,82.27772408505464,6887566.0818837285,5588286.814506215,3795080.285180093,510720.369943104,1140631.377664823,1025823.008176822,214392.2105372802,286666.8435435325,329030.61159872724,0.0,3507264.4214642886,12027801.169657454,92954720.26338395,0.1432708051779479,93.76659890912012,8,5,32,5386,0,38.83732727924114
202504,P052,1,3,4,1.0,82.27772408505464,0.0,6523192.265865222,4787585.836893905,358290.491114946,1046962.6063329148,1065154.2390130118,161047.83500957774,218777.0749413404,342743.83191954624,0.0,3192976.078331337,5504608.903792232,96147696.34171528,0.1138423284214809,78.59190369800729,14,5,33,5134,0,19.27035960591238
202505,P052,1,3,4,1.0,87.05821576545483,5186811.299985302,0.0,3133697.281101125,330176.447544152,955146.3784617452,908252.4926433036,164716.09072757757,236925.46250568065,355401.0898294367,0.0,2950617.961711895,10691420.203777537,94308726.326416,0.1307914332764591,98.55452883786654,4,2,31,5343,0,44.4360221623862
202506,P052,1,3,4,1.0,87.90637355261981,920247.2650824898,4890728.430353286,6327803.22055716,273778.0071040283,1070905.7520173234,1034452.8737581983,131072.90706978142,261413.7026852285,341291.6597017724,0.0,3112914.9023363325,6720939.038506746,96571869.57102324,0.1099328810240774,91.7102291196792,10,4,36,5859,0,44.01477328782304
202507,P052,1,3,4,1.0,89.29281814509667,1504285.952122092,858847.7764619099,5423738.693796514,196157.89981865065,824505.2927278077,1036494.407461776,114488.68494905344,228084.62654369383,353484.62448268454,0.0,2753215.535983666,7366377.214166924,97936002.3944179,0.0973601745267011,91.35386733338048,2,1,26,3848,0,33.98443317665633
202508,P052,1,3,4,1.0,89.29281814509667,0.0,1387724.9723861096,6467882.29688276,160973.20871773927,737023.2371807878,982471.9298763046,85409.457197951,212602.38643761567,336183.43354307703,0.0,2514663.6529534752,5978652.2417808175,100450666.04737136,0.074183451918761,87.7774819760876,3,2,20,2988,0,46.86194164434359
202509,P052,1,3,4,1.0,93.7570198934596,4843638.190765485,0.0,0.0,123887.54811959268,587011.1724345848,997978.6758630913,83023.33916423313,166232.06861546324,357074.17325017403,0.0,2315206.977447139,10822290.432546305,98293176.81480826,0.0940682303120875,96.7557266488865,2,2,13,1907,0,54.43600784105359
202510,P052,1,3,4,1.0,93.7570198934596,0.0,4508822.434773134,4864292.94105704,78654.84969856328,602110.1377579536,774472.0480864985,52016.64426282594,178084.02427616646,346890.8801902824,0.0,2032228.5842722896,6313467.9977731705,100325405.39908056,0.0753379328751773,95.75115505386208,7,1,26,4141,1,57.34569629021794
202511,P052,1,3,4,1.0,94.5335076401178,842485.6035581771,0.0,790605.7923719529,56886.05759678543,492147.1861201339,753766.6933893663,45718.239247878,151837.66948897063,323357.64250495407,0.0,1823713.4883480885,7155953.601331353,101371153.64361522,0.0656996590038969,95.79598620974852,2,2,22,3082,0,32.812788990707425
202512,P052,1,3,4,1.0,94.5335076401178,0.0,797898.6073542634,1367572.6091909278,47370.87495819877,417463.3913179833,656302.8989542833,34281.178557968895,133839.3127246674,355212.95474528905,0.0,1644470.6112583908,6358054.993977085,103015624.2548736,0.0505431830476469,97.44716408687025,2,2,27,4539,1,75.04050031470372
202601,P052,1,3,4,1.0,94.7901479753215,278453.57332683925,0.0,0.0,33562.19258386514,406554.4594401628,559562.2483820935,24694.01719192833,119504.51100026716,337150.0781647952,0.0,1481027.5067631125,6636508.567303926,104239523.0924357,0.0392629612076242,95.65330536641376,2,3,47,7752,0,11.137495149353995
202602,P052,1,3,4,1.0,100.0,5652665.282034682,3240256.22860113,4158001.683846132,23708.75182753489,284910.19071450084,563735.4714040409,19678.934289110715,98083.05388679972,334713.73156704457,0.0,1324830.1336890317,9048917.620737478,100344587.92003414,0.0751611346912373,95.75509820862246,5,1,47,6982,0,23.043283993664875
202301,P053,1,8,1,1.0,2.1114268447697,2906138.748800527,0.0,0.0,690342.2811590094,25390.654626578827,30087.234909557807,80613.22121209626,117378.67845520232,91036.97141137892,0.0,1034849.0417738236,2906138.748800527,113393245.4068298,0.1761524033690504,51.339568049455416,2,5,27,4516,0,33.45582233795963
202302,P053,1,8,1,1.0,2.1114268447697,0.0,2886868.577518277,0.0,890067.0854525265,30465.618711965868,41015.96992688333,104178.9060000712,139386.13438152912,99334.07870642922,0.0,1304447.7931794054,19270.17128224997,114697693.2000092,0.1666750647896161,73.96702736004676,4,3,15,2162,0,58.93945167383697
202303,P053,1,8,1,1.0,2.1114268447697,0.0,0.0,0.0,1032228.795693438,35503.640238796135,49368.583485617295,149695.64202216343,168518.44928172755,94711.6851754994,0.0,1530026.7958972417,19270.17128224997,116227719.99590644,0.1555588039042481,42.35602193536603,4,4,15,2166,1,31.401418098880026
202304,P053,1,8,1,1.0,3.0490706161966314,1290559.9374495435,0.0,0.0,1218552.0049295106,43464.164119188485,58120.75047219964,214155.9353137784,208330.17131872056,94440.25784220477,0.0,1837063.2839956025,1309830.1087317932,117055266.2224245,0.1495463472771194,57.85938840028435,1,5,8,1308,0,52.52623947089937
202305,P053,1,8,1,1.0,3.0490706161966314,0.0,1190381.758981015,2989633.3968759086,1332031.152005535,60414.50539589379,76583.30471641844,252510.9487449489,237235.69696121663,100404.99893781202,0.0,2059180.6067618248,119448.34975077816,119114446.82918632,0.1345855708408926,55.46469691455568,2,5,19,2727,0,34.709856766162105
202306,P053,1,8,1,1.0,3.0490706161966314,0.0,0.0,0.0,1637014.4600437758,65360.00882545937,94270.40411180608,338167.6801139696,261931.4730414757,99917.190011233,0.0,2496661.21614772,119448.34975077816,121611108.04533404,0.116446321583625,45.53735031416662,3,5,15,2271,1,29.62645601485456
202307,P053,1,8,1,1.0,3.0490706161966314,0.0,0.0,0.0,1875344.9949924145,86524.76970599777,101344.5199735248,423250.66962010926,301676.15478678927,99390.6418055118,0.0,2887531.750884348,119448.34975077816,124498639.7962184,0.0954672404696952,60.97284110823363,1,8,12,1976,0,41.13149523028938
202308,P053,1,8,1,1.0,3.0490706161966314,0.0,0.0,1145056.0980921425,1867095.0095428857,102995.90586768932,130037.18567584,566352.7133656491,325556.31676256086,94248.80323013935,0.0,3086285.9344447646,119448.34975077816,127584925.73066317,0.0730441301646162,60.09356548031056,2,7,16,2716,0,24.222368588739112
202309,P053,1,8,1,1.0,6.563411462656964,4837090.20546473,0.0,0.0,1989857.893808689,118430.79661187704,137320.05870593322,747187.1442398158,372061.1836649098,100463.00152439984,0.0,3465320.078555625,4956538.555215508,127255035.20240912,0.0754409177146888,66.07904837161763,2,5,23,3469,0,57.81544076529322
202310,P053,1,8,1,1.0,6.563411462656964,0.0,4744071.463263669,0.0,2175416.774395596,126204.71878267192,168293.78149989375,792698.7865223814,415244.0890155479,98766.76742000968,0.0,3776624.917636101,212467.09195183963,131031660.12004524,0.0480022166650082,58.18605178077874,7,4,17,2599,1,29.36633570826528
202311,P053,1,8,1,1.0,11.432960058496198,6702379.435305113,0.0,0.0,2259809.8779146145,149006.43415883285,168490.88248983328,988731.040858481,472518.5020916642,95803.70039648045,0.0,4134360.437909906,6914846.527256953,129877324.69369616,0.0563889284421664,50.22459611382156,1,5,13,1898,0,48.73417616975069
202312,P053,1,8,1,1.0,13.107249487218594,2304468.846538689,5844878.039287544,0.0,2494378.8672095896,187304.9374187776,226774.08212498864,966442.0448537122,529116.6454439252,98549.59381230189,0.0,4502566.170863295,3374437.334508095,132553444.28259256,0.0369458418306201,66.36846148150707,9,6,19,2727,0,40.869083021032935
202401,P053,1,8,1,1.0,18.199811400845977,7009331.885932591,2330254.208502916,5172036.543679193,2134771.72064244,207785.20134502708,271866.3334170249,1450569.0181038694,495356.4649319468,93430.20430664808,0.0,4653778.942746956,8053515.011937771,131626560.58678707,0.0436800251799554,60.81270449630382,5,4,19,3223,0,40.32021004598299
202402,P053,1,8,1,1.0,19.2799624224614,1486704.9484802026,6171731.70206872,0.0,2454550.358190863,222565.7509349597,242211.3518902128,1380880.009732411,629449.605349902,97715.3757911018,0.0,5027372.451889451,3368488.2583492547,135465359.85630062,0.015789602423373,68.7506878412908,13,7,24,3915,1,46.834571947969714
202403,P053,1,8,1,1.0,23.394899693918173,5663742.830156353,1515280.2283458065,5358653.839190266,2487704.351277879,232600.78506446115,286441.8159834941,1536697.6304958349,595172.8150351834,99950.38734918568,0.0,5238567.785206038,7516950.860159799,136160253.91717872,0.0107409172048347,50.90093526610299,7,4,23,3965,0,64.48920190226062
202404,P053,1,8,1,1.0,30.680678507022414,10028045.336451905,5319144.767971547,2283525.037984503,2415693.125668414,255968.7191298992,345300.839434231,1593695.5881014403,632412.9761229042,100315.88549980408,0.0,5343387.133956693,12225851.428640155,133397782.96241271,0.0308113812671473,49.74638098917446,9,6,16,2360,0,19.07893991706336
202405,P053,1,8,1,1.0,37.18434852585469,8951561.593507292,9150572.995107954,6522315.583487582,2517700.7547801672,268452.8483244893,336417.85336583044,1816913.3692363184,571004.7013867993,93126.25011475176,0.0,5603615.777208357,12026840.02703949,131699852.20327216,0.0431475320682378,75.88422541738193,10,7,20,3175,0,38.19970625454529
202406,P053,1,8,1,1.0,44.067906772635,9474434.50392223,7824334.037348554,1467594.114486589,2018803.772302374,286325.5436502073,388545.6211297165,1664348.7949887433,627128.8451019923,95440.3412461084,0.0,5080592.918419142,13676940.493613169,128984761.85425045,0.0628737569474379,57.82210859691741,8,4,27,4164,0,48.07367706880324
202407,P053,1,8,1,1.0,53.571667777824686,13080845.393690966,8748706.809420235,5058817.063466305,1977118.29815981,266252.8892291933,447644.8438589529,1870886.7730606464,700762.3225780267,100164.64963252736,0.0,5362829.776519157,18009079.0778839,123470187.48989728,0.1029393606808446,58.53441959778199,9,9,37,6217,0,43.06172579262105
202408,P053,1,8,1,1.0,61.57369900727042,11013885.2703375,12261251.256593885,9964548.978036538,1841114.763781183,281426.4342824963,402226.3269291445,1894724.810612632,708797.984012758,96178.25345400449,0.0,5224468.573072218,16761713.091627508,119433210.63106498,0.1322696234391891,65.17650968486232,11,8,14,2428,0,25.229387227293987
202409,P053,1,8,1,1.0,67.94279056820307,8766329.662680622,10341258.346598634,8044421.910547896,1803988.809017764,262182.66620915645,450090.4672202623,1825186.9451374828,666805.5033450038,96555.31034272203,0.0,5104809.701272391,15186784.407709494,117099329.96412592,0.1492262064471341,46.12928847646021,14,9,27,4216,1,56.79022035108287
202410,P053,1,8,1,1.0,74.9627731749058,9662207.108799826,8570147.419420097,8547175.840306377,1496506.029759667,301264.9009504716,438078.4257053537,1754893.8678323738,680751.4598838905,98235.6591232457,0.0,4769730.343255002,16278844.097089233,113601177.3748619,0.1746416938773925,58.24742663367276,14,7,28,4110,0,42.57175964461296
202411,P053,1,8,1,1.0,81.69146289967394,9261275.609071596,9742379.77169445,11653739.532389471,1266562.452004027,291169.4152401478,476149.3299326676,1712707.8127782394,638392.7591894194,95015.1373263798,0.0,4479996.906470882,15797739.934466377,110065726.78305164,0.2003281663177952,59.344374877844,11,5,27,4703,0,62.360287281669386
202412,P053,1,8,1,1.0,83.9007796360715,3040873.043706524,8726386.459937004,9176008.186020669,1040441.825720599,274688.2669717412,522674.8251385969,1334095.806671917,687197.0922460558,90411.89888851592,0.0,3949509.7156374254,10112226.518235892,111353025.36908846,0.1909754236350377,56.98775208933116,11,4,21,3400,0,31.97852029296139
202501,P053,1,8,1,1.0,88.72282929310578,6637002.551928848,2693689.3554588044,9331223.79197753,967744.756332273,259746.94559274195,428346.5547884375,1265190.2559214155,606103.0175221373,100172.3816299438,0.0,3627303.911786949,14055539.71470593,109169793.3568252,0.2068374834935211,71.94998951557011,3,2,32,5261,1,17.163363666860963
202502,P053,1,8,1,1.0,89.87960802983997,1592174.2772852052,6216063.235273448,9011359.968183132,773153.6597273698,270789.01281178155,428094.4703322784,1119145.6805703167,626613.9948824546,93777.36536407906,0.0,3311574.18368828,9431650.756717682,111087457.29818192,0.192904882626826,60.4009477231185,5,5,26,4386,0,17.60020185827478
202503,P053,1,8,1,1.0,94.05575988678676,5747997.740206857,1609473.9895988193,9027339.322308654,595722.6633150178,226835.22717385512,456341.9927648714,937081.180344988,592889.2999093494,100914.3865276713,0.0,2909784.750035753,13570174.507325709,108965008.43078072,0.2083253284576784,69.9124334600681,4,3,36,5401,0,33.31852603141297
202504,P053,1,8,1,1.0,94.47932692564316,582991.8225130403,5527211.87707146,2685289.95824008,518587.7430012751,208267.26648189587,471215.135881251,862086.5327502377,567206.9869923448,95522.8019275993,0.0,2722886.4670346035,8625954.452767298,111177499.59487016,0.1922506890771521,65.40566775461232,10,6,41,6517,0,46.2308496412606
202505,P053,1,8,1,1.0,97.50608177454836,4165983.572347122,536457.0072974737,5973903.486682841,372828.8454429204,169799.25021635627,408271.7309742597,732606.6142282888,528634.886845527,98200.8365739686,0.0,2310342.1642813208,12255481.017816946,109840623.45288596,0.2019636326710622,62.05368009808254,6,2,29,4440,0,66.28734562846003
202506,P053,1,8,1,1.0,98.02455099150303,713613.8697794476,4277032.147561363,1592835.9603093432,309078.2894534487,166652.37228751698,430438.3038101416,615679.7685359956,472022.1836486668,97418.07079269104,0.0,2091288.9885284607,8692062.740035027,111307160.68129209,0.1913086490637279,60.37379505088273,7,3,51,8541,0,48.88327582347839
202507,P053,1,8,1,1.0,98.25577759576268,318257.10469534574,651631.4918830807,5649353.349062092,228133.3340630805,151097.40066792004,374029.144510179,425739.0882807368,465951.0463810717,96257.11575882032,0.0,1741207.1296618087,8358688.352847293,112769741.37899946,0.1806824112453997,52.81138221046237,5,4,13,2220,0,35.0801281835212
202508,P053,1,8,1,1.0,98.25577759576268,0.0,299403.2389120496,575514.3285275945,163200.36412682378,140681.73832310972,384278.3411680302,358629.64186411095,389863.6672339713,98000.5347073868,0.0,1534654.2874234326,8059285.113935247,114304395.66642287,0.169532529770387,62.86047921925511,1,3,51,7374,0,51.67747180640312
202509,P053,1,8,1,1.0,98.25577759576268,0.0,0.0,4151955.688205963,118504.13813522356,108308.63059246482,362135.24472912366,258656.58710348888,359023.33291253727,95233.45829624771,0.0,1301861.391769086,8059285.113935247,115606257.05819196,0.1600739824388633,43.75508335481812,0,1,25,4307,1,44.36223011936149
202510,P053,1,8,1,1.0,99.51078016878476,1727368.2090092518,0.0,682647.8867463585,102465.64440243474,104563.56053728826,301089.617803106,213333.00375741048,333677.4453632313,94314.5595005926,0.0,1149443.8313640633,9786653.322944509,115243431.61528952,0.1627100554082833,49.84499001278594,2,3,37,5646,1,57.00007101188376
202511,P053,1,8,1,1.0,100.0,673355.419202946,1574600.9766546187,314005.4913191235,70173.12314147374,75698.48428976268,277238.3130472576,180903.7568267705,290112.213556206,98034.001789185,0.0,992159.8926506556,8885407.765492842,115646085.0519278,0.1597846160237813,63.15023560570272,3,4,50,8608,1,42.282439878665805
202512,P053,1,8,1,1.0,100.0,0.0,4859421.984619793,0.0,42337.15421573161,67447.15791401174,241126.8841971048,122202.01387621136,270896.66542059625,94236.84232546084,0.0,838246.7179491166,4025985.780873045,116484331.76987693,0.1536944160168189,72.07996898148303,6,5,17,2563,0,35.82938387623716
202306,P054,1,8,1,1.0,2.769197009506575,1922587.7247656933,1676568.5439563773,0.0,615665.3479068194,117573.46126492663,28511.40190944009,25044.062787689625,32956.422474448314,67842.36675540486,0.0,887593.0630987289,246019.1808093165,64222489.152370274,0.0749721190200243,48.42571839432328,7,2,17,2752,0,22.35662182876681
202307,P054,1,8,1,1.0,5.368679157251499,1804758.7263906747,1753006.0454568164,0.0,803291.9473756186,189366.50583324407,37320.05822600591,46181.447123435166,49196.32177117378,66506.61048695988,0.0,1191862.8908164373,297771.8617431745,63706745.28327643,0.0824006298836317,51.39313325623445,5,8,12,1974,1,77.14348237050604
202308,P054,1,8,1,1.0,5.693962947337614,225836.8110820175,218628.39072682703,1728097.2068295698,1095289.0903586275,229690.30303608457,58875.37354936639,77223.70325875584,52898.03662588469,68683.52139994649,0.0,1582660.0282286657,304980.282098365,65075780.97212955,0.062681740146406,45.00625112478824,1,4,23,4008,0,36.64364702084831
202309,P054,1,8,1,1.0,5.693962947337614,0.0,0.0,1843348.569541501,1355414.927230358,312227.49461084825,66657.1561930556,98759.30142515124,71647.65997293493,68801.51441149817,0.0,1973508.053843846,304980.282098365,67049289.0259734,0.0342563396793998,45.00478817394583,2,5,8,1121,2,37.490641478891575
202310,P054,1,8,1,1.0,7.50948590442969,1260474.476663359,1237553.022644401,207965.63706555503,1317494.1654376811,443360.7781379093,92823.56452717468,176344.87169971125,78253.53036792121,67745.95738844921,0.0,2176022.8675588467,327901.73611732386,68033226.03855497,0.0200842142794221,54.17070767963031,2,7,15,2533,0,46.574609227881126
202311,P054,1,8,1,1.0,13.885078803887025,4426422.7516207285,4062361.370785206,0.0,1679003.117560304,531537.6104738731,108415.96897005342,203947.36411151013,99168.62236598552,67399.7714912844,0.0,2689472.4549730103,691963.1169528458,66539480.64355819,0.0415993588291638,48.85736998355375,7,4,8,1363,1,55.5587825179943
202312,P054,1,8,1,1.0,14.97158959740012,754338.6430299232,690823.1255058598,1160899.3868648575,2090183.3293159653,602731.2705558188,164597.68310037447,281942.72860890446,118996.55173096468,66924.8823077905,0.0,3325376.4456198183,755478.6344769094,69152437.29699111,0.0039636678411826,60.22185798568707,4,6,19,2764,2,53.52557395540613
202401,P054,1,8,1,1.0,18.78552318446828,2647923.521654888,2419801.511168426,4202144.857889012,2056093.4927036243,683886.5962375809,182330.696241082,347903.52838606114,141200.5730195026,72150.09344598632,0.0,3483564.9800338377,983600.6449633706,70136314.08220072,-0.0102075900745384,46.20742896937711,3,10,21,3381,0,49.28308728854157
202402,P054,1,8,1,1.0,28.39944066522932,6674714.60931375,6535259.936932654,686322.9711591094,2079868.4321924287,963648.6258112482,218395.2582773789,477982.9899872388,153704.68143886785,67595.37792943059,0.0,3961195.365636593,1123055.3173444644,67803981.03701216,0.0233861420122335,49.93606984082406,5,9,22,3793,1,10.83958093571909
202403,P054,1,8,1,1.0,29.831906503335464,994527.0152446866,940357.4285890752,2053207.8059849949,2538343.822797722,1171766.544476455,245542.56254643507,463703.72582261055,174408.07767813298,69894.17210225177,0.0,4663658.905423609,1177224.9040000737,71530831.6233438,-0.0302935073770037,48.13359522292656,2,6,9,1561,0,40.7877127584412
202404,P054,1,8,1,1.0,39.02305683242784,6381197.415180588,6339517.117332004,6177864.666445638,2191510.347926586,1156213.936914797,307753.14228224073,515734.8730927881,172745.5660935354,72020.97866527764,0.0,4415978.844975225,1218905.201848656,69941645.382253,-0.0074036817025267,61.33633160208088,14,3,11,1820,0,14.94911305186756
202405,P054,1,8,1,1.0,46.87695055181091,5452771.906319078,5504138.245654769,809387.4585302785,1774176.4591043442,1199733.5428829868,349320.1059802111,577643.3560050426,189035.94152053748,65256.25437196976,0.0,4155165.659865092,1167538.8625129648,68973163.5508885,0.0065458351732397,45.070998892402415,7,6,25,3904,1,42.753427329640566
202406,P054,1,8,1,1.0,53.09974772442706,4320340.306849544,4235156.79148181,6457547.992514532,1748429.6854014606,1471768.452779146,350860.0782110439,654316.4908767293,173742.17547690266,69034.79195705372,0.0,4468151.674702336,1252722.3778807,69386852.2682383,0.0005872745094275,53.854516630978,11,6,11,1718,0,39.04958392795475
202407,P054,1,8,1,1.0,58.64605615807121,3850670.23966948,3653150.912859189,5731637.144426006,1517585.548162997,1481789.6411762647,377286.3194347963,530452.317163109,177638.53080020068,69934.5624072797,0.0,4154686.919144647,1450241.7046909928,69931646.91781431,-0.0072596689354283,51.22447828177391,6,9,16,2767,0,74.65626594790365
202408,P054,1,8,1,1.0,67.14018705722596,5897273.376796607,5822001.508438738,4057133.257186665,1155594.4403888024,1423968.431708917,382529.6263264806,604257.1676365412,178517.37945329613,66262.24899289606,0.0,3811129.2945069335,1525513.5730488673,68221203.59532002,0.0173766817109846,53.51584179464867,10,2,26,4109,0,16.052863395417166
202409,P054,1,8,1,1.0,74.55401157077017,5147242.306840012,5440479.564180771,3528852.535738772,950601.4645602253,1295567.534830576,425756.9616953665,528548.7417064904,164681.6873285677,66415.00015243015,0.0,3431571.390273656,1232276.3157081082,66840324.77880109,0.0372661538008015,46.400221031148206,12,5,22,3793,0,13.437783628170983
202410,P054,1,8,1,1.0,77.71506668422865,2194645.501053025,2138163.9820051966,5804620.258230952,773201.2359762953,1271149.2401565616,477457.39401946747,445351.30714080174,176956.38283311285,65211.17719684802,0.0,3209326.737323087,1288757.8347559422,67999700.66278853,0.0205670966421831,50.90755841231286,4,4,30,4499,0,42.48656630323944
202411,P054,1,8,1,1.0,82.68150576440941,3448080.717468897,3246174.952114766,4491801.46938676,580732.074734553,1214784.3621438828,401952.145438038,359136.0898925165,159177.8962399288,67684.1276687321,0.0,2783466.696117651,1490663.600110069,67567480.55161776,0.0267925740229281,57.74699757146994,4,2,23,3891,0,34.231693927349006
202412,P054,1,8,1,1.0,87.0724403953016,3048521.6445853785,2944993.5076622986,2027681.5324672104,445370.2741486068,1028323.6646281834,368623.202032633,264422.241100391,151394.57224403706,68075.0912481711,0.0,2326209.045402022,1594191.737033151,67053256.26429968,0.0341991976079736,40.157401989045454,7,6,58,8192,0,40.50897959302717
202501,P054,1,8,1,1.0,89.11059823416065,1415044.588259032,1341955.488745019,3060604.099695184,304289.7503030321,882650.4023546545,352440.2445592576,197456.07912268967,161492.0066158596,65966.84563571069,0.0,1964295.3285912045,1667280.836547166,67699096.19569367,0.0248968496131422,49.48780551663396,1,10,19,2917,0,6.635119345161266
202502,P054,1,8,1,1.0,94.730629649291,3901854.355047301,3941083.97343788,2437768.2111001974,211581.2912403818,815604.7284530703,323177.6599146353,155489.69167220863,131690.5187321799,67198.46475234276,0.0,1704742.354764819,1628051.2181565836,65768319.94124003,0.0527067631010219,42.26509454797295,6,1,37,5234,1,28.766664813410248
202503,P054,1,8,1,1.0,95.91954131882274,825433.1395799418,786256.7881874728,1231151.941662585,109273.22903135848,541790.3880797074,272609.0659888624,101371.60991290383,114798.7148042204,66491.3371793865,0.0,1206334.344996439,1667227.569549054,66205564.19046529,0.0464089206058188,42.6053373887396,4,4,14,2216,0,47.536523141193165
202504,P054,1,8,1,1.0,97.1360306026112,844579.6222846125,816135.3606280503,3701454.15497844,81505.90860844015,510341.9943179299,282583.49397170584,70390.28934808796,101259.54982983656,69252.51549246823,0.0,1115333.7515684688,1695671.8312056065,66533968.27875441,0.0416787561119681,53.82060333457354,5,2,14,2150,0,28.87775317550848
202505,P054,1,8,1,1.0,100.0,1988385.9431530312,3297937.603236804,734499.7415908121,47135.96249108111,341254.90100457834,212669.4500788028,41776.22799860086,79449.68211808307,68255.46909441898,0.0,790541.692785565,386120.1711218208,65471848.79025055,0.0569769819011815,53.90418362252056,7,6,29,5011,0,67.94754231967087
202310,P055,1,8,4,1.0,1.4104981780474897,2805155.58944914,2591874.334206456,0.0,1848381.9733574705,899882.9293784412,400785.3333014594,191268.2755678536,118544.36251742402,889763.2165767205,0.0,4348626.090699369,213281.25524268392,195823726.2847356,0.0153522671541719,27.981551728242053,4,8,14,2359,0,31.4399940618428
202311,P055,1,8,4,1.0,2.3730002327312043,1914194.6161814888,1761488.4475968746,2614809.258658164,3723814.9411255848,1447931.1446198218,740587.572188297,439647.7516266482,192291.60539338828,977738.1382336612,0.0,7522011.153187402,365987.423827298,201577760.58605328,-0.0135803700548222,28.026756418874307,4,9,16,2564,1,45.470244875594695
202312,P055,1,8,4,1.0,8.13034983794109,11450040.614603013,11321474.336331958,1620752.7067672608,5063654.691703894,2295959.331720653,1444518.841358662,957123.6718088208,254871.636888046,904320.558981595,0.0,10920448.73246167,494553.7020983528,201881066.85960767,-0.0151054653038984,41.19634079088205,8,11,12,2033,0,32.54380768658658
202401,P055,1,8,4,1.0,12.711645140452127,9111139.826175123,9298491.314882822,12453621.769965157,5948767.820398945,4323430.086036922,2390211.3801334137,2076297.1840833244,383097.199392361,876129.819231007,0.0,15997933.489275975,307202.2133906558,209379540.4684901,-0.0528095534594606,34.74372185983206,17,10,19,3309,1,7.431747655585579
202402,P055,1,8,4,1.0,24.51593095053992,23476002.191977352,22462545.143569414,9821256.335449325,6159845.537813417,6858303.897420073,3646901.264067796,3219365.2388010668,523852.1477978186,904158.402171192,0.0,21312426.48807136,1320659.2617985904,208583433.69113544,-0.0488065414225756,20.5956827867944,24,12,9,1423,0,27.0661997992888
202403,P055,1,8,4,1.0,42.19883913973179,35167226.38613536,34109155.76943118,21271453.49752854,6771024.640292508,8508697.250772014,5076338.140236567,4157008.9709237576,620317.0306750387,878017.7660039762,0.0,26011403.798903864,2378729.878502786,200913744.0360218,-0.0102415387346076,42.7575199879325,34,16,30,4671,0,24.021101682388327
202404,P055,1,8,4,1.0,57.28676591729537,30006406.80859982,30536114.42282988,31246524.13155128,5068904.669104723,9466692.782500716,5368160.114242219,4412060.777458423,648823.0367751772,928768.3108181924,0.0,25893409.690899447,1849022.26427272,197535535.585873,0.0067448875510559,27.501673359613143,32,15,16,2365,0,49.6575993840742
202405,P055,1,8,4,1.0,76.2794136483061,37771996.28491084,38352834.13849196,31406796.043561287,4174779.5606327257,9165495.56566432,7489366.036649989,3710359.966647858,653617.2649253848,922831.0271822372,0.0,26116449.421702515,1268184.410691619,186106853.42469656,0.0642109882780705,33.03601844383313,55,12,27,4471,0,59.66022715531506
202406,P055,1,8,4,1.0,84.43428386393757,16218156.19661205,15973713.13849529,40013511.89409789,2498631.997870952,9202338.897939952,6953066.8995926855,3340838.445500328,569644.7640047765,865492.9316575204,0.0,23430013.93656621,1512627.4688083827,193102918.5738582,0.0290331279714633,33.832987569340524,33,4,43,7027,0,51.363882828241096
202407,P055,1,8,4,1.0,92.21309685715208,15470265.106900835,15096481.88046431,16781309.842245378,1438484.202776245,7026663.079497722,6360943.897312257,2106930.169210325,506220.4139105193,888729.7347682696,0.0,18327971.49747534,1886410.6952449083,195663991.15931976,0.0161554529176162,28.21063621258252,27,6,43,6753,0,54.64124083139255
202408,P055,1,8,4,1.0,98.2730046969614,12051759.167756572,11421162.860355517,15008138.32054025,610277.6365150331,4660539.521529906,4966724.183188657,1123371.660576534,389892.992739916,920592.6989774252,0.0,12671398.693527471,2517007.0026459694,196052544.84683684,0.0142017136299352,29.363115097328347,20,6,22,3224,0,8.946568996195108
202409,P055,1,8,4,1.0,100.0,3434595.3810285893,5310114.479859903,11635543.349150611,263033.84181050287,3441105.509811063,4716851.744542608,528512.961983723,313844.1635546788,900342.6122014316,0.0,10163690.83390401,641487.9038146734,202715783.8266746,-0.0193026184517009,21.80220091739581,14,6,16,2762,0,24.90405498305716
202207,P056,1,8,1,1.0,0.5416954924784193,845990.2706475104,831676.9912217426,0.0,1650940.040587336,141594.80560812383,172748.1750813282,71967.60140609306,299047.89581690286,662886.1226471483,0.0,2999184.6411469327,14313.279425767832,125999851.36840148,0.1932111525706618,35.15001717576247,3,10,15,2225,0,51.99328581239836
202208,P056,1,8,1,1.0,1.9178718887079809,2149236.7170682047,1981145.5910357668,0.0,2607579.50934682,228955.20683852324,260916.8430636981,150458.63009821804,486211.95983399416,695719.8938288252,0.0,4429842.043010078,182404.40545820585,128740208.78944516,0.1756643873859633,56.73537329507715,5,10,9,1474,1,3.622062342317855
202209,P056,1,8,1,1.0,5.435512828625704,5493658.433793067,4995088.270749321,738807.328356958,3249942.1887785112,406380.9061394703,402233.658768744,305455.93482837715,695731.4644988007,653112.4886196821,0.0,5712856.641633586,680974.5685019512,130132991.48714826,0.1667462693469668,57.14808268376638,10,8,9,1377,0,35.97655442706103
202210,P056,1,8,1,1.0,6.136077962978747,1094104.152327152,1088614.8367980933,2091224.272588444,4546609.11462254,547201.5155800129,691779.2658007389,555184.8152984809,939362.6240422712,663903.8328225262,0.0,7944041.168166568,686463.8840310108,137216384.47219497,0.1213906407471693,50.2152600969501,2,9,12,1964,0,36.42041093966599
202211,P056,1,8,1,1.0,14.011568881416034,12299509.200431831,13123891.576057669,5234691.921176882,5044587.224794188,830046.5352210556,1012085.2723654642,888507.8275513354,1242422.331800282,666834.0678513362,0.0,9684483.25958366,-137918.4915948287,137219557.9878029,0.1213703204295514,45.32224931793835,21,10,8,1279,0,30.62436459909214
202212,P056,1,8,1,1.0,23.78854921045951,15269150.933561431,14515745.380361317,1113861.3235408247,5401491.766052219,1054144.1995240725,1456465.6778926917,1278803.4592632423,1339846.9895159963,681729.0405287219,0.0,11212481.132776942,615487.0616052896,136397328.79010576,0.1266351309791548,43.09987932838343,21,11,20,3275,0,30.203555426589126
202301,P056,1,8,1,1.0,35.835221755748606,18813831.587120075,17538001.87551981,14250428.018574502,5431357.528464151,1182946.154757982,1550964.6233040004,1509311.987943201,1427361.965406528,674095.5566662949,0.0,11776037.816542156,1891316.7732055483,133320608.4680652,0.1463356593172702,31.35266250751705,29,16,19,2989,0,62.24809779219897
202302,P056,1,8,1,1.0,51.0969306289238,23834898.756657768,25287930.49312344,14283708.82633036,5073516.468136614,1572782.2449606047,2027426.9111661136,1528863.3541248569,1876150.6807547293,683958.5280320639,0.0,12762698.18717498,438285.0367398709,127228205.94203912,0.1853458832077472,38.12802880358728,40,12,28,3987,0,44.06353217023181
202303,P056,1,8,1,1.0,64.64802611478689,21163356.71394256,20239731.91277162,16451043.7065341,4241584.2058004,1474110.2593865057,2256962.4340200443,1770053.244052615,2075538.8825564096,663221.7461128004,0.0,12481470.771928776,1361909.837910816,122931969.02070454,0.2128550905314326,39.54465016447076,21,7,13,2012,0,43.688950648533606
202304,P056,1,8,1,1.0,78.08966593817311,20992414.87150808,19782898.0922218,26822423.374360062,2856401.027796253,1649380.6048395254,2487137.479604831,1470200.113869227,1975233.00736815,666472.2701452604,0.0,11104824.503623243,2571426.6171970963,117361162.41061205,0.2485254869279112,37.40661739953953,22,9,35,6082,1,42.32333130023252
202305,P056,1,8,1,1.0,86.41355327402532,12999790.09955954,12633775.533610027,19692703.677895624,2214361.8626492093,1397033.9736781835,2456067.761111604,1131155.418870975,1838217.306199417,660590.8359452098,0.0,9697427.1584546,2937441.183146611,116707286.69499388,0.2527123143664863,46.25075005342143,19,9,32,5344,0,24.58592805233581
202306,P056,1,8,1,1.0,92.58740179106545,9641977.550838854,9343812.02673843,21761187.901443977,1338115.9838340858,1198048.458378137,2469843.702963248,932832.6200869996,1543455.1162648518,699820.44864888,0.0,8182116.330176203,3235606.7072470486,117208953.86689538,0.2495000924867306,40.51024697593466,14,6,46,7483,0,27.905583139891988
202307,P056,1,8,1,1.0,94.82268015104977,3490934.982832596,3335730.526589224,12448960.434131688,657707.5994006135,1003138.4454301024,2322675.304687193,604459.5161229552,1240313.914350849,654936.4156569646,0.0,6483231.195648678,3390811.1634904444,120911433.03225587,0.2257927716763392,51.03853919056536,5,3,31,5073,0,19.898807833308474
202308,P056,1,8,1,1.0,95.73427614440072,1423680.5582555116,1311274.6661344883,9922493.661018912,392507.7410035423,727407.647980676,1767740.22413367,311645.0036614157,1074020.835693513,668108.2585671545,0.0,4941429.711039972,3503217.055611491,124718810.5130711,0.2014137771290037,54.81692032366503,5,2,27,4652,0,25.18442455135749
202309,P056,1,8,1,1.0,100.0,6661973.247358608,8489792.703987516,3001920.8611230217,165809.50622020932,459598.3141378253,1660138.764677144,181436.1636860896,873314.3823784015,696882.9873448671,0.0,4037180.118444537,1675397.5989826024,123449304.67935091,0.2095425418637912,40.03232663294151,9,2,39,5936,0,0.0
202401,P057,1,7,2,4.102644117347036,0.0,0.0,0.0,0.0,1592132.9109603986,120844.18484052524,236712.8231843804,150942.58354182763,320868.2466933138,676434.2504233213,-400.6530885550527,3097534.346555212,0.0,337950460.9039588,0.1789434783245727,60.57089838647419,2,4,19,3025,0,50.475499936009626
202402,P057,1,7,2,4.073882575451747,0.3432649407736653,1412893.5327120996,0.0,0.0,1615681.867598468,183859.4637357352,251026.2521233432,199643.5463204432,329276.5512592738,686934.0364581178,-3470.230221722409,3262951.4872736586,1412893.5327120996,340146207.6220164,0.1736088734893365,58.47749513075512,2,7,8,1224,0,49.15115378265882
202403,P057,1,7,2,4.101251561510638,0.3432649407736653,0.0,1319690.235458043,0.0,2184907.092898805,242605.82108139765,331662.03112535906,283487.5494771086,460656.20963083033,690725.9964356445,-751.1343849757541,4193293.5662641698,93203.29725405668,344339501.1882805,0.1634211938493338,50.51933701712358,3,9,27,4541,0,37.42470769608033
202404,P057,1,7,2,4.098227227877796,1.470320213907763,4639008.874111044,0.0,0.0,2253218.732466511,274163.13863428985,441038.88186320267,392497.0968959699,499762.6803023533,709552.0877908756,-1268.7748007193804,4568963.843152483,4732212.171365101,345400486.3868631,0.1608435118589994,68.72103000137129,3,6,11,1636,3,40.813086237640505
202405,P057,1,7,2,4.127977725258253,1.470320213907763,0.0,4497505.300077797,1135298.5594083178,3018595.316267596,383404.7001350747,517272.0341710281,536144.3623529897,608036.8344306919,686823.5031364626,4332.875944541697,5754609.626438384,234706.87128730305,351155096.0133015,0.1468625876997447,48.40371821892519,6,3,11,1699,0,43.31828040060718
202406,P057,1,7,2,4.143682400386554,3.901354548531685,10006243.811120702,0.0,0.0,3189912.397276969,399080.1367345133,596827.6140535108,699069.2541030335,662535.3168055261,644726.7616568429,8031.152388435263,6200182.633018831,10240950.682408003,349767851.30758,0.1502329228362783,38.05725192806774,1,9,8,1261,2,63.71712751060511
202407,P057,1,7,2,4.141618075842401,3.901354548531685,0.0,10298196.266819667,4193271.864520712,3675136.42305672,424250.3852936035,743833.6300144267,753567.9714850781,742261.7963714217,686352.2922395711,8851.892619702912,7034254.391080525,-57245.58441166207,356802105.6986605,0.1331430794684895,52.38363607106332,19,9,10,1615,0,1.2755785434412976
202408,P057,1,7,2,4.150622293283383,3.901354548531685,0.0,0.0,0.0,4340510.868290411,493796.3982510028,850692.3740400494,1146231.1557058704,827281.799275447,642381.6181601327,13063.991264944714,8313958.2049878575,-57245.58441166207,365116063.9036484,0.1129441734309501,53.59585937894949,1,11,14,1986,0,65.51940625764533
202409,P057,1,7,2,4.149636258405591,3.901354548531685,0.0,0.0,10249948.755488535,4613155.300147571,561524.9113216584,1078539.4957837616,1405600.789304431,832873.4427757021,633621.6874517469,14003.51085202782,9139319.137636898,-57245.58441166207,374255383.0412853,0.0907400386546335,49.12424584432287,1,14,17,2472,1,36.9718907074254
202410,P057,1,7,2,4.126262027912764,8.004030198280855,16886792.68928918,0.0,0.0,5202601.783884982,795855.3469280076,1378649.182517274,1541606.4605719582,1021871.7927568784,643801.7200280912,7420.8905355278,10591807.17722272,16829547.104877517,371978020.714346,0.0962729300309314,49.66107616397871,0,12,26,4226,0,71.12597421896034
202411,P057,1,7,2,4.1253528682385205,9.25318139640309,5141561.049691319,14812772.645546636,0.0,5131770.062166145,918014.8078923436,1398961.8700668004,1789310.2995799778,1033102.4712355066,668304.0120085092,7025.380912978237,10946488.90386226,7158335.509022199,378990134.2205079,0.0792368783280793,63.58016304463844,22,15,8,1250,0,24.53355132798168
202412,P057,1,7,2,4.115989163522534,13.196152420810035,16229441.4556279,4732720.584213302,0.0,4871022.031764692,967759.6414971026,1571110.3936640038,2161762.965293275,1234775.8100119832,675492.9628718831,3490.595549315582,11485414.400652254,18655056.3804368,378007403.2776368,0.0816244402433323,53.668314374720936,7,15,25,4350,0,45.5151623947327
202501,P057,1,7,2,4.105820882950902,15.235829215807335,8395399.034866186,15997494.942886325,13768883.542997347,4519051.609777903,1057613.878480303,1768917.3313874635,2588297.7817473267,1379533.4843702198,715562.9552632421,-238.5673511598785,12028738.4736753,11052960.472416654,383557108.343178,0.0681413352780377,53.70004819045322,14,12,19,3009,0,69.64022407208779
202502,P057,1,7,2,4.119490936744057,20.65393322123259,22301153.422698032,8454603.198245717,4823446.436645473,5416454.193293893,1262566.4716309037,1979990.5809295403,2741465.896581988,1462972.658329931,681896.9385708671,5484.492941463972,13550831.232278584,24899510.69686897,379800204.966855,0.0772687973628167,59.48821366659936,16,5,17,2411,0,77.50947385925619
202503,P057,1,7,2,4.131593034761151,24.43965615241072,15582201.415752098,20324051.628441364,14722280.48319591,5319016.589782218,1406449.813033464,1939708.907303264,3195584.675442843,1580861.6816037868,670465.1866028463,10391.198580432252,14122478.052348856,20157660.484179705,381745716.6200114,0.0725421429693092,54.93548933480114,22,13,18,2917,0,35.518117124179255
202504,P057,1,7,2,4.159164042500782,30.75703925203185,26002625.566718485,13228876.84071764,7252221.5078762,4742794.232857537,1494979.3058897995,2372121.493089054,3006553.836284951,1815870.9288754207,679169.1900973845,21370.360067789945,14132859.347161936,32931409.21018055,375404980.8479286,0.0879470707920553,58.60212470213086,19,11,28,4601,0,86.88214051052742
202505,P057,1,7,2,4.158082746116539,40.60698594071837,40542812.04086145,25535033.79835373,16090706.416953849,5468578.293781506,1584693.1510236417,2648341.3592756214,3631034.977393584,1534817.9175556595,675991.865195567,23879.540327860534,15567337.10455344,47939187.45268828,358667482.2886801,0.12861111460441,35.33909548503212,49,16,8,1352,1,23.591911935459024
202506,P057,1,7,2,4.179960634305706,46.52409066110042,24355062.22384776,39175225.0383283,11826177.636658588,4176821.246651749,1597141.993019214,3137245.0422650534,3484550.405783776,1854826.9658909016,661040.6450991661,30641.45947721441,14942267.758187074,33119024.638207763,353979186.9699403,0.1400014096100605,71.2562604382801,46,10,36,6024,0,89.48543987254796
202507,P057,1,7,2,4.220867227661875,52.417627716628616,24258056.682943724,23871598.204412773,22160396.30509899,4601082.979447985,1676062.7628963464,2827964.652278257,3231677.1772163343,1708066.1702252438,688514.8658503855,48450.87517612768,14781819.48309068,33505483.116738707,349041317.17789114,0.15199805013868,55.19662643506212,21,16,12,1836,0,73.42706826680858
202508,P057,1,7,2,4.210567593008285,58.393943398314704,24598777.13427118,22903544.919941567,40053222.855853125,3873563.971683221,1508842.7359044598,2651528.0284790257,3643657.0379718975,1555116.664423757,650912.4764410624,38723.463255138064,13922344.37815856,35200715.33106831,342796481.38654864,0.1671699872905308,45.14455424439664,41,8,43,7127,1,42.58784606612656
202509,P057,1,7,2,4.2107081628898735,70.4935192642141,49802384.27774849,23934208.11545783,21209279.28439128,3680356.790006825,1737396.353739059,3061326.1088344995,3914787.839356517,1780950.5354062642,649392.2307462342,40062.86709317897,14864272.725182578,61068891.49335894,316304808.67415684,0.2315319668316141,47.4982553010388,30,12,24,3737,0,50.24127500168569
202510,P057,1,7,2,4.230229732300983,72.14740066626045,6807448.297974813,49118513.92298001,23416860.73200432,2642383.6618884765,1632218.900162188,3649579.834569573,3508438.2911282857,1831080.8678186568,647102.9219519997,44393.89163595745,13955198.36915514,18757825.868353724,324552419.4041546,0.211494253138336,43.753383354504976,77,4,35,5950,0,31.38340179831272
202511,P057,1,7,2,4.250878465820122,78.51821371328718,26222545.570702523,7166296.389244086,22946925.618638672,2566122.378923688,1529745.359143284,3153509.6806305824,3177926.585329357,1641300.3814964306,682410.033136278,47089.771330320735,12798104.189989945,37814075.0498122,315241795.2438686,0.234114576446148,46.4813935768495,14,10,25,3710,0,45.03520026087931
202512,P057,1,7,2,4.258376062216339,82.40304915643013,15990152.856555585,25666178.61861921,43905988.71943127,2626934.0697103767,1470620.4170095494,3108187.2186466767,2574058.759542257,1570201.6441910758,680043.7088256235,49669.06290614751,12079714.880831704,28138049.28774857,313642495.1873589,0.2380001037450331,58.70456278525172,20,9,23,3364,1,24.298449321740723
202601,P057,1,7,2,4.243663699241029,90.42186186879826,33005784.38275424,15452180.422672024,6699895.83590302,1959752.3320157127,1576695.7726409317,3617972.785180259,2553446.448598482,1894387.0667048527,651970.00436347,43626.91796483577,12297851.327468546,45691653.24783075,297547121.23135924,0.2771040946673416,46.37849668592325,23,7,23,3675,0,77.82648117464939
202602,P057,1,7,2,4.224852488034535,90.65399102639788,955453.780940218,33244954.22934829,23202024.26473045,1526965.114458025,1337550.203228328,3280569.976626878,2176120.108492788,1564136.9142165354,643641.7155621671,32446.285973484595,10561430.318558205,13402152.79942268,307286622.4560477,0.2534418070734541,69.76575591164435,46,2,53,7802,1,66.55392108726566
202603,P057,1,7,2,4.220653537868486,92.06527531607163,5808907.956647424,1005819.6082779604,13799113.103420226,1117928.574268798,1447850.7824713516,3292690.33731334,1926222.9097808744,1803412.031085085,651732.3637978592,28711.50105004406,10268548.499767352,18205241.1477921,312558058.0149028,0.2406347627137197,64.83226165447465,3,3,48,8380,0,73.01545485148536
202604,P057,1,7,2,4.229222346047608,92.07488987036412,39573.92662687464,5447694.855147974,31224745.271695107,1119826.8350434536,1375569.276052761,3397389.607423413,1619930.8251690215,1560546.0044973998,675972.9873037311,31612.43098792876,9780847.966477709,12797120.219271004,322304862.5118771,0.2169547316928109,48.07130063146511,11,4,29,4094,0,34.80458615157873
202605,P057,1,7,2,4.236954135634464,97.4160470461258,21984436.901199084,36505.26422563756,993648.4293227788,767249.2052598773,1118573.5678487658,3091209.141466698,1403349.678289537,1305651.1703574029,651539.8041150494,28703.32028671036,8366275.887624041,34745051.856244445,311759027.0426782,0.2425760223557715,46.32343533247484,0,4,30,4267,0,76.86862480753473
202606,P057,1,7,2,4.200624620460883,98.88683568516574,6053830.465186201,22779144.423215058,5132753.948948156,590259.9476955591,992273.1531850708,3246585.8628911385,1180678.2396142264,1286597.75327973,646544.0615570485,20594.709553855468,7963533.727776627,18019737.898215592,314514753.2470024,0.2358809376206887,52.28052882218906,30,3,17,2698,0,22.067724288649515
202607,P057,1,7,2,4.211248065473841,98.88683568516574,0.0,5986095.655581417,34805.05668867805,388624.3043974818,788548.8588646484,3218782.2646145937,749342.1715277218,1058063.260469678,656344.9766018835,21548.2881112118,6881254.124587219,12033642.242634175,321396007.37158966,0.2191628110609977,48.9027524089526,6,6,32,4859,0,63.04520154743787
202608,P057,1,7,2,4.199347685871889,98.88683568516574,0.0,0.0,20658114.90726498,373005.506755489,776439.5150367427,2642081.2629024666,727691.0695372212,1019975.9501664658,667405.9215930932,15964.299088907164,6222563.525080386,12033642.242634175,327618570.89667004,0.2040449847673421,43.93730790252038,1,9,40,6503,0,59.63920765152022
202609,P057,1,7,2,4.215711439383955,98.88683568516574,0.0,0.0,5008525.246550924,270532.2213437051,687790.5253940315,2367381.3138452345,525117.2289774622,961487.9748471858,668860.5025513191,16428.504646663096,5497598.2716056015,12033642.242634175,333116169.16827565,0.1906884741640436,60.10643808023397,3,2,39,5703,0,39.93024375142653
202610,P057,1,7,2,4.212583427962999,98.88683568516574,0.0,0.0,0.0,212619.400042773,578523.3134186846,2206826.333141775,406650.8244331002,869502.1629748518,670677.4991508217,14636.403909726614,4959435.937071734,12033642.242634175,338075605.1053474,0.1786394383110597,50.62895428160878,1,5,26,4116,0,80.0067855106649
202611,P057,1,7,2,4.261897745199718,98.88683568516574,0.0,0.0,0.0,147181.7875539802,499297.92863678647,1965907.399775038,318545.5560640127,780988.1809399361,713534.547702547,18724.73513192418,4444180.135804225,12033642.242634175,342519785.24115163,0.1678422253874785,58.43470248907474,1,5,31,4850,0,49.36066818875781
202612,P057,1,7,2,4.226007014332351,100.0,4581833.081264955,8846867.68652005,0.0,108930.4510608037,447260.6949010002,1552113.292823143,224158.33502319257,606665.3225837367,684844.174975905,11319.809461798017,3635292.08082958,7768607.63737911,342213555.5154103,0.1685862158314574,42.68255833994813,16,2,41,6435,1,57.209165504706775
202211,P058,1,2,1,1.0,4.258871907463163,9143615.027442906,0.0,0.0,1382081.9403268402,199693.7271331041,57110.53714301969,45879.29973629115,144809.29287212016,83860.27079685708,0.0,1913435.0680082324,9143615.027442906,163541087.0056279,0.2382656760221889,94.86196917471054,1,4,12,2049,0,27.64516291258454
202212,P058,1,2,1,1.0,4.258871907463163,0.0,8482076.886321947,0.0,1855068.8696085887,291346.5983188465,79587.1176571904,58743.83703094008,173612.71080523724,81322.27071617867,0.0,2539681.4041369823,661538.1411209591,166080768.4097649,0.2264364621352057,87.07178587850309,10,6,14,1968,1,45.265272261193154
202301,P058,1,2,1,1.0,4.258871907463163,0.0,0.0,0.0,1786802.3787825706,379122.1135952837,88377.00459423712,101693.63301275056,241425.7049177812,83124.9739422309,0.0,2680545.808844854,661538.1411209591,168761314.21860972,0.2139511363557475,83.94846053562709,2,4,10,1444,0,57.67049026667952
202302,P058,1,2,1,1.0,4.258871907463163,0.0,0.0,0.0,2615467.19204742,422921.9091262136,145274.78070516483,146921.67119300587,252990.61645895723,78446.87089683642,0.0,3662023.0404275977,661538.1411209591,172423337.25903732,0.1968943300438555,83.19468494296035,3,5,11,1911,0,46.39131253772533
202303,P058,1,2,1,1.0,4.258871907463163,0.0,0.0,0.0,2825082.463285734,626126.2791790507,160730.15296265995,173325.13011750786,324440.647381721,76994.1821633305,0.0,4186698.855090004,661538.1411209591,176610036.11412734,0.1773937123063023,85.62120494792474,1,8,17,2901,0,51.28608519323405
202304,P058,1,2,1,1.0,4.258871907463163,0.0,0.0,7467854.425754581,3416838.95431146,643380.1236193771,200091.9968011216,253075.7077652264,376153.08946836746,86167.45523364487,0.0,4975707.327199196,661538.1411209591,181585743.44132653,0.1542180863728323,72.72904398209977,2,7,17,2475,0,38.73862920763133
202305,P058,1,2,1,1.0,7.976170668860373,7980880.748407534,0.0,0.0,4343226.948974417,913027.5117785896,250992.36923824827,287216.22900484374,438227.0473613303,77979.54758385348,0.0,6310669.653941282,8642418.889528494,181424824.5792182,0.1549676070155509,88.79223041020337,2,10,17,2922,0,47.66867361410333
202306,P058,1,2,1,1.0,7.976170668860373,0.0,7897023.43404484,0.0,4741799.676039794,939199.5210565362,266266.12485950184,429822.3918359261,460466.95188584033,78925.03681430261,0.0,6916479.702491901,745395.4554836545,188341304.2817101,0.1227523387490349,80.78444559191733,12,15,22,3552,0,21.45035512065753
202307,P058,1,2,1,1.0,12.35507058216329,9401309.999669507,0.0,0.0,4555548.157686849,1484359.549814998,370261.2518464515,527949.587155259,558381.4226233906,80657.0340033964,0.0,7577157.003130345,10146705.455153162,188315393.65317944,0.1228730241099374,83.39996015041295,1,11,15,2339,0,43.56675079700205
202308,P058,1,2,1,1.0,14.19032463204853,3940211.603992992,9299867.986301163,0.0,5210617.969140882,1454066.896845122,352253.4804189291,612980.964941845,571905.9653289672,82540.62048924417,0.0,8284365.897164989,4787049.07284499,193419753.93624872,0.0990981642214914,81.03784435620776,15,14,22,3761,0,51.33942984250222
202309,P058,1,2,1,1.0,19.798427110283743,12040355.100976896,3994333.387346312,0.0,5315451.060452584,1399455.7283222068,396289.56747561326,686474.4169897725,569972.7432785566,82144.20531956828,0.0,8449787.721838301,12833070.786475573,192176131.0839033,0.1048906548430198,78.58115974477161,7,12,17,2388,0,20.66665177302473
202310,P058,1,2,1,1.0,26.01029546341761,13336614.497063993,11840957.026166469,7449754.570765512,4555452.413853051,1766139.8727772052,486271.07627797866,906298.034198924,540154.3381015797,84086.06243080921,0.0,8338401.797639548,14328728.257373096,189819634.0098669,0.1158666409912901,75.91935471904267,15,12,22,3682,0,21.323765231922494
202311,P058,1,2,1,1.0,32.968128280961054,14938168.156088397,13522220.19764836,0.0,4863667.649848817,2003054.8989924327,529060.5021136879,1009119.7121345176,571612.9167702113,84786.84554746884,0.0,9061302.525407135,15744676.21581313,186954260.12301227,0.1292128506845873,78.73547598748857,25,13,14,2254,0,42.51543747522995
202312,P058,1,2,1,1.0,38.52826671750837,11937378.363971552,15342704.852408098,8354683.228358815,4631973.348407441,2145130.1527637057,637514.988008823,852654.5399758564,765103.1773924521,80020.9378494067,0.0,9112397.144397683,12339349.72737658,186575728.4009329,0.1309759587249073,87.27611825734922,18,15,27,3868,0,58.2802720633613
202401,P058,1,2,1,1.0,47.02515989702497,18242464.63638848,11092530.198762825,3348942.187950273,4263932.49471693,2117649.651983388,641758.2047964385,907674.011192489,807945.9056252844,82003.79167956732,0.0,8820964.059994096,19489284.165002227,180961328.7743801,0.157126456941458,94.14695626203984,8,9,30,4804,1,36.005287743406015
202402,P058,1,2,1,1.0,50.87654759932953,8268763.944177235,17851622.067097593,10682149.614923544,3945707.448853966,2159176.950749772,687641.467641907,944022.8174982952,744626.3062367212,79606.34223985844,0.0,8560781.33322052,9906426.042081878,183006260.1469075,0.1476016675129791,94.0749038255844,32,8,33,4679,0,58.51100816045183
202403,P058,1,2,1,1.0,60.764185774234136,21228334.396145005,7405809.784712103,12484707.70857945,3401038.068535572,2166231.0365396463,803388.2003492357,895425.9123451122,723801.1826110394,81398.66965978587,0.0,8071283.070040392,23728950.653514773,174427343.44625986,0.1875601601039261,89.21463103984394,15,8,23,3596,1,57.93922621754194
202404,P058,1,2,1,1.0,68.30983786663111,16200190.886932354,21006286.727617584,13627983.19320752,3041306.983756398,2241867.12278626,824217.5421665786,909790.677727046,687734.8886836949,80350.52093791499,0.0,7785267.7360578915,18922854.81282956,169581603.77362728,0.2101304285379265,69.22175570860753,21,12,23,3586,0,37.89336041874531
202405,P058,1,2,1,1.0,75.05195416079374,14475034.04740669,16280521.60062496,9884593.03544646,2218320.0423792647,1872163.4683002625,819463.2029805897,954220.1518552154,819970.0822571819,84989.74896279874,0.0,6769126.696735313,17117367.25961131,165120031.66756773,0.2309113385484523,81.4859154138195,20,4,46,7557,0,24.348531320765964
202406,P058,1,2,1,1.0,80.7383050602367,12208351.099817565,13332200.238757389,17391254.766444627,2232604.8530784696,2338616.733928175,741969.1895793913,789778.9820576286,631629.1334734187,86651.98430920903,0.0,6821250.876426292,15993518.12067148,162517904.35272378,0.243031410191419,68.33144984523184,17,7,24,3765,0,45.498202925148696
202407,P058,1,2,1,1.0,82.46144706429762,3699511.857855935,12119495.389520442,6684321.495771659,1597072.919474679,1515891.006828379,851153.4591125068,612297.9333524329,741403.3712637991,88147.47659338474,0.0,5405966.166625181,7573534.58900699,165089741.21770653,0.2310524240442777,85.45287755855739,13,7,30,5108,0,36.061186844561945
202408,P058,1,2,1,1.0,87.38237972298175,10565031.018690731,3733183.356192768,18427394.16519609,1421537.819120193,1778325.72525545,816985.9027960337,647792.9573282694,675734.0879903465,84733.33019708029,0.0,5425109.822687373,14405382.251504958,162421171.35147783,0.2434819688165301,73.96974123109365,11,6,39,6495,0,44.47876003577683
202409,P058,1,2,1,1.0,89.59800214056101,4756846.149097825,10459627.057419756,15117539.970823027,892864.8280797907,1984738.631548601,746889.2946049031,502631.8806297184,736071.4180471656,79810.03567978786,0.0,4943006.088589966,8702601.34318304,163720043.41034842,0.2374321409242683,88.11122090355954,15,6,23,3222,1,41.54018152463711
202410,P058,1,2,1,1.0,91.4938704664518,4070347.850633993,4616102.159244247,13274298.092425171,806685.0647969847,1477618.3045918026,845136.972876242,406568.618184962,577923.5188933783,80936.43353552074,0.0,4194868.91287889,8156847.03457278,164796692.2567441,0.2324173743222677,70.39191127808536,11,5,42,6718,0,8.757314090552045
202411,P058,1,2,1,1.0,92.2768079981824,1680933.2462279224,3782412.707943552,11426042.3841928,666926.7197389446,1509673.670702857,816694.7982160941,315705.4441762385,571518.9718550928,87633.38786509729,0.0,3968152.992554324,6055367.5728571415,167477112.61043063,0.2199326328822067,76.07978354948538,8,4,27,4517,0,58.20305155869466
202412,P058,1,2,1,1.0,97.3627704815265,10919342.96268056,1463291.8322559576,3378845.344698936,447601.0444071653,1285613.526613319,697672.5939653519,217545.37977261937,434618.4490062823,83525.82853025319,0.0,3166576.8222949915,15511418.70328173,162278577.75468075,0.244146134862192,71.62435552068963,6,3,43,6308,0,67.54163316465394
202501,P058,1,2,1,1.0,97.3627704815265,0.0,9986190.174323617,9921175.714083925,296628.1547540611,1163491.162186929,639946.0258052977,157535.500976112,388230.3147392962,85108.94081416844,0.0,2730940.0992758647,5525228.528958112,165009517.8539566,0.2314260848219584,81.5051080000769,16,3,42,6619,0,39.69506756995473
202502,P058,1,2,1,1.0,99.451076964116,4483504.306070051,0.0,3867342.623483618,205354.4815455824,898976.5610959369,583871.4712634295,128987.1752586556,411189.937499438,83078.32536492059,0.0,2311457.952027963,10008732.835028172,163886244.03160465,0.2366580191412026,78.53871246595001,5,3,28,4330,0,42.63850427384933
202503,P058,1,2,1,1.0,99.451076964116,0.0,4324632.951888471,3304545.9273412493,147240.12269128158,673642.5111701019,492488.05269160506,79225.43066083653,389560.2069619557,80043.57320522338,0.0,1862199.897381004,5684099.8831397,165748443.92898566,0.2279843481639866,96.42892146892054,8,3,29,4807,1,46.598140409283786
202504,P058,1,2,1,1.0,100.0,1178514.1767290658,4629383.854286703,1482147.0380627764,85701.70908162878,554717.7122357747,466002.8319912276,65906.88635663142,318652.85162412404,87307.74186957901,0.0,1578289.7331589656,2233230.2055820525,166423895.20966712,0.2248382615499717,80.40168969325018,6,1,8,1346,0,48.35134102453812
202408,P059,1,9,1,4.758035935535864,0.0,0.0,0.0,0.0,1673624.0272679646,502604.3763237674,472384.6300320911,71518.63217189342,202471.72921137617,198563.0575991828,-1397.4695372229032,3119768.9830690525,0.0,324302493.87411183,0.1047766164728722,75.54684534199326,4,6,14,2389,0,52.39970470118551
202409,P059,1,9,1,4.76166884109372,0.7995289535454562,2896363.503573443,2752066.703098371,0.0,2196694.3324618414,730468.8173125921,695383.3790715768,130886.47961688426,218979.68565112053,198839.04401982424,-1018.5585487029527,4170233.179585137,144296.80047507165,325902562.9684111,0.1003596930895084,83.62910914805593,5,7,19,2931,0,44.84733136908903
202410,P059,1,9,1,4.773358667446323,2.53473705228128,6285942.974293761,6338284.027940263,0.0,3098014.0441314764,892639.2010309728,1091747.462156976,202329.3455940028,320437.8884810599,191158.8597597108,2555.501040881679,5798882.302195081,91955.74682857096,326123571.8246238,0.0997496074448231,83.63145904872042,16,9,20,3390,0,11.755921562938347
202411,P059,1,9,1,4.792899369628636,2.53473705228128,0.0,0.0,0.0,4033610.08759625,1603509.1074759453,1184602.4380785583,313811.95350341685,352737.4548595758,197930.8870523316,11575.210670614144,7697777.139236693,91955.74682857096,333821348.9638605,0.0785002176732468,77.73311721282255,1,9,28,4241,1,40.91674135589352
202412,P059,1,9,1,4.796585506509355,3.592039374335781,3830170.0573348966,3771903.548666145,0.0,4875692.557705395,1978067.5718127813,1657783.0780871322,414722.94906413264,396474.6031927906,195963.10806495976,16474.94032521323,9535178.808252404,150222.2554973215,339957883.2752081,0.0615605730109168,87.43286234305455,6,12,13,2134,1,20.467844780715023
202501,P059,1,9,1,4.792764711354248,5.098831344868115,5458485.589014058,4987519.652619727,2625655.5981004494,4866884.002602592,2614987.995744685,2306961.179008998,593320.1230722151,556579.4674267997,196931.9270537544,15833.751479012166,11151498.446388057,621188.1918916516,346265983.5369181,0.0441473277643092,63.5591979247739,7,13,14,2217,0,70.07408881070953
202502,P059,1,9,1,4.7635800160561725,9.691846510318964,16638598.811937643,13656035.75719786,6262855.732571191,5912199.580908761,2757605.6203099675,2267009.5504332427,777864.6678990322,695579.2992391501,193241.9247034311,-1594.048932501406,12601906.59456108,3603751.246631436,344104988.08780694,0.050112664739149,66.57565678127894,14,11,26,4096,0,39.186687348835584
202503,P059,1,9,1,4.743658197395995,18.20683764321048,30846299.488210235,28102471.74055717,0.0,5121971.464399406,2972802.783232721,3576244.062681732,993668.3270860384,774166.2849238227,204703.07201405813,-15957.323951590795,13627598.670386188,6347578.994284496,330366758.9989077,0.0880364678580031,73.16192517954858,48,12,17,2644,0,45.60740988965266
202504,P059,1,9,1,4.7450779367881895,19.96171618324077,6357200.866846447,5240294.403132546,3505132.313272099,6545157.761936835,4395649.46943466,3786223.177512005,1161287.9430664463,774178.0326485548,200791.90718307067,-17746.21409631483,16845542.077685256,7464485.457998395,341572903.8048077,0.0571023768197547,79.64373542144314,11,17,17,2734,0,55.74810314161325
202505,P059,1,9,1,4.727919139936068,26.95832657658598,25345832.57072195,23190266.002838407,4397617.529530365,6336351.813782257,5104481.968869971,3985826.189978158,1434767.439363254,684382.3758088832,196581.5828901453,-32307.91422319452,17710083.456469476,9620052.025881946,336800710.8260389,0.0702758146624998,84.22729077270071,21,9,21,3618,0,49.93140230067974
202506,P059,1,9,1,4.7404148320545385,34.51373000486542,27370109.17166005,24760341.30468992,13935437.3641764,6458911.405346288,4772043.351899684,5563093.828278046,1764640.1970448303,911237.5788910064,192495.62272458192,-25264.19541698928,19637157.78876745,12229819.892852085,332163087.8364508,0.0830777777145442,77.27112629649478,46,19,15,2327,1,39.75937538509838
202507,P059,1,9,1,4.741950908965562,44.27539121964888,35362470.8040542,34596303.84457398,28236535.42918637,4472578.652519883,6427343.17732815,5446886.198191241,1495801.3815895498,1105360.7064292715,200474.5099744631,-19591.63219624296,19128852.99383632,12995986.852332294,319933388.4074137,0.1168373482056435,79.17316707339273,60,14,19,3167,0,41.73661182375765
202508,P059,1,9,1,4.72688476850031,55.876498309165626,42026024.23104503,39575824.78608964,4997653.391798675,5158803.577518656,5438478.745060673,5474963.853145127,1649235.892374311,954227.415291909,188899.96171763053,-34188.46616917265,18830420.97893913,15446186.297287704,301503106.7332583,0.1677133649842875,76.89817969270369,69,8,24,3731,0,36.55290728037783
202509,P059,1,9,1,4.759654517998137,60.9467958196568,18367595.815666728,19014816.260889582,22973898.18921983,4802792.073547454,5453710.225380354,6554869.571708712,1676159.4810163244,1079685.678661976,196656.64563083017,-5883.014823495211,19757990.66112215,14798965.852064848,304978560.0680993,0.1581195223451533,75.65934381742817,18,17,36,5689,0,42.08671270517761
202510,P059,1,9,1,4.735518592980255,72.52561557300469,41945286.40812432,37026968.30110164,25230834.708327107,3370633.384736841,5689515.133032417,6085635.058612521,1304146.1237965247,1041609.0474415016,201053.49490948112,-23683.03413780285,17668909.208391484,19717283.95908752,285469125.22267425,0.2119744960284676,77.82310609202095,33,11,35,5779,0,32.86735816531532
202511,P059,1,9,1,4.734765282928205,78.36605579971341,21157505.106510945,20204677.02432704,32807188.07809136,2707555.1575999246,5982708.120175206,7694789.888378625,1596333.5002949983,966160.0568811424,190818.5120489904,-26697.42002548098,19111667.8153534,20670112.041271448,285830609.5088316,0.2109766338724297,82.09971817484728,28,6,40,6882,0,75.53297886791853
202512,P059,1,9,1,4.738174011515933,86.12071734252021,28091939.104333103,28601850.858099774,37998120.430015735,2181352.1432676967,5861565.430517816,7196749.50019993,1304009.9498322697,882279.0605547995,196373.5530797728,-21437.648470738783,17600891.98898155,20160200.287504792,278541207.7976758,0.2310987204644695,80.35588901523424,30,9,18,3116,0,39.64169441305018
202601,P059,1,9,1,4.757142978574577,88.30890228402315,7926891.172025325,6749425.715993932,18692095.51761323,2050459.1955127057,4952284.94944533,6432096.534280845,830105.5603313679,1016883.0356744276,201873.14234194817,-6147.217964047715,15477555.199622575,21337665.74353617,286995580.2035105,0.2077607813066914,83.380162833534,10,4,41,7080,0,45.83916014990363
202602,P059,1,9,1,4.803622759767963,90.59374973718816,8277059.567679033,7423740.057832269,32386954.93079308,1210223.6069837492,4825700.523656886,7076972.774906916,692086.0468628159,766985.3294955209,191672.87834380948,25697.098227652183,14789338.25847735,22190985.25338298,294451488.3596508,0.1871790606820008,67.17627916308646,14,3,19,2844,1,42.20919243712258
202603,P059,1,9,1,4.794698000505498,92.03035699996316,5204235.351851532,5134593.05862258,19534673.722882543,962701.9559420126,4164779.87094569,5836397.905718175,632297.0697010289,541421.2369269007,196085.7686924028,16088.498078770595,12349772.30600498,22260627.546611905,302190336.23327106,0.1658162968769424,78.95653792655871,14,6,28,4253,0,31.43697382358872
202604,P059,1,9,1,4.783696929379321,93.27828708247972,4520735.778215721,4247004.57060151,28872891.62238434,603513.3498426495,2974688.19984274,6206533.728908793,379700.7659329695,690340.3958535725,194341.01325299835,9948.307316565846,11059065.76095029,22534358.75422609,309244054.49495524,0.1463448045265837,71.31974206153332,9,5,33,4856,0,73.6034310677368
202605,P059,1,9,1,4.7526799228543615,97.8900015548736,16706338.685436629,14306988.587969271,7172704.64877209,314774.870237547,2919035.0892441366,5383859.315636975,270270.7914457005,617681.4743166239,202302.8807153513,-6223.023838056292,9701701.397758275,24933708.85169345,304144029.98826003,0.1604232075028102,74.14807144918888,27,5,51,8738,0,55.855960400176855
202606,P059,1,9,1,4.750101776626294,100.0,7643653.756328094,7004646.294571936,7468927.003152556,211604.6044128208,2053955.3309779763,3560051.266998346,185109.5779269152,503676.6586871939,192076.19191115448,-4919.046460490918,6701554.584453916,25572716.31344962,304073348.6004873,0.1606183204985764,75.13519666697871,8,3,42,7127,0,68.38369255929652
202607,P059,1,9,1,4.732812326232135,100.0,0.0,10664060.763894476,5257197.35965147,145167.2833208696,1689107.5622183594,4075306.0104341046,121999.87410412972,448012.6578398328,197059.5410856153,-11510.153290719973,6665142.775712192,14908655.549555125,310738491.37619954,0.1422194744209985,81.28474655179997,20,5,55,8107,0,63.12463132995782
202412,P060,1,2,7,1.0,3.627244363630026,10569219.510017572,10682365.578301102,0.0,578877.1207725618,81935.18890353326,318360.60643248475,37401.48463607922,160980.0007382226,878976.7630575646,0.0,2056531.164540446,-113146.06828352997,230451167.3692357,0.2091159643909881,64.51564662704322,19,4,17,2894,0,51.79840851948923
202501,P060,1,2,7,1.0,3.718448178634804,265753.5705622648,282224.78298197134,0.0,816571.2821469764,107176.58015188096,410475.9497965443,52845.54727427962,201168.1860341325,833582.8770997121,0.0,2421820.4225035263,-129617.28070323728,232663256.9211214,0.2015243069830619,46.62666487903036,1,3,17,2627,0,43.76609039078183
202502,P060,1,2,7,1.0,3.718448178634804,0.0,0.0,11073921.938196432,906770.846796121,129276.28901948252,497710.6743097091,73989.39025228177,228907.7041787234,904708.867950212,0.0,2741363.772506529,-129617.28070323728,235404620.69362792,0.1921162364220718,69.50162441669346,5,3,21,3575,0,56.75753978217185
202503,P060,1,2,7,1.0,3.718448178634804,0.0,0.0,276829.6122650879,1022881.625819918,182015.5033959866,606619.6370031843,88368.20122902108,292871.78807160445,866773.3816405594,0.0,3059530.1371602737,-129617.28070323728,238464150.8307882,0.1816162525444994,66.8730907834755,0,4,25,3913,0,55.89758651419562
202504,P060,1,2,7,1.0,6.423817852667532,7883021.675435456,8096513.424912754,0.0,1251211.3261553629,201286.4060247565,724460.0558488141,124164.71460538736,324719.9200756672,883792.3652962937,0.0,3509634.788006281,-343109.0301805362,235747033.65003413,0.1909411113667344,57.63483121003578,15,2,13,2112,1,71.79531314622929
202505,P060,1,2,7,1.0,8.930681479740707,7304606.279599898,6972414.070461206,0.0,1476828.503100078,244941.996155514,941600.0156217164,144889.2266072236,350747.2648291979,860968.6689280942,0.0,4019975.675241824,-10916.821041844783,233987600.5321229,0.1969792997628393,61.43340767266869,8,5,27,4362,0,28.608371908979105
202506,P060,1,2,7,1.0,9.341832749586631,1198030.1262292543,1272283.1594155254,8241567.257194512,1622010.0463672718,281798.48650074314,1036732.653126743,222650.76755866173,446644.3726815203,841372.7710852054,0.0,4451209.097320145,-85169.85422811657,237490051.18975896,0.1849592594989755,65.18633058259455,3,6,20,3082,0,39.53975801704842
202507,P060,1,2,7,1.0,11.539050629986992,6402347.281076549,6308664.96427492,6183687.751081336,1790142.6315706363,346064.9286243086,1137046.4080754882,264120.75729186233,461948.71396311047,885946.458695601,0.0,4885269.898221007,8512.462573513389,237300911.10312137,0.1856083682742663,55.37480229580886,11,5,27,4039,0,20.1488371710136
202508,P060,1,2,7,1.0,11.539050629986992,0.0,0.0,1397895.2132344453,1829593.8411151047,414306.7112065854,1530710.6031137188,321885.91820476105,503475.210312265,872533.134383838,0.0,5472505.418336273,8512.462573513389,242773416.52145764,0.1668273084100247,52.65821187671124,2,5,23,3988,0,40.03930898009064
202509,P060,1,2,7,1.0,17.64665635159331,17796602.34627653,15671166.146610815,5898920.450240523,1823389.41181582,454565.9927995452,1681911.4709687878,383339.7730966565,518973.35853751993,885993.5309221413,0.0,5748173.53814047,2133948.662239224,234379206.5867585,0.1956353491966749,55.75390368271205,23,4,15,2557,1,37.80515016554277
202510,P060,1,2,7,1.0,17.64665635159331,0.0,0.0,0.0,2326978.575670071,536316.1412697855,1958905.901901431,435041.19359299965,622609.600326585,876271.9612499494,0.0,6756123.374010821,2133948.662239224,241135329.96076936,0.1724490482544504,47.63655107682182,1,10,20,3467,0,65.11715568772479
202511,P060,1,2,7,1.0,20.60630383572147,8623947.216149671,8701169.864522673,17219438.157307573,2284193.4347373,613600.8596152134,2332116.9347110777,569297.6175360929,697489.8288409103,841271.9948670983,0.0,7337970.670307693,2056726.013866224,241600528.09474748,0.1708525374545336,59.67682921260561,14,11,15,2479,0,42.66582742987161
202512,P060,1,2,7,1.0,25.37701901027986,13901113.585084751,13415686.911131551,0.0,2146950.5812612986,613777.1773636319,2501349.766965322,587069.0607923481,746068.1371620045,802157.5474105318,0.0,7397372.270955137,2542152.6878194213,237892603.59421465,0.1835777422178333,72.17435899291151,13,7,12,1978,0,40.28113741462048
202601,P060,1,2,7,1.0,29.30301528326192,11439735.580188932,11162657.680576269,8172337.589863534,2134696.5032454827,719818.0382357212,3131570.445359482,602086.8990921755,812734.3276862171,817010.8701180047,0.0,8217917.083737083,2819230.5874320865,236946626.8283445,0.1868242344388296,62.81727024436203,13,4,10,1548,0,31.0982433436333
202602,P060,1,2,7,1.0,33.79424807577932,13086745.886400787,12561354.513457043,13988834.822287189,2141846.253638781,758119.3534108263,3100367.929991872,682449.5509878066,815078.9355218229,869004.4552927989,0.0,8366866.478843907,3344621.9603758305,234802636.403468,0.1941821828445175,70.9504222825577,20,7,26,4329,0,27.060925090256728
202603,P060,1,2,7,1.0,37.984415679899065,12209489.284969268,11820872.357327554,10035174.996686367,2123555.491481771,829615.5308540598,3735909.953239473,701042.1975032411,858386.9885683301,833343.0171048316,0.0,9081853.178751707,3733238.88801755,234051647.6782801,0.1967594967303778,57.041676015921,12,6,23,3974,0,31.13779123682001
202604,P060,1,2,7,1.0,41.19579052366644,9357441.145420372,9392561.52386482,13187062.163028715,1834328.263724995,939376.6444468636,3712107.450423924,791070.1999719678,833871.9401546147,886179.995405764,0.0,8996934.49412813,3698118.509573102,235495259.7750675,0.1918051726798866,60.84959023972543,12,4,21,3024,0,66.56397456988691
202605,P060,1,2,7,1.0,46.393558685497695,15145478.814555686,13972464.095054671,10990668.039115457,1877156.9307909184,912761.069147807,4319158.719200837,784777.4633964845,906156.1546631886,803077.9479710858,0.0,9603088.28517032,4871133.2290741205,232840999.1664576,0.2009143143937665,67.0456825979901,13,5,19,3227,0,47.49197848854424
202606,P060,1,2,7,1.0,52.57247638190382,18004394.223468322,17737896.166597497,7810770.246563135,1657737.2172952483,1050345.505631908,4180014.517891077,793617.9165280163,963601.8366116676,896266.6220489219,0.0,9541583.61600684,5137631.285944968,227760148.2143649,0.2183512575483246,67.24601805571398,27,5,14,2275,0,74.8626115674769
202607,P060,1,2,7,1.0,59.853135334477706,21214694.94002275,20906841.370931342,13774845.615233464,1688303.7301499888,962137.615772591,4516687.407226916,849832.9714704549,910000.8555237337,869467.1103871778,0.0,9796429.690530865,5445484.855036378,220255292.5015916,0.2441071286968165,52.60644401665208,33,5,11,1687,0,59.00846221021085
202608,P060,1,2,7,1.0,64.08326919032656,12325944.655815836,11293233.14468762,18999226.56755952,1475137.7050537402,966338.9809443376,4375085.105049036,817173.3694522433,1007329.66278895,872130.4171646655,0.0,9513195.240452971,6478196.366164595,219680707.26532707,0.2460790444638133,66.47171145438536,13,4,24,3924,0,51.35247178216267
202609,P060,1,2,7,1.0,65.74596167949618,4844824.371883325,5060080.780079569,22341874.356998622,1257947.2347595782,978805.7224473506,5177560.02692716,712375.3274110232,928504.5201757592,864814.6126802926,0.0,9920007.444401164,6262939.957968354,225628464.6153256,0.225666970229218,73.44749907363497,5,4,27,4163,0,49.57054037390371
202610,P060,1,2,7,1.0,71.32820198503093,16265770.163832888,14550192.016633242,11847024.234016528,1066590.1409122497,916606.6368523742,4784583.867950946,670679.5783784686,934499.0044475558,872249.5850240308,0.0,9245208.813565625,7978518.105168015,221507900.68786275,0.2398083098680632,57.92489859382589,12,5,28,4635,0,37.10189115096497
202611,P060,1,2,7,1.0,75.47834500969437,12092863.956300642,11716064.271957813,4925717.857212653,932935.921664934,951134.4211809709,5028392.308106211,703924.5459233255,910930.2960217728,886808.5348865325,0.0,9414126.027783748,8355317.789510846,220955678.0435232,0.241703479584475,89.5969283685384,8,3,10,1604,0,32.37268180151874
202612,P060,1,2,7,1.0,80.37013790716182,14253915.024113864,13402784.273193544,12537404.225406488,783298.5195095913,879894.8085128355,4851917.957227877,558760.4443920342,870924.5065708702,843241.5144607963,0.0,8788037.750674004,9206448.540431172,217958720.64155087,0.2519887204521098,59.05493044134992,12,5,21,3272,1,34.78223831196194
202701,P060,1,2,7,1.0,82.55777125912034,6374419.472843542,6678351.23691527,12426790.198631572,596732.7093775577,878494.7814675517,5093818.939092252,545980.5215391684,886149.7435175171,865301.9138071189,0.0,8866478.608801166,8902516.776359439,221518675.3241081,0.2397713324559143,46.783011937392565,13,5,24,3380,0,43.615492307487145
202702,P060,1,2,7,1.0,82.55777125912034,0.0,0.0,13647799.94827881,544577.5129505385,775531.479930335,4463997.834268713,459416.72083362384,743097.5383560557,899983.6074250255,0.0,7886604.693764292,8902516.776359439,229405280.01787248,0.2127053391755958,65.76151566635173,3,4,27,4330,0,19.361058483433624
202703,P060,1,2,7,1.0,88.78123784832661,18134202.68954632,19189225.64478787,7346186.360606797,411957.8157935079,712675.2767103077,4734150.019843285,385811.6931706035,786663.6049483261,855036.169670033,0.0,7886294.580136063,7847493.821117878,222195363.74062893,0.2374490093719513,58.72379438169667,26,4,50,8233,0,57.74265134926667
202704,P060,1,2,7,1.0,89.03951379181055,752575.4725018911,721769.247468099,0.0,332851.5755055248,663496.579543982,4475885.788018393,321352.1747033987,688455.886639063,831227.7830049589,0.0,7313269.787415321,7878300.046151698,228882135.73194703,0.2145007150410414,50.01912255013399,3,3,52,8022,0,46.98106642844703
202705,P060,1,2,7,1.0,93.77095744881004,13786682.560328525,13560693.342159389,20305539.308861747,250249.5250833813,625865.8309930398,4124187.646373918,249709.51791740576,691150.414525218,843931.3009762284,0.0,6785094.235869192,8104289.26432085,224190206.65901345,0.2306029194358123,47.96172582887818,13,6,34,5702,0,41.42642419056869
202706,P060,1,2,7,1.0,93.77095744881004,0.0,0.0,793946.172214909,184407.86805648485,482895.2014693316,4003832.254360004,205822.7259299629,625458.0986910058,865279.9740680585,0.0,6367696.122574848,8104289.26432085,230557902.78158823,0.2087496597433378,76.85907397495092,4,3,30,4513,1,65.00586555226151
202707,P060,1,2,7,1.0,95.12930456337368,3958009.8238140726,4125785.123621417,13318040.826669334,135998.50666430965,457590.5125393529,3700003.097753102,180902.25497744305,498515.5442853331,819189.683236844,0.0,5792199.599456385,7936513.96451354,233055171.145368,0.2001792988113822,60.49878896307675,5,3,30,5084,0,53.44213300356467
202708,P060,1,2,7,1.0,95.67361620928648,1586038.5159587318,1474949.9611220064,0.0,114323.58734457807,398179.7798860046,3583161.009278609,130798.17088119396,525232.8596576751,854340.9436673037,0.0,5606036.350715364,8047602.519350231,237340875.2887765,0.1854712154154129,57.58222904332887,4,2,39,6521,0,47.28787359736812
202709,P060,1,2,7,1.0,95.94955682051636,804047.5356610294,773565.7774198501,4203468.398682858,82362.2738500887,339773.0362325295,3293298.2216561567,92783.3335581512,434736.9043333487,853212.5948408851,0.0,5096166.36447116,8078084.277591407,241767694.82033223,0.1702788389306369,62.2945142562012,4,2,28,4749,0,33.01435194019753
202710,P060,1,2,7,1.0,99.0095644763979,8916380.969982283,8447623.072807562,1560520.8502866116,57248.89204197752,300922.8795560906,2940284.8944835463,71905.19150213199,397498.5946993705,849668.8824868812,0.0,4617529.334769998,8546842.174766123,238962589.17566785,0.1799056648560063,56.92452496192863,9,3,37,5601,0,72.7215363983789
202711,P060,1,2,7,1.0,100.0,2885973.320251735,7696804.722213009,790988.3261048777,44304.05823851949,225117.5404475452,2399632.403645484,49276.149994370455,348817.4298825079,852270.3368528689,0.0,3919417.919061295,3736010.772804856,240479515.92833188,0.1746997326597593,61.73550783108237,14,1,56,8883,0,37.76513137012686
202208,P061,1,9,1,1.0,2.307079990379399,3848456.1870057182,3241515.0157130044,0.0,1821685.8258825613,180764.05894723025,375632.8240764053,161835.58298190427,293856.48974702,1112100.5517674317,0.0,3945875.3334025536,606941.1712927138,145617509.2482107,0.1270493270268461,99.95552208626906,5,5,18,2744,0,42.6939440001133
202209,P061,1,9,1,1.0,5.628395984638866,5540310.323183423,4807548.644638223,0.0,2866663.776746718,374845.70515841874,685937.1571416614,449527.2418193604,476822.7613824472,1126672.1950533425,0.0,5980468.837301949,1339702.849837915,147043321.77349254,0.1185018384047412,92.61753049137138,5,10,15,2445,0,39.737759010730265
202210,P061,1,9,1,1.0,8.575800009479575,4916585.164928954,4380826.482742515,2883949.354966565,4668133.113704055,687316.8483889381,1303993.187690036,910638.1369393476,640744.9169169104,1217571.5869035767,0.0,9428397.790542863,1875461.5320243533,152414389.94015428,0.0863032546294891,90.04636079588356,9,15,13,1939,0,55.76946080962462
202211,P061,1,9,1,1.0,16.035594826804953,12443735.64776482,12426082.159687346,4477169.227779496,5667508.243033448,1033912.0990514364,2041967.002007197,1639936.3240449943,906084.6288820468,1120307.806245182,0.0,12409716.103264306,1893115.020101823,154490269.55903155,0.0738587311675386,75.57356991891095,27,14,13,2275,0,35.561545715829354
202212,P061,1,9,1,1.0,25.53652390092868,15848565.905857928,14233317.103188654,3993362.615720951,6377174.896589717,1508434.827426267,2942485.803853147,2536551.106672256,1166875.2490997657,1109706.33691607,0.0,15641228.220557222,3508363.8227710947,156835528.980671,0.0597993244314497,86.02742808481469,11,12,23,3658,0,12.50868838617961
202301,P061,1,9,1,1.0,42.50166183753364,28299664.653064724,27451612.71943228,10989523.818957277,5979868.959481047,1894263.9880400216,4212959.516893235,3575683.107944417,1325753.4629918332,1165186.675185356,0.0,18153715.71053591,4356415.756403551,150872505.46735454,0.0955465736172017,82.29388475045488,24,11,24,3443,0,49.62250674749004
202302,P061,1,9,1,1.0,56.7203344703558,23718266.76707236,22373316.93799612,13903715.273542596,5249204.072438429,2099115.494273863,4832686.349469643,3775195.598199643,1518285.7551586567,1128948.2929357984,0.0,18603435.562476035,5701365.585479781,148893048.76540038,0.1074130591038248,89.14199325773508,20,13,22,3424,0,39.35110076401938
202303,P061,1,9,1,1.0,74.21023813666928,29175030.01865539,28820671.687434167,26815913.97728644,3819674.1140027153,2150578.425290158,5841661.533527635,3638899.600241459,1558737.9031111065,1105033.9807469165,0.0,18114585.556919992,6055723.916701004,141226060.00995883,0.1533752722215619,82.03490639000051,24,9,22,3464,0,26.70220838641316
202304,P061,1,9,1,1.0,87.05802085512748,21431475.760848902,18762326.80390337,19288513.87426005,2238202.3597259773,1918143.8448717217,6031859.921976981,2689451.6377649563,1452519.676253576,1124348.797537423,0.0,15454526.238130637,8724872.873646528,137339989.88843027,0.1766715608706613,81.38285756793181,15,3,25,3607,0,44.121835419109146
202305,P061,1,9,1,1.0,91.9649511406724,8185284.556824382,7964921.135811077,24501855.59408001,1309830.7733451014,1626426.4707231976,5223240.30724027,1678795.2665856308,1264789.129983394,1074394.2333251766,0.0,12177476.18120277,8945236.294659823,142083109.47966978,0.1482374154128715,87.2644038785219,11,5,32,5328,0,73.57561099286949
202306,P061,1,9,1,1.0,96.74646935379998,7976083.806077864,7743942.975374872,16408836.429210767,585757.0341614449,1149682.4026977164,4604616.666710066,921261.7723084764,1048352.0580538888,1116098.1379771137,0.0,9425768.071908703,9177377.125362812,144264529.38088775,0.1351601970162887,91.61940295712552,9,8,27,3893,0,54.77585341624507
202307,P061,1,9,1,1.0,100.0,5427237.1123647485,11741525.39112327,6180851.633568178,232414.93132488665,770250.0493677568,4078192.9259368735,459217.4087081826,706562.9710661761,1186994.3109060354,0.0,7433632.59730991,2863088.846604288,146768826.20355287,0.1201473897793258,79.45550077516964,15,5,30,4774,0,46.32904942350199
202304,P062,1,6,1,1.0,0.0,0.0,0.0,0.0,1940014.2662914745,548065.6642558107,183647.1991083113,330089.57913938013,213895.3636182157,526614.7786582969,0.0,3742326.851071489,0.0,255983703.49879065,0.031223780460118,80.97635069836295,0,6,8,1188,0,18.21310270905172
202305,P062,1,6,1,1.0,0.0,0.0,0.0,0.0,3017045.7321770703,862565.42673237,214482.38969224287,581608.2674953141,286352.49001646205,529421.3546291618,0.0,5491475.660742621,0.0,261475179.1595333,0.0104411643888779,85.4068968696546,0,6,20,3449,0,59.1069304228184
202306,P062,1,6,1,1.0,4.936560157772044,13044074.84662705,0.0,0.0,3625975.897238074,1714075.8490898605,334864.3631552687,1117860.3100280622,329722.7026837116,510687.72126927495,0.0,7633186.843464253,13044074.84662705,256507880.92365265,0.0292400189273125,86.36888626339955,2,9,17,2775,0,28.774058353189304
202307,P062,1,6,1,1.0,7.301259250966877,6248341.147594877,11824865.140394054,0.0,3624539.6331767705,2206639.857788922,575199.8950082471,1402817.4336641694,499922.9095744812,517630.4829261504,0.0,8826750.21213874,7467550.853827871,259304238.38454592,0.0186571397345395,91.60922634200028,9,7,18,3140,0,45.01226509179773
202308,P062,1,6,1,1.0,9.068252898549575,4668999.5980897,5821004.013112271,0.0,5801058.47627875,3292106.944184488,848949.9913437159,2686460.371617265,671739.8843940989,529656.777421412,0.0,13829972.44523973,6315546.438805301,268630379.8554738,-0.0166378573828934,81.281999510619,8,8,19,3043,0,58.11359858014441
202309,P062,1,6,1,1.0,15.989352115683744,18287903.585474502,4786825.861787406,0.0,6641052.540297105,4097783.247363564,1257015.5202479977,3860231.932629807,789038.2832818996,515098.4143083778,0.0,17160219.93812875,19816624.1624924,268168661.4228641,-0.0148904733442934,99.23702626151471,9,15,17,2437,0,6.794682384465495
202310,P062,1,6,1,1.0,22.09123685322803,16123259.654135527,17291191.20405227,11051126.325796695,6782645.195895042,4878964.557326594,1476575.3673708066,5464490.083702218,985539.3445815726,518933.89685674006,0.0,20107148.445732974,18648692.61257565,272764823.71576166,-0.0322847553616487,85.40875582584972,23,12,19,2726,0,36.24381276759208
202311,P062,1,6,1,1.0,30.32088874112266,21745545.83688721,16338005.12136514,6070264.028380379,5158245.068215617,4964867.238682877,1562396.752282068,6210159.038888653,1087312.4506793192,527003.4780096262,0.0,19509984.02675816,24056233.32809772,271392345.3585739,-0.0270905794195738,91.3982023720807,32,11,33,5684,0,39.45331163609758
202312,P062,1,6,1,1.0,44.94633237317308,38645407.99755814,21155226.94459886,4774991.860943397,5893376.969705137,6188609.954860998,2310405.6307786778,6479109.7577095525,982058.8229190686,534908.4332722882,0.0,22388469.56924572,41546414.381056994,256774978.12443325,0.0282291834214377,91.41448726816743,31,15,25,4315,0,20.398704474584125
202401,P062,1,6,1,1.0,55.65968398208015,28308327.211368542,35322837.52265242,18589513.804475795,4986892.602903141,7138330.013015077,2612969.050568174,6867759.54624167,1004978.3270549952,520561.8392553098,0.0,23131491.37903837,34531904.06977311,252885017.5216372,0.0429508288833475,96.88549665793713,34,16,35,6020,0,34.83583948942916
202402,P062,1,6,1,1.0,68.96630243734786,35160622.28326156,27205150.897744056,16770198.924687972,4445490.850351004,7919292.82346064,2629742.6255547395,6521730.117707801,1103758.477278964,529957.5076529703,0.0,23149972.40200612,42487375.455290616,242573841.99369925,0.0819737100684971,91.51748580115898,46,11,16,2245,1,26.72351742315849
202403,P062,1,6,1,1.0,77.59284302783352,22794261.09142078,32618615.182213992,20313410.33603275,3707231.242683423,7715324.46422119,2690335.627915459,5576231.666735643,1215135.0257348802,528956.5323449245,0.0,21433214.55963552,32663021.3644974,242374394.05525312,0.0827285253835423,99.30946956382542,46,6,20,3293,0,44.52167986375585
202404,P062,1,6,1,1.0,85.54647562428158,21016208.77187169,19061111.771736216,33712685.09094731,2522000.9810357746,5623228.674398383,2719578.0651994506,4473337.690193322,1180497.8814184126,520098.482538669,0.0,17038741.77478401,34618118.364632875,239534984.8432998,0.0934743349194053,93.09848244869195,23,10,33,5642,0,2.585172693042323
202405,P062,1,6,1,1.0,89.81310607579266,11273892.178704128,19928510.121924773,28442324.934473418,1592092.066409992,6302552.128345281,2665239.212087577,3777629.724383704,961888.6900829242,526294.4187795725,0.0,15825696.240089051,25963500.42141223,244706438.3264552,0.0739028501472846,85.38023083777071,19,6,50,7420,1,66.85563968926154
202406,P062,1,6,1,1.0,95.60034597296868,15291860.72113415,10339024.274539031,30924533.813847903,1005622.844651204,4711337.082734399,2255720.3461726075,2981996.4352549794,963271.6253900016,533841.8965460195,0.0,12451790.23074921,30916336.86800736,242706857.7488216,0.0814703088807445,89.92147730101729,10,4,38,6087,1,33.06282347227378
202407,P062,1,6,1,1.0,96.85196615186638,3307207.1992046223,14654388.271663042,18948673.96587092,539258.8345841088,3351543.427618354,2407239.4983035945,1713204.283199747,753297.7977976791,524436.3197925144,0.0,9288980.161296,19569155.795548946,248870405.46945933,0.0581442206253593,87.12429359216168,25,3,23,3354,0,29.022438718853405
202408,P062,1,6,1,1.0,96.85196615186638,0.0,3339510.77693874,20837462.476033967,331853.66770341987,2696348.6459406028,1646474.5731585526,930650.3713396544,621289.8460629962,542097.3229440108,0.0,6768714.427149237,16229645.01861021,255639119.89660856,0.0325278650361072,102.9658333884459,7,3,25,4048,0,39.36680499061549
202409,P062,1,6,1,1.0,100.0,8318178.614742721,5467909.456045897,9979855.615193551,183459.53797746828,1779055.339605244,1607098.2511489757,529195.4145348861,537573.5587064687,538076.3048542403,0.0,5174458.406827283,19079914.17730704,252952593.57409725,0.0426950857569731,78.36346006921798,5,1,35,5891,0,15.815526504828355
202312,P063,1,4,3,1.0,1.2616791046076736,1959590.296926361,0.0,0.0,858035.8143336015,88069.00645185336,169043.1103912261,20660.432039659147,79477.57747763657,901992.8098891744,0.0,2117278.750583151,1959590.296926361,125898505.46147671,0.1894044694381879,61.54025358634374,2,8,20,3187,1,7.493901546170688
202401,P063,1,4,3,1.0,5.185262760721902,6093955.61329449,0.0,0.0,1101341.2675199022,163011.867254372,213974.5245497496,30096.820566364004,98633.05009731202,955577.7288120884,0.0,2562635.2587997885,8053545.91022085,123744914.31277455,0.203270331891413,62.57571185422496,3,5,20,3461,0,20.82250185219249
202402,P063,1,4,3,1.0,5.185262760721902,0.0,1997181.6554401563,0.0,1501128.3728350045,184774.46545447464,314179.4746798862,50674.77866436311,143428.11073089903,842886.4158084942,0.0,3037071.618173121,6056364.254780694,126781985.93094768,0.1837161944482123,54.04823521527876,5,6,11,1663,1,32.611389247477284
202403,P063,1,4,3,1.0,5.185262760721902,0.0,5792394.9585164655,0.0,1691735.8958695417,268147.3855641509,448767.4668357946,79147.7294229001,166739.14915585,948302.8720479996,0.0,3602840.4988962365,263969.2962642284,130384826.42984392,0.1605193630400269,74.10567796704277,11,8,13,2234,0,35.85269144482626
202404,P063,1,4,3,1.0,5.81059591685621,971242.8307895052,0.0,2074983.8198340368,1816297.3068762133,331794.3955929235,607970.6828288266,122643.39107921335,202319.11779856248,912553.725861566,0.0,3993578.6200373056,1235212.127053733,133625193.68074174,0.1396563098899611,52.70354459455932,4,8,16,2778,0,41.601215263664606
202405,P063,1,4,3,1.0,10.075543662315848,6624148.8730206825,0.0,5615593.460835261,2499474.6540505304,398537.78503608645,735602.6296309384,156573.7758322847,238701.58199090563,893842.8009255443,0.0,4922733.22746629,7859361.000074415,133399461.2016712,0.1411096848761574,43.088382242156506,0,4,11,1601,0,52.63863326396488
202406,P063,1,4,3,1.0,13.517420633575384,5345787.76129591,1021303.10665655,0.0,2924697.25557165,599487.4477127638,975506.8655726636,206894.1906159164,293035.8790668763,907727.731877462,0.0,5907349.370417332,12183845.654713774,135137482.88921237,0.1299194598073503,65.64076581817304,3,9,8,1200,0,45.17740548696465
202407,P063,1,4,3,1.0,19.055700291331537,8601837.85193013,6202826.293707467,0.0,3060291.195341246,691359.8168092949,1188876.7288869692,261258.0307809285,327853.92780153936,878936.6936561591,0.0,6408576.393276136,14582857.21293644,134810176.8794812,0.132026814359667,53.892014142608126,5,11,20,3119,0,47.28373648202217
202408,P063,1,4,3,1.0,22.749913335242912,5737706.211658774,5001376.069981133,1058496.4968171292,2747805.300686556,703404.305708638,1421863.1577802906,259973.93513764683,379129.1509854125,865580.1722029422,0.0,6377756.022501485,15319187.35461408,136676315.0024263,0.1200117136535417,66.60969727725805,9,5,8,1384,0,67.44184820327645
202409,P063,1,4,3,1.0,31.673462860108,13859705.688400837,8194243.872840773,6655845.614633411,2912029.618109334,926489.6338037928,1528738.8754875176,384593.72681978886,426475.25316011487,912934.8102350748,0.0,7091261.917615623,20984649.17017414,132808259.49104576,0.144916127713083,55.74247917040819,12,6,25,4280,1,29.249968373688965
202410,P063,1,4,3,1.0,38.89492462892094,11216090.018539932,5129036.334173309,4791654.387439749,2810912.408501593,1050040.0314421717,1770753.0758154271,384457.5119649978,402669.47589191975,886049.145271007,0.0,7304881.648887116,27071702.854540765,131180754.26726992,0.1553947942828175,62.18123119035218,7,7,12,1704,0,63.21706048472491
202411,P063,1,4,3,1.0,43.80692008604687,7629117.896284292,13975235.30274666,8296502.038841638,2622817.8466818994,1027594.7099382236,1849959.4635618296,440939.1098534945,493862.830434397,853634.6783230116,0.0,7288808.638792857,20725585.4480784,132361365.53471926,0.1477934473627925,54.02098994414625,17,6,16,2779,0,49.24546610615063
202412,P063,1,4,3,1.0,54.02323266287401,15867574.348187745,10873406.449675929,4941670.150945305,2629918.3547702413,1235671.5769157629,2073678.8170566736,489479.9382971759,452242.4788614309,864857.6292160257,0.0,7745848.795117309,25719753.34659022,127318830.4703241,0.1802597293962249,61.85543935823557,8,7,24,3485,0,19.005449983769783
202501,P063,1,4,3,1.0,65.49757982502891,17821504.121299613,7101178.112550594,12770757.591823906,2023825.826891153,1133900.1731120576,2112195.109444441,460856.412713556,506218.0068572792,906062.4452479066,0.0,7143057.974266391,36440079.35533924,119963273.57433674,0.2276183658059707,71.74190523757413,13,8,43,6021,1,33.72767556833595
202502,P063,1,4,3,1.0,71.36880955430381,9118962.790534826,15067835.537128575,11914890.034678424,1776235.5960614453,1055581.7605037908,2476084.68218067,391848.8974758719,506826.0161349672,876322.2316978257,0.0,7082899.184054571,30491206.60874549,119572043.48077494,0.2301372945581433,52.06404661462969,12,7,15,2300,0,31.57292725515964
202503,P063,1,4,3,1.0,75.60265295129676,6575838.823955961,14856444.80258973,6817526.429566706,1366073.1841135432,1079064.9960861353,2623281.983178064,371296.2719608248,417082.66882999206,924920.6303815516,0.0,6781719.734550112,22210600.63011171,120940754.22352304,0.2213248721498166,69.24701591964373,28,3,20,2905,0,63.537519947917225
202504,P063,1,4,3,1.0,81.12192386497254,8572314.219240487,8644037.340606114,15053834.399365386,1100436.3705207831,1089142.7702224792,2801793.185847326,306226.1073370117,432234.5196543047,918507.052937801,0.0,6648340.006519706,22138877.508746088,120491825.07631265,0.2242152953437522,44.9881880589699,9,5,49,7981,0,49.7575178116693
202505,P063,1,4,3,1.0,85.50477883234011,6807277.726581404,6012681.162831312,15197155.715913584,839850.8942400399,1002640.8025001152,2574899.459890943,276338.5375735518,465023.3159088203,898159.3838923298,0.0,6056912.3940058,22933474.07249619,120866421.32868576,0.2218034633142468,59.02092570331761,14,4,8,1173,0,43.669681538096256
202506,P063,1,4,3,1.0,90.96116503595472,8474644.164144155,7687164.190511909,8575627.149457645,571989.5971719896,768551.2135681005,2435737.3148809983,220288.06788268377,377382.8143975651,886207.2784892014,0.0,5260156.286390538,23720954.046128426,119052441.77653556,0.2334827418895861,56.57301304093632,10,6,37,5343,0,52.95584569170735
202507,P063,1,4,3,1.0,93.23829559233668,3536749.500585704,6783095.923232798,6119340.152121477,371137.4244751919,703687.7433418868,2650921.9729841505,159897.0475509501,312897.1226660384,913964.047157469,0.0,5112505.358175688,20474607.623481333,121212676.1119478,0.2195741073840945,66.2921017344338,9,5,29,4845,0,36.044018160778286
202508,P063,1,4,3,1.0,93.23829559233668,0.0,8470530.526716754,8455880.609563101,259757.42042361567,666798.5065993399,2149547.175367505,110886.7826112344,298065.30832313024,883729.3562822815,0.0,4368784.549607107,12004077.09676458,125581460.6615549,0.191445757353898,72.34748790893786,9,1,25,4371,0,53.9153491958582
202509,P063,1,4,3,1.0,94.95993199557374,2673977.858789724,3344816.953778739,6231051.6314016,191781.56882705507,517765.47195188777,2017401.5587572765,78552.41947039087,253458.9163334366,833713.35696374,0.0,3892673.2923037866,11333238.001775565,127242054.08879934,0.1807540529109367,59.40358382285683,4,1,27,4372,0,60.62833548494871
202510,P063,1,4,3,1.0,98.03350197877336,4773747.852370878,0.0,8697974.560909536,118873.01056613962,430892.7998710255,1623657.7648020212,49947.62608853143,233641.8622645086,895594.4663694218,0.0,3352607.529961648,16106985.85414645,126609816.9323618,0.1848247018148681,69.7744112234121,2,4,43,6683,0,41.33050377432579
202511,P063,1,4,3,1.0,100.0,3054287.2805354767,5792537.361679247,3463671.2702371334,67071.74719856492,272231.9519785686,1511551.4276824165,31601.906096482537,194289.94788760028,882208.8508961337,0.0,2958955.8317397665,13368735.773002684,127019232.90213887,0.1821886835871262,46.861977731579074,7,4,40,6047,0,66.0451652131759
202401,P064,1,4,7,4.616017722415955,0.5174624571122114,1352333.609151031,0.0,0.0,4300290.377819207,496420.8770509269,133654.0058491789,39380.43033064407,1661113.9438532707,791266.2040592537,-6048.968595850924,7416076.87036663,1352333.609151031,241031249.39488897,0.0777081800769176,67.57469757014378,3,15,13,1820,0,57.03158000283766
202402,P064,1,4,7,4.620375997160659,4.026611610323498,9170791.569875062,1149879.5727757595,0.0,7474593.833289461,1112672.0714057293,181533.36370625085,94597.11172535896,2869958.634877128,816693.2459576796,-9112.02539748726,12540936.23556412,9373245.606250336,245348858.1466976,0.0611871055547612,67.36257112903377,5,19,13,2206,0,23.86795840273592
202403,P064,1,4,7,4.569109819175912,4.9800129821309,2491614.0299358163,7841239.713978928,0.0,10645092.712458571,1968302.845421782,412715.04291033023,223529.8444248988,3963018.137958178,793839.4633595964,-35803.56094617116,17970694.485587187,4023619.922207221,261085137.76349905,0.0009731623294143,59.289683033846615,15,25,17,2614,0,45.68481503462782
202404,P064,1,4,7,4.566088700438644,10.187721018671752,13609796.242537737,2304062.050845128,0.0,13071826.393039208,2876214.4015528923,609780.8493177663,414431.5958919177,5343783.178585719,820615.3847823951,-45950.00718086055,23090701.79598904,15329354.113899833,271969286.6618862,-0.0406743896830683,73.46726828866264,5,29,12,1909,0,64.43315097984927
202405,P064,1,4,7,4.588475555521915,19.812946858672746,25154513.569435008,12524158.49316861,1147278.9729695392,14796887.001490992,3621742.469955862,882591.8586328763,664253.8827660762,7021870.256367001,785822.9165194739,-38639.56984046836,27734528.815891813,27959709.19016623,277135568.28728235,-0.0604428607609219,67.3474473632586,15,22,21,3503,0,58.23701442087834
202406,P064,1,4,7,4.563023888872839,37.74478931180863,46862980.859920375,23311265.61952852,7470778.628641116,13927448.750395322,4298553.251392577,1026684.0971587128,861157.7204074386,7367117.17148842,784069.9810409485,-52054.43740234077,28212976.534481075,51511424.430558085,263278525.98669487,-0.0074197079778498,62.60504417163813,31,19,27,3965,0,18.890381600046208
202407,P064,1,4,7,4.533509346826985,59.13228862281176,55893975.95213773,41434215.742593765,2273903.267596395,9632951.865707235,5381388.475530751,1563473.0429837466,864489.0829999497,8490276.640313428,782279.6215887541,-52173.32938411099,26662685.39973976,65971184.64010206,239720856.64314967,0.082722320437762,47.53341602338465,38,25,29,4594,0,58.94886208703129
202408,P064,1,4,7,4.494395892498098,80.20731859777761,55077370.26578418,55079767.18737973,11396546.24563694,8695948.091693565,5087403.934209277,1934290.513366489,891387.1065878206,8688226.994600829,769831.5059361729,-66142.45213415568,26000945.69426,65968787.71850652,216189198.1231263,0.1727648199755878,66.07681223800384,35,8,30,4258,0,40.32803720541487
202409,P064,1,4,7,4.522436572318257,91.6075018664464,29793177.79059467,48982276.88708108,23166748.285051752,5344374.659736535,5362386.583864169,1636039.7554830983,651842.2738636377,8155206.787867183,783656.2681154446,-35614.72484948486,21897891.604080584,46779688.622020096,211269673.8218456,0.1915890887472711,61.83723827043966,58,11,23,3688,0,87.49772806683832
202410,P064,1,4,7,4.499032762538345,94.10851833557476,6536143.0220802985,26256099.65381165,40740604.14099758,2792693.38558199,4036324.588923996,1433490.1969934478,466525.5888023422,6796394.191732522,804821.3711690586,-25513.03348316917,16304736.289720183,27059731.99028873,221691101.2858994,0.1517121129354268,62.97815145175937,40,6,48,7914,1,32.37006239634184
202411,P064,1,4,7,4.591529992693746,98.02687630296413,10240215.68937954,5618257.153529484,51155459.1239,1461647.332591081,2685200.8335997225,1292074.9507021743,214974.029230856,6083365.571496801,744409.4710681055,-6450.150407297501,12475222.038281444,31681690.526138783,224948907.00716785,0.1392463120271725,62.67607871711293,9,5,21,3261,0,40.29309343830749
202412,P064,1,4,7,4.67337284752112,100.0,5156550.883720097,20121587.093558326,45018549.30084187,613216.850385148,2297318.339189416,963117.545371011,120692.94160500888,4026050.641910144,787892.7095877903,1460.7232324606407,8809749.751280978,16716654.316300573,229117145.5152428,0.1232967939081021,64.65222298209964,14,3,42,6126,0,33.8713427548198
202408,P065,1,7,5,1.0,4.078191703161556,5720773.221319339,5053335.436583804,0.0,557933.5194790972,348972.0394695866,290400.20885400684,37348.35636324899,344187.0265879519,2195227.894374376,0.0,3774069.045128268,667437.7847355353,122970682.5588218,0.1233737155065136,55.17447755941807,13,2,22,3132,0,3.769151703408228
202409,P065,1,7,5,1.0,4.078191703161556,0.0,0.0,0.0,1256042.4208773808,646701.9092343283,550796.7280945627,81075.11742344634,515139.90631397127,2195322.7336204983,0.0,5245078.815564187,667437.7847355353,128215761.374386,0.0859829012222704,38.04660436749582,3,3,20,3028,0,52.4846339619922
202410,P065,1,7,5,1.0,10.321427219951296,8757836.10935998,8453616.808340114,5536526.003201346,1848211.3484339549,1126003.033994869,993267.1428581,175163.02734690544,832818.9099417486,2151735.1343380413,0.0,7127198.596913619,971657.0857554022,128002220.70283392,0.0875051776022636,34.82108869114591,10,6,8,1316,0,34.108335253524075
202411,P065,1,7,5,1.0,17.035201066549657,9417894.113667792,8908576.01684535,0.0,2391924.528072892,1779677.456031249,1818747.099481617,369972.8857718585,1111926.673596925,2237048.266638229,0.0,9709296.90959277,1480975.1825778484,129752674.94588844,0.075026640707661,54.93189926084138,7,3,27,4332,0,43.94365338569835
202412,P065,1,7,5,1.0,26.06722606482414,12669871.9690786,12048399.532401215,7891138.446856478,2866009.4081736617,2760627.565546703,2504803.5485580144,606570.5706015977,1408704.0410395362,2224334.795896514,0.0,12371049.929816026,2102447.61925523,131310693.51512256,0.0639199281067428,34.71647990234817,19,2,31,5321,0,9.84657690539072
202501,P065,1,7,5,1.0,40.11256142204064,19702403.477924693,18140601.87733186,9338376.699924588,2265636.9579653507,3690778.746454791,3467755.4143601586,768894.114757087,1546582.8553574744,2098674.0030735265,0.0,13838322.091968387,3664249.219848059,128092481.02350846,0.0868617350523513,63.93685605854,14,5,30,5008,0,67.8580990975321
202502,P065,1,7,5,1.0,56.25364427913148,22642259.43580757,22966365.69033736,13006807.03839104,1870076.676707045,4178832.934896912,4134182.49165212,773844.4849844798,1933875.8923965995,2148880.492182928,0.0,15039692.972820085,3340142.9653182626,123167357.89933528,0.1219716677222921,33.04660175077796,28,4,10,1644,0,56.23525677278189
202503,P065,1,7,5,1.0,70.43483869080019,19892982.758438032,21244894.749133613,19386379.430668324,1476386.751957956,4059280.886042808,4443314.587583785,710872.3599553999,1717225.961611397,2018086.091768658,0.0,14425166.638920004,1988230.9746226813,119731327.09478047,0.1464662452502423,49.77454951701167,17,8,49,7118,0,38.71461364965676
202504,P065,1,7,5,1.0,83.55308406847061,18401907.592792764,18922506.30376092,23312770.24741089,943954.1446725175,3731727.397026473,4541705.41674481,605050.2974963553,1848292.717633636,2112736.9927409007,0.0,13783466.966314694,1467632.26365453,116681848.27409682,0.168205193368537,39.629475074127086,18,9,10,1696,0,78.02648227270578
202505,P065,1,7,5,1.0,91.80043806547064,11569157.442059966,11404114.827221502,22091716.362763003,566348.1083594279,2864782.5137058846,4488369.352525808,341158.3391263513,1431854.1684924983,2128445.253243629,0.0,11820957.735453598,1632674.878492996,117787506.15423869,0.1603232434661603,36.81562619191829,23,2,26,4112,0,46.75781812680491
202506,P065,1,7,5,1.0,97.9586034091269,8638502.050586404,9031786.750863036,19448391.141885616,220008.3293240257,2235138.7658706466,3960150.0430964623,196367.8251191253,1164947.1013115048,2192387.9221956367,0.0,9968999.986917404,1239390.178216368,119755565.68924044,0.1462934545609445,38.5158137012965,7,4,35,5827,0,48.65763003696076
202507,P065,1,7,5,1.0,100.0,2863614.023368744,4442476.716932971,12494555.146153076,108714.29305364427,1473998.930029506,3310915.442949783,91964.33977251052,931141.3125760776,2142961.479666106,0.0,8059695.798047628,-339472.5153478682,125162995.48745668,0.1077452819881673,39.31668457939709,5,4,29,4242,0,69.82186558078882
202309,P066,1,3,2,1.0,1.9376443736809827,6763125.743761278,0.0,0.0,3741256.036963297,965767.9150195736,334504.5458297858,51304.00110639085,77861.70908925036,1375391.4916443883,0.0,6546085.699652687,6763125.743761278,312754062.8757246,0.1039555181477538,42.0134260909942,1,10,16,2718,0,58.75020287153984
202310,P066,1,3,2,1.0,4.47919805164285,8871001.997090448,0.0,0.0,4811034.019896102,1294184.961089447,552200.9871149169,101191.1837986926,84053.12701243156,1382598.6099266876,0.0,8225262.888838276,15634127.740851726,312873607.16201204,0.1036130222035608,81.97404121850096,4,10,16,2537,1,59.71049661734507
202311,P066,1,3,2,1.0,4.47919805164285,0.0,6665589.926245057,0.0,5892782.97922056,2147105.9253036333,871398.0539147705,200990.6044009548,132453.32231344888,1357307.24513773,0.0,10602038.130291097,8968537.81460667,323475645.29230314,0.0732380442554428,62.95372026290544,18,14,17,2471,0,46.05283863456185
202312,P066,1,3,2,1.0,4.9975119893306825,1809115.4305408143,8409731.438013861,0.0,8409352.906516697,3217511.136362358,1217313.0807714292,277966.36818039947,177984.43888644187,1339326.3486837638,0.0,14639454.27940109,2367921.8071336225,336463160.19467604,0.0360286441464847,53.865824748741424,11,23,20,3386,0,60.473010825857855
202401,P066,1,3,2,1.0,9.527600105089023,15811753.680573216,0.0,6678725.175618668,9477156.107638055,4918060.668480826,1865875.745795678,563596.0521787073,193922.1136780194,1383186.3315482496,0.0,18401797.01931953,18179675.48770684,340442897.2365565,0.0246266454552098,51.94945462190435,3,19,11,1615,0,59.58476811359135
202402,P066,1,3,2,1.0,17.055081880923108,26273812.92219475,1579650.7692496406,8428182.391351264,10124926.063167248,5055274.105018519,2510736.0076606683,597835.0862554847,214743.93814469405,1407653.45253305,0.0,19911168.652779665,42873837.64065194,336452826.9917542,0.0360582489080436,65.21524023258003,3,14,8,1127,0,44.63427589194296
202403,P066,1,3,2,1.0,21.616957491598683,15922704.290563632,13945412.105931114,0.0,11411195.292254005,6693545.339358449,3388457.119671908,883163.0406593946,272315.2529066692,1392454.493787776,0.0,24041130.5386382,44851129.82528446,346047608.78692824,0.0085690735378156,55.66852356172746,11,26,24,3686,0,83.00470304237528
202404,P066,1,3,2,1.0,32.0107095230349,36278200.93969974,23470024.442260567,1572388.9605761473,10093347.872153897,8048893.802622982,3893839.926757925,1116274.7212482071,257735.7223191033,1371696.7965934102,0.0,24781788.84169552,57659306.32272363,338023448.7026678,0.0315583971580739,67.04778445232665,25,28,21,3042,0,1.1880177347209169
202405,P066,1,3,2,1.0,42.51168488107909,36652451.679600224,15616096.732124647,14306540.909553977,11690550.680758884,8736736.735570358,4607314.837246605,1030861.968962208,353150.93988266686,1381449.2939410333,0.0,27800064.456361752,78695661.27019921,332832329.24871737,0.0464310223082591,54.17139630265185,17,13,13,2066,1,24.929113331132008
202406,P066,1,3,2,1.0,53.390284461712575,37970505.77453706,32725186.57008899,23352552.14231189,9048250.089619547,9463528.493325396,5003782.681604851,1403091.1077398425,368883.7790500581,1392765.786452305,0.0,26680301.937792003,83940980.47464728,325497442.77681017,0.0674455680114646,51.85844869756636,62,18,13,2063,0,19.388372598563784
202407,P066,1,3,2,1.0,69.22938380735614,55284562.01641012,31389628.73759532,15778272.94642311,6427537.005903574,10281483.2837559,4865115.628815741,1186725.633538564,313348.26333054865,1376476.6914455495,0.0,24450686.506789874,107835913.75346208,300717925.0764978,0.138439210409478,51.67800843080821,33,12,25,3598,0,39.5000868626682
202408,P066,1,3,2,1.0,76.54786874913485,25544333.411938,35537202.612517975,27218751.10609593,6093160.42799199,8221949.4999579135,6103988.753467964,1124891.1118784454,343933.6367016152,1373596.4383341882,0.0,23261519.86833212,97843044.55288208,301350868.50141305,0.1366258192163943,48.025389481301126,37,12,21,3540,0,34.74140976073052
202409,P066,1,3,2,1.0,85.24517756013525,30356960.19356488,45549532.3454992,31524749.633166663,3238539.6659245635,7824451.927112484,5199844.878032584,864725.1516169906,451730.2970575398,1449151.839527466,0.0,19028443.75927163,82650472.40094778,293638736.25739336,0.1587211789921505,67.41671214511784,36,9,31,5355,0,40.19020238105277
202410,P066,1,3,2,1.0,91.8826315009122,23167272.709914293,23679649.61545819,37003310.1491544,2763118.0933438702,8239572.623273995,5843286.883326258,575013.58827659,308040.87888914725,1401564.966956762,0.0,19130597.03406662,82138095.49540386,292405085.48643327,0.1622556045906145,63.255497776217766,37,6,26,4096,0,24.893971348877223
202411,P066,1,3,2,1.0,95.40726217750142,12302319.656731753,26195065.108115755,47654737.27143335,1933491.4600792853,5606506.095134815,5525228.534000241,440488.9695073483,303405.03946908726,1398404.5614050324,0.0,15207524.65959581,68245350.04401982,296798756.9487503,0.1496676783693482,62.61670876176084,40,4,59,8594,0,41.38222833116853
202412,P066,1,3,2,1.0,95.77036289859952,1267361.47653956,21735549.98076772,25039034.072542205,803793.3446325302,4633609.533002734,4439198.85748122,242099.28782141785,282878.55795080913,1388992.5973639174,0.0,11790572.17825263,47777161.53979164,307475306.6225002,0.1190792238743978,60.48950332509059,21,3,23,3423,0,56.53496836337699
202501,P066,1,3,2,1.0,95.77036289859952,0.0,11030604.56151796,28192701.561585627,555256.2232476481,3796364.873632745,4235975.924928562,194901.85315985663,200408.503674823,1392359.576140466,0.0,10375266.9547841,36746556.97827369,317850573.57728434,0.0893539483109196,74.98753393280015,15,2,37,5359,0,39.3408485554381
202502,P066,1,3,2,1.0,100.0,14763063.82935832,17519920.15118558,20962931.38032488,283423.77773910767,2789323.854650115,2644724.355397554,89095.07153857144,138661.9363194078,1402358.899271082,0.0,7347587.894915839,33989700.65644646,312221291.3007784,0.1054819156801433,43.203131017729646,14,2,37,5603,0,42.85240959940302
